x_cm,y_cm,z_cm
0.0,0.0,0.0,False
0.0,0.0,0.34998655319213867,False
0.0,0.0,0.549659252166748,False
0.0,0.0,0.6220121383666992,False
0.0,0.0,0.6931037902832031,False
0.0,0.0,0.7632780075073242,False
0.0,0.0,0.8323845863342285,False
0.0,0.0,0.8955578804016113,False
0.0,0.0,0.9796543121337891,False
0.0,0.0,1.0777745246887207,False
0.0,0.0,1.1513910293579102,False
0.0,0.0,1.1944539546966553,False
0.0,0.0,1.2340214252471924,False
0.0,0.0,1.2911581993103027,False
0.0,0.0,1.3357534408569336,False
0.0,0.0,1.3688297271728516,False
0.0,0.0,1.3688297271728516,False
0.0,0.0,1.3688297271728516,False
0.0,0.0,1.3688297271728516,False
0.0,0.0,1.3688297271728516,False
0.0,0.0,1.3688297271728516,False
0.03754615783691406,0.0,1.3688297271728516,False
0.08215856552124023,0.0,1.3688297271728516,False
0.11922979354858398,0.0,1.3688297271728516,False
0.15074706077575684,0.0,1.3688297271728516,False
0.19386005401611328,0.0,1.3688297271728516,False
0.23392128944396973,0.0,1.3688297271728516,False
0.2705113887786865,0.0,1.3688297271728516,False
0.3030562400817871,0.0,1.3688297271728516,False
0.34121036529541016,0.0,1.3688297271728516,False
0.3782613277435303,0.0,1.3688297271728516,False
0.42437052726745605,0.0,1.3688297271728516,False
0.4631617069244385,0.0,1.3688297271728516,False
0.4992542266845703,0.0,1.3688297271728516,False
0.5357692241668701,0.0,1.3688297271728516,False
0.5793507099151611,0.0,1.3688297271728516,False
0.6244797706604004,0.0,1.3688297271728516,False
0.6671006679534912,0.0,1.3688297271728516,False
0.7064900398254395,0.0,1.3688297271728516,False
0.749098539352417,0.0,1.3688297271728516,False
0.7856235504150391,0.0,1.3688297271728516,False
0.8187143802642822,0.0,1.3688297271728516,False
0.8562653064727783,0.0,1.3688297271728516,False
0.8978936672210693,0.0,1.3688297271728516,False
0.9374446868896484,0.0,1.3688297271728516,False
0.9704875946044922,0.0,1.3688297271728516,False
1.007075309753418,0.0,1.3688297271728516,False
1.0426745414733887,0.0,1.3688297271728516,False
1.0782999992370605,0.0,1.3688297271728516,False
1.1158320903778076,0.0,1.3688297271728516,False
1.1537554264068604,0.0,1.3688297271728516,False
1.1913866996765137,0.0,1.3688297271728516,False
1.228440284729004,0.0,1.3688297271728516,False
1.2672145366668701,0.0,1.3688297271728516,False
1.313795566558838,0.0,1.3688297271728516,False
1.3595051765441895,0.0,1.3688297271728516,False
1.4030787944793701,0.0,1.3688297271728516,False
1.440833330154419,0.0,1.3688297271728516,False
1.4743843078613281,0.0,1.3688297271728516,False
1.5099561214447021,0.0,1.3688297271728516,False
1.5465161800384521,0.0,1.3688297271728516,False
1.584599256515503,0.0,1.3688297271728516,False
1.6233854293823242,0.0,1.3688297271728516,False
1.6559243202209473,0.0,1.3688297271728516,False
1.6925668716430664,0.0,1.3688297271728516,False
1.7576303482055664,0.0,1.3688297271728516,False
1.8257145881652832,0.0,1.3688297271728516,False
1.901810646057129,0.0,1.3688297271728516,False
1.9910931587219238,0.0,1.3688297271728516,False
2.0602054595947266,0.0,1.3688297271728516,False
2.1254477500915527,0.0,1.3688297271728516,False
2.1985669136047363,0.0,1.3688297271728516,False
2.259687900543213,0.0,1.3688297271728516,False
2.349943161010742,0.0,1.3688297271728516,False
2.3960225582122803,0.0,1.3688297271728516,False
2.432098627090454,0.0,1.3688297271728516,False
2.4635887145996094,0.0,1.3688297271728516,False
2.4996654987335205,0.0,1.3688297271728516,False
2.5347468852996826,0.0,1.3688297271728516,False
2.5790910720825195,0.0,1.3688297271728516,False
2.628192663192749,0.0,1.3688297271728516,False
2.628192663192749,0.0,1.3688297271728516,False
2.628192663192749,0.0,1.3688297271728516,False
2.628192663192749,0.0,1.3688297271728516,False
2.628192663192749,0.0,1.3688297271728516,False
2.628192663192749,0.0,1.3688297271728516,False
2.628192663192749,0.0,1.3688297271728516,False
2.628192663192749,0.0,1.3688297271728516,False
2.628192663192749,0.0,1.3688297271728516,False
2.628192663192749,0.0,1.3688297271728516,False
2.628192663192749,0.0,1.3688297271728516,False
2.628192663192749,0.0,1.3688297271728516,False
2.628192663192749,0.0,1.3688297271728516,False
2.628192663192749,0.0,1.3688297271728516,False
2.628192663192749,0.0,1.3688297271728516,False
2.628192663192749,0.0,1.3688297271728516,False
2.628192663192749,0.0,1.3688297271728516,False
2.628192663192749,0.0,1.3688297271728516,False
2.628192663192749,0.0,1.3688297271728516,False
2.628192663192749,0.0,1.3688297271728516,False
2.628192663192749,0.0,1.3688297271728516,False
2.628192663192749,0.0,1.3688297271728516,False
2.628192663192749,0.0,1.3688297271728516,False
2.628192663192749,0.0,1.403369426727295,False
2.628192663192749,0.0,1.4369397163391113,False
2.628192663192749,0.0,1.472477674484253,False
2.628192663192749,0.0,1.472477674484253,False
2.628192663192749,0.0,1.472477674484253,False
2.628192663192749,0.0,1.472477674484253,False
2.5941288471221924,0.0,1.472477674484253,False
2.5610668659210205,0.0,1.472477674484253,False
2.527510166168213,0.0,1.472477674484253,False
2.4969582557678223,0.0,1.472477674484253,False
2.4623537063598633,0.0,1.472477674484253,False
2.4172637462615967,0.0,1.472477674484253,False
2.3797032833099365,0.0,1.472477674484253,False
2.3491666316986084,0.0,1.472477674484253,False
2.306114912033081,0.0,1.472477674484253,False
2.306114912033081,0.0,1.472477674484253,False
2.306114912033081,0.0,1.472477674484253,False
2.306114912033081,0.0,1.472477674484253,False
2.306114912033081,0.0,1.472477674484253,False
2.306114912033081,0.0,1.472477674484253,False
2.306114912033081,0.0,1.5095269680023193,False
2.306114912033081,0.0,1.54457688331604,False
2.306114912033081,0.0,1.5816292762756348,False
2.306114912033081,0.0,1.6198625564575195,False
2.306114912033081,0.0,1.6559159755706787,False
2.306114912033081,0.0,1.689476728439331,False
2.306114912033081,0.0,1.7280733585357666,False
2.306114912033081,0.0,1.758629322052002,False
2.306114912033081,0.0,1.802234172821045,False
2.306114912033081,0.0,1.8459196090698242,False
2.306114912033081,0.0,1.8820064067840576,False
2.306114912033081,0.0,1.9170708656311035,False
2.306114912033081,0.0,1.9486103057861328,False
2.306114912033081,0.0,1.9826850891113281,False
2.306114912033081,0.0,2.0272717475891113,False
2.306114912033081,0.0,2.0682733058929443,False
2.306114912033081,0.0,2.0998148918151855,False
2.306114912033081,0.0,2.134375810623169,False
2.306114912033081,0.0,2.168476104736328,False
2.306114912033081,0.0,2.2080881595611572,False
2.306114912033081,0.0,2.233665704727173,False
2.306114912033081,0.0,2.263279676437378,False
2.306114912033081,0.0,2.292360544204712,False
2.306114912033081,0.0,2.3198916912078857,False
2.306114912033081,0.0,2.3454461097717285,False
2.306114912033081,0.0,2.3732941150665283,False
2.306114912033081,0.0,2.4024510383605957,False
2.306114912033081,0.0,2.4259862899780273,False
2.306114912033081,0.0,2.4605517387390137,False
2.306114912033081,0.0,2.498753309249878,False
2.306114912033081,0.0,2.525855302810669,False
2.306114912033081,0.0,2.5594022274017334,False
2.306114912033081,0.0,2.5889432430267334,False
2.306114912033081,0.0,2.5889432430267334,False
2.306114912033081,0.0,2.5889432430267334,False
2.306114912033081,0.0,2.5889432430267334,False
2.306114912033081,0.0,2.5889432430267334,False
2.306114912033081,0.0,2.5889432430267334,False
2.306114912033081,0.0,2.5889432430267334,False
2.306114912033081,0.0,2.5889432430267334,False
2.306114912033081,0.0,2.5889432430267334,False
2.306114912033081,0.0,2.5889432430267334,False
2.306114912033081,0.0,2.5889432430267334,False
2.306114912033081,0.0,2.5889432430267334,False
2.306114912033081,0.0,2.5889432430267334,False
2.306114912033081,0.0,2.5889432430267334,False
2.306114912033081,0.0,2.5889432430267334,False
2.306114912033081,0.0,2.5889432430267334,False
2.306114912033081,0.0,2.5889432430267334,False
2.306114912033081,0.0,2.5889432430267334,False
2.306114912033081,0.0,2.5889432430267334,False
2.306114912033081,0.0,2.5889432430267334,False
2.306114912033081,0.0,2.5889432430267334,False
2.306114912033081,0.0,2.5889432430267334,False
2.306114912033081,0.0,2.5889432430267334,False
2.306114912033081,0.0,2.5889432430267334,False
2.306114912033081,0.0,2.5889432430267334,False
2.306114912033081,0.0,2.5889432430267334,False
2.306114912033081,0.0,2.5889432430267334,False
2.306114912033081,0.0,2.5889432430267334,False
2.306114912033081,0.0,2.5889432430267334,False
2.306114912033081,0.0,2.5889432430267334,False
2.306114912033081,0.0,2.5889432430267334,False
2.306114912033081,0.0,2.5889432430267334,False
2.306114912033081,0.0,2.5889432430267334,False
2.306114912033081,0.0,2.5889432430267334,False
2.306114912033081,0.0,2.5889432430267334,False
2.306114912033081,0.0,2.5889432430267334,False
2.306114912033081,0.0,2.5889432430267334,False
2.306114912033081,0.0,2.5889432430267334,False
2.306114912033081,0.0,2.5889432430267334,False
2.306114912033081,0.0,2.5889432430267334,False
2.306114912033081,0.0,2.5889432430267334,False
2.306114912033081,0.0,2.552889823913574,False
2.306114912033081,0.0,2.516019105911255,False
2.306114912033081,0.0,2.4677822589874268,False
2.306114912033081,0.0,2.4241199493408203,False
2.306114912033081,0.0,2.39103627204895,False
2.306114912033081,0.0,2.39103627204895,False
2.306114912033081,0.0,2.39103627204895,False
2.306114912033081,0.0,2.39103627204895,False
2.306114912033081,0.0,2.39103627204895,False
2.306114912033081,0.0,2.39103627204895,False
2.306114912033081,0.0,2.39103627204895,False
2.306114912033081,0.0,2.39103627204895,False
2.306114912033081,0.0,2.39103627204895,False
2.306114912033081,0.0,2.39103627204895,False
2.306114912033081,0.0,2.39103627204895,False
2.306114912033081,0.0,2.39103627204895,False
2.306114912033081,0.0,2.39103627204895,False
2.306114912033081,0.0,2.39103627204895,False
2.306114912033081,0.0,2.39103627204895,False
2.306114912033081,0.0,2.39103627204895,False
2.306114912033081,0.0,2.39103627204895,False
2.306114912033081,0.0,2.39103627204895,False
2.306114912033081,0.0,2.39103627204895,False
2.306114912033081,0.0,2.39103627204895,False
2.306114912033081,0.0,2.39103627204895,False
2.306114912033081,0.0,2.39103627204895,False
2.306114912033081,0.0,2.39103627204895,False
2.306114912033081,0.0,2.39103627204895,False
2.306114912033081,0.0,2.39103627204895,False
2.306114912033081,0.0,2.39103627204895,False
2.306114912033081,0.0,2.39103627204895,False
2.306114912033081,0.0,2.39103627204895,False
2.306114912033081,0.0,2.428102970123291,False
2.306114912033081,0.0,2.464157819747925,False
2.306114912033081,0.0,2.52083420753479,False
2.306114912033081,0.0,2.5538837909698486,False
2.306114912033081,0.0,2.5894503593444824,False
2.306114912033081,0.0,2.629002094268799,False
2.306114912033081,0.0,2.6605477333068848,False
2.306114912033081,0.0,2.7031500339508057,False
2.306114912033081,0.0,2.7412219047546387,False
2.306114912033081,0.0,2.776273727416992,False
2.306114912033081,0.0,2.8098719120025635,False
2.342679023742676,0.0,2.846436023712158,False
2.3772265911102295,0.0,2.880983591079712,False
2.420931339263916,0.0,2.9246883392333984,False
2.460001230239868,0.0,2.9637582302093506,False
2.5010743141174316,0.0,3.004831314086914,False
2.5377230644226074,0.0,3.04148006439209,False
2.577310562133789,0.0,3.0810675621032715,False
2.620399236679077,0.0,3.1241562366485596,False
2.653944253921509,0.0,3.157701253890991,False
2.688481330871582,0.0,3.1922383308410645,False
2.720529794692993,0.0,3.2242867946624756,False
2.7916152477264404,0.0,3.259829521179199,False
2.858844518661499,0.0,3.2934441566467285,False
2.9289705753326416,0.0,3.3285071849823,False
3.005131483078003,0.0,3.3665876388549805,False
3.0701730251312256,0.0,3.399108409881592,False
3.1442677974700928,0.0,3.4361557960510254,False
3.2163755893707275,0.0,3.4722096920013428,False
3.2875072956085205,0.0,3.5077755451202393,False
3.3546359539031982,0.0,3.541339874267578,False
3.4397990703582764,0.0,3.583921432495117,False
3.519907236099243,0.0,3.6239755153656006,False
3.5829946994781494,0.0,3.6555192470550537,False
3.6533076763153076,0.0,3.690675735473633,False
3.716381311416626,0.0,3.722212553024292,False
3.799570322036743,0.0,3.7638070583343506,False
3.872636079788208,0.0,3.800339937210083,False
3.952836751937866,0.0,3.840440273284912,False
4.0139219760894775,0.0,3.8709828853607178,False
4.088052988052368,0.0,3.908048391342163,False
4.160256624221802,0.0,3.94415020942688,False
4.24039626121521,0.0,3.984220027923584,False
4.321522951126099,0.0,4.024783372879028,False
4.384612798690796,0.0,4.056328296661377,False
4.453697919845581,0.0,4.0908708572387695,False
4.526842832565308,0.0,4.127443313598633,False
4.589892148971558,0.0,4.158967971801758,False
4.668048620223999,0.0,4.1980462074279785,False
4.74917197227478,0.0,4.238607883453369,False
4.823271989822388,0.0,4.275657892227173,False
4.907527685165405,0.0,4.317785739898682,False
4.988485097885132,0.0,4.358264446258545,False
5.083656072616577,0.0,4.405849933624268,False
5.167945623397827,0.0,4.447994709014893,False
5.238192319869995,0.0,4.483118057250977,False
5.311261892318726,0.0,4.519652843475342,False
5.3723437786102295,0.0,4.550193786621094,False
5.446557283401489,0.0,4.587300539016724,False
5.5276525020599365,0.0,4.627848148345947,False
5.596754312515259,0.0,4.662399053573608,False
5.67992901802063,0.0,4.703986406326294,False
5.751197099685669,0.0,4.7396204471588135,False
5.821293592453003,0.0,4.7746686935424805,False
5.888399839401245,0.0,4.808221817016602,False
5.95954442024231,0.0,4.843794107437134,False
6.02864146232605,0.0,4.878342628479004,False
6.112778902053833,0.0,4.9204113483428955,False
6.183678388595581,0.0,4.9558610916137695,False
6.252768278121948,0.0,4.990406036376953,False
6.327913522720337,0.0,5.0279786586761475,False
6.391005277633667,0.0,5.0595245361328125,False
6.475138902664185,0.0,5.101591348648071,False
6.5683753490448,0.0,5.148209571838379,False
6.6484997272491455,0.0,5.188271760940552,False
6.711578130722046,0.0,5.219810962677002,False
6.782732248306274,0.0,5.255388021469116,False
6.858628988265991,0.0,5.293336391448975,False
6.947812795639038,0.0,5.337928295135498,False
7.012897729873657,0.0,5.370470762252808,False
7.08500075340271,0.0,5.406522274017334,False
7.157080888748169,0.0,5.4425623416900635,False
7.22522759437561,0.0,5.476635694503784,False
7.294306039810181,0.0,5.511174917221069,False
7.357409715652466,0.0,5.542726755142212,False
7.428178071975708,0.0,5.578110933303833,False
7.512322664260864,0.0,5.620183229446411,False
7.579454183578491,0.0,5.653748989105225,False
7.652548551559448,0.0,5.690296173095703,False
7.71363377571106,0.0,5.720838785171509,False
7.784754037857056,0.0,5.756398916244507,False
7.864932298660278,0.0,5.796488046646118,False
7.9520180225372314,0.0,5.840030908584595,False
8.017102479934692,0.0,5.872573137283325,False
8.087218523025513,0.0,5.907631158828735,False
8.169475317001343,0.0,5.94875955581665,False
8.246690034866333,0.0,5.9873669147491455,False
8.33295226097107,0.0,6.030498027801514,False
8.428427934646606,0.0,6.078235864639282,False
8.500920534133911,0.0,6.114482164382935,False
8.572086572647095,0.0,6.150065183639526,False
8.644414186477661,0.0,6.18622899055481,False
8.707555055618286,0.0,6.217799425125122,False
8.803940534591675,0.0,6.265992164611816,False
8.868344068527222,0.0,6.29819393157959,False
8.945518732070923,0.0,6.33678126335144,False
9.030856370925903,0.0,6.379450082778931,False
9.122009515762329,0.0,6.4250266551971436,False
9.20339846611023,0.0,6.465721130371094,False
9.296584367752075,0.0,6.512314081192017,False
9.384510278701782,0.0,6.55627703666687,False
9.458599328994751,0.0,6.5933215618133545,False
9.528709173202515,0.0,6.628376483917236,False
9.591788530349731,0.0,6.659916162490845,False
9.657883405685425,0.0,6.692963600158691,False
9.722970724105835,0.0,6.7255072593688965,False
9.819815874099731,0.0,6.773929834365845,True
9.82582402229309,0.0,6.776933908462524,True
9.831823110580444,0.0,6.779933452606201,True
9.838924169540405,0.0,6.783483982086182,True
9.8448965549469,0.0,6.786470174789429,True
9.8549063205719,0.0,6.791475057601929,True
9.861956357955933,0.0,6.795000076293945,True
9.867959260940552,0.0,6.798001527786255,True
9.873953104019165,0.0,6.8009984493255615,True
9.880990743637085,0.0,6.8045172691345215,True
9.887051820755005,0.0,6.8075478076934814,True
9.893076181411743,0.0,6.810559988021851,True
9.8993661403656,0.0,6.813704967498779,True
9.905372381210327,0.0,6.816708087921143,True
9.911372423171997,0.0,6.8197081089019775,True
9.918431997299194,0.0,6.823237895965576,True
9.92442536354065,0.0,6.826234579086304,True
9.935440301895142,0.0,6.83174204826355,True
9.945962190628052,0.0,6.837002992630005,True
9.952089071273804,0.0,6.840066432952881,True
9.959258794784546,0.0,6.843651294708252,True
9.96511721611023,0.0,6.846580505371094,True
9.97125506401062,0.0,6.849649429321289,True
9.978121995925903,0.0,6.853082895278931,True
9.984308004379272,0.0,6.856175899505615,True
9.990151643753052,0.0,6.859097719192505,True
9.997345685958862,0.0,6.86269474029541,True
10.003373861312866,0.0,6.865708827972412,True
10.009516477584839,0.0,6.868780136108398,True
10.016709089279175,0.0,6.872376441955566,True
10.024749040603638,0.0,6.876396417617798,True
10.032740354537964,0.0,6.880392074584961,True
10.039004564285278,0.0,6.883524179458618,True
10.04509425163269,0.0,6.886569023132324,True
10.053118467330933,0.0,6.890581130981445,True
10.064181089401245,0.0,6.896112442016602,True
10.072162866592407,0.0,6.900103330612183,True
10.077275037765503,0.0,6.9026594161987305,True
10.08350396156311,0.0,6.905773878097534,True
10.091502904891968,0.0,6.909773349761963,True
10.098547220230103,0.0,6.91329550743103,True
10.104572534561157,0.0,6.916308164596558,True
10.1107919216156,0.0,6.919417858123779,True
10.117687463760376,0.0,6.922865629196167,True
10.123837232589722,0.0,6.92594051361084,True
10.132858514785767,0.0,6.930451154708862,True
10.14823317527771,0.0,6.938138484954834,True
10.161339044570923,0.0,6.94469141960144,False
10.297268629074097,0.0,7.012656211853027,False
10.378448247909546,0.0,7.053246021270752,False
10.415680408477783,0.0,7.090478181838989,False
10.44973349571228,0.0,7.124531269073486,False
10.499394178390503,0.0,7.174191951751709,False
10.537447690963745,0.0,7.212245464324951,False
10.571263074874878,0.0,7.246060848236084,False
10.571263074874878,0.0,7.314215660095215,False
10.571263074874878,0.0,7.3835625648498535,False
10.571263074874878,0.0,7.451687335968018,False
10.571263074874878,0.0,7.516772747039795,True
10.571263074874878,0.0,7.525796890258789,True
10.571263074874878,0.0,7.531805515289307,True
10.571263074874878,0.0,7.540842056274414,True
10.571263074874878,0.0,7.5508599281311035,True
10.571263074874878,0.0,7.558847904205322,True
10.571263074874878,0.0,7.569906711578369,True
10.571263074874878,0.0,7.5809245109558105,True
10.571263074874878,0.0,7.586953163146973,True
10.571263074874878,0.0,7.592953205108643,True
10.571263074874878,0.0,7.599960803985596,True
10.571263074874878,0.0,7.605994701385498,True
10.571263074874878,0.0,7.614212512969971,True
10.571263074874878,0.0,7.623205184936523,True
10.571263074874878,0.0,7.629222869873047,True
10.571263074874878,0.0,7.635219097137451,True
10.571263074874878,0.0,7.64021635055542,True
10.571263074874878,0.0,7.646250247955322,True
10.571263074874878,0.0,7.652243614196777,True
10.571263074874878,0.0,7.659261226654053,True
10.571263074874878,0.0,7.665295124053955,True
10.571263074874878,0.0,7.673288822174072,True
10.571263074874878,0.0,7.680314064025879,True
10.571263074874878,0.0,7.688315391540527,True
10.571263074874878,0.0,7.699343204498291,True
10.571263074874878,0.0,7.705373764038086,True
10.571263074874878,0.0,7.71137809753418,True
10.571263074874878,0.0,7.718424320220947,True
10.571263074874878,0.0,7.724477291107178,True
10.571263074874878,0.0,7.730451583862305,True
10.571263074874878,0.0,7.736461639404297,True
10.571263074874878,0.0,7.743474006652832,True
10.571263074874878,0.0,7.7494659423828125,True
10.571263074874878,0.0,7.755486488342285,True
10.571263074874878,0.0,7.764519214630127,True
10.571263074874878,0.0,7.770535945892334,True
10.571263074874878,0.0,7.776523590087891,True
10.571263074874878,0.0,7.783591270446777,True
10.571263074874878,0.0,7.789588928222656,True
10.571263074874878,0.0,7.795588493347168,True
10.571263074874878,0.0,7.802621841430664,True
10.571263074874878,0.0,7.80963134765625,True
10.571263074874878,0.0,7.815667629241943,True
10.571263074874878,0.0,7.820729732513428,True
10.571263074874878,0.0,7.826757431030273,True
10.571263074874878,0.0,7.832746505737305,True
10.571263074874878,0.0,7.839775562286377,True
10.571263074874878,0.0,7.8477983474731445,True
10.571263074874878,0.0,7.853808879852295,True
10.571263074874878,0.0,7.860849857330322,True
10.571263074874878,0.0,7.8668718338012695,True
10.571263074874878,0.0,7.872868061065674,True
10.571263074874878,0.0,7.878859043121338,False
10.571263074874878,0.0,7.959033966064453,False
10.571263074874878,0.0,8.06022834777832,False
10.571263074874878,0.0,8.156388759613037,False
10.571263074874878,0.0,8.229490756988525,False
10.571263074874878,0.0,8.301584243774414,False
10.571263074874878,0.0,8.364675045013428,False
10.571263074874878,0.0,8.476941108703613,False
10.571263074874878,0.0,8.573094367980957,False
10.571263074874878,0.0,8.684708595275879,False
10.571263074874878,0.0,8.792403936386108,False
10.571263074874878,0.0,8.90354037284851,False
10.571263074874878,0.0,8.999691486358643,False
10.571263074874878,0.0,9.113853454589844,False
10.571263074874878,0.0,9.236780881881714,False
10.571263074874878,0.0,9.341910600662231,False
10.571263074874878,0.0,9.446361541748047,False
10.571263074874878,0.0,9.540997743606567,False
10.571263074874878,0.0,9.65016222000122,True
10.571263074874878,0.0,9.659200191497803,True
10.571263074874878,0.0,9.668197393417358,True
10.571263074874878,0.0,9.681734323501587,True
10.571263074874878,0.0,9.696730375289917,True
10.571263074874878,0.0,9.705732583999634,True
10.571263074874878,0.0,9.71926736831665,True
10.571263074874878,0.0,9.728286027908325,True
10.571263074874878,0.0,9.741800785064697,True
10.571263074874878,0.0,9.753852128982544,True
10.571263074874878,0.0,9.765862703323364,True
10.571263074874878,0.0,9.779435396194458,True
10.571263074874878,0.0,9.794458627700806,True
10.571263074874878,0.0,9.819021940231323,True
10.571263074874878,0.0,9.834233283996582,True
10.571263074874878,0.0,9.847865343093872,True
10.571263074874878,0.0,9.856848955154419,True
10.571263074874878,0.0,9.873439311981201,True
10.571263074874878,0.0,9.893055200576782,True
10.571263074874878,0.0,9.911060333251953,True
10.571263074874878,0.0,9.927665710449219,True
10.571263074874878,0.0,9.93966555595398,True
10.571263074874878,0.0,9.950179100036621,True
10.571263074874878,0.0,9.959232807159424,True
10.571263074874878,0.0,9.968235731124878,True
10.571263074874878,0.0,9.977238655090332,True
10.571263074874878,0.0,9.987760782241821,True
10.571263074874878,0.0,9.996766567230225,True
10.571263074874878,0.0,10.005754470825195,True
10.571263074874878,0.0,10.016317367553711,True
10.571263074874878,0.0,10.025309562683105,True
10.571263074874878,0.0,10.03430962562561,True
10.571263074874878,0.0,10.041918516159058,True
10.571263074874878,0.0,10.047941446304321,True
10.571263074874878,0.0,10.053934335708618,True
10.571263074874878,0.0,10.060996770858765,True
10.571263074874878,0.0,10.067016839981079,True
10.571263074874878,0.0,10.077022790908813,True
10.571263074874878,0.0,10.084068536758423,True
10.571263074874878,0.0,10.09006381034851,True
10.571263074874878,0.0,10.096068143844604,True
10.571263074874878,0.0,10.102355718612671,True
10.571263074874878,0.0,10.11035943031311,True
10.571263074874878,0.0,10.116356611251831,True
10.571263074874878,0.0,10.122496366500854,True
10.571263074874878,0.0,10.128490686416626,True
10.571263074874878,0.0,10.134556531906128,True
10.571263074874878,0.0,10.141570806503296,True
10.571263074874878,0.0,10.147580862045288,True
10.571263074874878,0.0,10.15758728981018,True
10.571263074874878,0.0,10.164658784866333,True
10.571263074874878,0.0,10.170644521713257,True
10.571263074874878,0.0,10.176656007766724,True
10.571263074874878,0.0,10.182768106460571,True
10.571263074874878,0.0,10.188752889633179,True
10.571263074874878,0.0,10.194838762283325,True
10.571263074874878,0.0,10.20188021659851,True
10.571263074874878,0.0,10.209896326065063,True
10.571263074874878,0.0,10.220952272415161,True
10.571263074874878,0.0,10.226975679397583,True
10.571263074874878,0.0,10.234987020492554,True
10.571263074874878,0.0,10.244064092636108,True
10.571263074874878,0.0,10.252028226852417,True
10.571263074874878,0.0,10.25803017616272,True
10.571263074874878,0.0,10.26909852027893,True
10.571263074874878,0.0,10.277064561843872,True
10.571263074874878,0.0,10.2900869846344,True
10.571263074874878,0.0,10.30512022972107,True
10.571263074874878,0.0,10.31316065788269,True
10.571263074874878,0.0,10.322182893753052,True
10.571263074874878,0.0,10.330184698104858,True
10.571263074874878,0.0,10.340170621871948,True
10.571263074874878,0.0,10.34921908378601,True
10.571263074874878,0.0,10.357196569442749,True
10.571263074874878,0.0,10.366246938705444,True
10.571263074874878,0.0,10.37422490119934,True
10.571263074874878,0.0,10.383307218551636,True
10.571263074874878,0.0,10.38930058479309,True
10.571263074874878,0.0,10.397316694259644,True
10.571263074874878,0.0,10.408406496047974,True
10.571263074874878,0.0,10.421383619308472,True
10.571263074874878,0.0,10.437412023544312,True
10.571263074874878,0.0,10.446488618850708,True
10.571263074874878,0.0,10.454468965530396,True
10.571263074874878,0.0,10.461490869522095,True
10.571263074874878,0.0,10.467526197433472,True
10.571263074874878,0.0,10.473525285720825,True
10.571263074874878,0.0,10.484553575515747,True
10.571263074874878,0.0,10.492592096328735,True
10.571263074874878,0.0,10.50055193901062,True
10.571263074874878,0.0,10.51158356666565,True
10.571263074874878,0.0,10.517571687698364,True
10.571263074874878,0.0,10.52465033531189,True
10.571263074874878,0.0,10.530648946762085,True
10.571263074874878,0.0,10.53665804862976,True
10.571263074874878,0.0,10.542746305465698,True
10.571263074874878,0.0,10.548744916915894,True
10.571263074874878,0.0,10.554805994033813,True
10.571263074874878,0.0,10.561822652816772,True
10.571263074874878,0.0,10.567854166030884,True
10.571263074874878,0.0,10.573850870132446,True
10.571263074874878,0.0,10.580894231796265,True
10.571263074874878,0.0,10.586931467056274,True
10.571263074874878,0.0,10.59492564201355,True
10.571263074874878,0.0,10.601929903030396,True
10.571263074874878,0.0,10.607943296432495,True
10.571263074874878,0.0,10.615936517715454,True
10.571263074874878,0.0,10.625001192092896,True
10.571263074874878,0.0,10.630979776382446,True
10.571263074874878,0.0,10.637006998062134,True
10.571263074874878,0.0,10.646034002304077,True
10.571263074874878,0.0,10.65202784538269,True
10.571263074874878,0.0,10.657564640045166,True
10.571263074874878,0.0,10.6615731716156,True
10.571263074874878,0.0,10.666085004806519,True
10.571263074874878,0.0,10.671100378036499,True
10.571263074874878,0.0,10.67409086227417,True
10.571263074874878,0.0,10.677643299102783,True
10.571263074874878,0.0,10.682653665542603,True
10.571263074874878,0.0,10.687203884124756,True
10.571263074874878,0.0,10.691197633743286,True
10.571263074874878,0.0,10.694203853607178,True
10.571263074874878,0.0,10.699265003204346,True
10.571263074874878,0.0,10.703264474868774,True
10.571263074874878,0.0,10.707648038864136,True
10.571263074874878,0.0,10.710648775100708,True
10.571263074874878,0.0,10.714648485183716,True
10.571263074874878,0.0,10.719165086746216,True
10.571263074874878,0.0,10.72417140007019,True
10.571263074874878,0.0,10.727395296096802,True
10.571263074874878,0.0,10.732406616210938,True
10.571263074874878,0.0,10.73793888092041,True
10.571263074874878,0.0,10.744963645935059,True
10.571263074874878,0.0,10.749492406845093,True
10.571263074874878,0.0,10.752482891082764,True
10.571263074874878,0.0,10.755491018295288,True
10.571263074874878,0.0,10.759995460510254,True
10.571263074874878,0.0,10.762992858886719,True
10.571263074874878,0.0,10.76751708984375,True
10.571263074874878,0.0,10.772517919540405,True
10.571263074874878,0.0,10.775521993637085,True
10.571263074874878,0.0,10.779025316238403,True
10.571263074874878,0.0,10.7820303440094,True
10.571263074874878,0.0,10.785030364990234,True
10.571263074874878,0.0,10.787543773651123,True
10.571263074874878,0.0,10.790546894073486,True
10.571263074874878,0.0,10.793547868728638,True
10.571263074874878,0.0,10.797094345092773,True
10.571263074874878,0.0,10.800094604492188,True
10.571263074874878,0.0,10.803098440170288,True
10.571263074874878,0.0,10.808175563812256,True
10.571263074874878,0.0,10.8121657371521,True
10.571263074874878,0.0,10.815176248550415,True
10.571263074874878,0.0,10.818683385848999,True
10.571263074874878,0.0,10.821680545806885,True
10.571263074874878,0.0,10.826199769973755,True
10.571263074874878,0.0,10.829208135604858,True
10.571263074874878,0.0,10.832215547561646,True
10.571263074874878,0.0,10.835208654403687,True
10.571263074874878,0.0,10.838531732559204,True
10.571263074874878,0.0,10.84152603149414,True
10.571263074874878,0.0,10.844531774520874,True
10.571263074874878,0.0,10.848050117492676,True
10.571263074874878,0.0,10.853049755096436,True
10.571263074874878,0.0,10.856560468673706,True
10.571263074874878,0.0,10.860586404800415,True
10.571263074874878,0.0,10.864585399627686,True
10.571263074874878,0.0,10.87311315536499,True
10.571263074874878,0.0,10.878630876541138,True
10.571263074874878,0.0,10.881643056869507,True
10.571263074874878,0.0,10.887180805206299,True
10.571263074874878,0.0,10.891200065612793,True
10.571263074874878,0.0,10.895190715789795,True
10.571263074874878,0.0,10.901247501373291,True
10.571263074874878,0.0,10.909751892089844,True
10.571263074874878,0.0,10.91375470161438,True
10.571263074874878,0.0,10.918285369873047,True
10.571263074874878,0.0,10.922290563583374,True
10.571263074874878,0.0,10.926810264587402,True
10.571263074874878,0.0,10.932826280593872,True
10.571263074874878,0.0,10.9403555393219,True
10.571263074874878,0.0,10.945358991622925,True
10.571263074874878,0.0,10.949867963790894,True
10.571263074874878,0.0,10.952873468399048,True
10.571263074874878,0.0,10.957386016845703,True
10.571263074874878,0.0,10.960391998291016,True
10.571263074874878,0.0,10.966895818710327,True
10.571263074874878,0.0,10.971916675567627,True
10.571263074874878,0.0,10.977453470230103,True
10.571263074874878,0.0,10.981479167938232,True
10.571263074874878,0.0,10.984469413757324,True
10.571263074874878,0.0,10.987993478775024,True
10.571263074874878,0.0,10.991995573043823,True
10.571263074874878,0.0,10.996521234512329,True
10.571263074874878,0.0,10.999544382095337,True
10.571263074874878,0.0,11.002529859542847,True
10.571263074874878,0.0,11.006052255630493,True
10.571263074874878,0.0,11.009082794189453,True
10.571263074874878,0.0,11.01307487487793,True
10.571263074874878,0.0,11.016597986221313,True
10.571263074874878,0.0,11.019603967666626,True
10.571263074874878,0.0,11.023597478866577,True
10.571263074874878,0.0,11.027138948440552,True
10.571263074874878,0.0,11.031146049499512,True
10.571263074874878,0.0,11.036655187606812,True
10.571263074874878,0.0,11.043657064437866,True
10.571263074874878,0.0,11.046175241470337,True
10.571263074874878,0.0,11.050188779830933,True
10.571263074874878,0.0,11.053191661834717,True
10.571263074874878,0.0,11.057697057723999,True
10.571263074874878,0.0,11.063698530197144,True
10.571263074874878,0.0,11.069218158721924,True
10.571263074874878,0.0,11.075213193893433,True
10.571263074874878,0.0,11.078730821609497,True
10.571263074874878,0.0,11.082736015319824,True
10.571263074874878,0.0,11.087290287017822,True
10.571263074874878,0.0,11.091293096542358,True
10.571263074874878,0.0,11.094291687011719,True
10.571263074874878,0.0,11.099438428878784,True
10.571263074874878,0.0,11.102442026138306,True
10.571263074874878,0.0,11.109978675842285,True
10.571263074874878,0.0,11.11498498916626,True
10.571263074874878,0.0,11.119508981704712,True
10.571263074874878,0.0,11.123502731323242,True
10.571263074874878,0.0,11.128028631210327,True
10.571263074874878,0.0,11.13302230834961,True
10.571263074874878,0.0,11.137547731399536,True
10.571263074874878,0.0,11.142544269561768,True
10.571263074874878,0.0,11.145545959472656,True
10.571263074874878,0.0,11.150058031082153,True
10.571263074874878,0.0,11.154053211212158,True
10.571263074874878,0.0,11.158211469650269,True
10.571263074874878,0.0,11.161201477050781,True
10.571263074874878,0.0,11.165200233459473,True
10.571263074874878,0.0,11.165200233459473,True
10.571263074874878,0.0,11.165200233459473,True
10.571263074874878,0.0,11.165200233459473,True
10.571263074874878,0.0,11.165200233459473,True
10.571263074874878,0.0,11.165200233459473,True
10.571263074874878,0.0,11.165200233459473,True
10.571263074874878,0.0,11.165200233459473,True
10.571263074874878,0.0,11.165200233459473,True
10.571263074874878,0.0,11.165200233459473,True
10.571263074874878,0.0,11.165200233459473,True
10.571263074874878,0.0,11.165200233459473,True
10.571263074874878,0.0,11.165200233459473,True
10.571263074874878,0.0,11.165200233459473,True
10.571263074874878,0.0,11.165200233459473,True
10.571263074874878,0.0,11.165200233459473,True
10.571263074874878,0.0,11.165200233459473,True
10.571263074874878,0.0,11.165200233459473,True
10.571263074874878,0.0,11.165200233459473,True
10.571263074874878,0.0,11.165200233459473,True
10.571263074874878,0.0,11.165200233459473,True
10.571263074874878,0.0,11.165200233459473,True
10.571263074874878,0.0,11.165200233459473,True
10.571263074874878,0.0,11.165200233459473,True
10.571263074874878,0.0,11.165200233459473,True
10.571263074874878,0.0,11.165200233459473,True
10.571263074874878,0.0,11.165200233459473,True
10.571263074874878,0.0,11.165200233459473,True
10.571263074874878,0.0,11.165200233459473,True
10.571263074874878,0.0,11.165200233459473,True
10.571263074874878,0.0,11.165200233459473,True
10.571263074874878,0.0,11.165200233459473,True
10.571263074874878,0.0,11.165200233459473,True
10.571263074874878,0.0,11.165200233459473,True
10.571263074874878,0.0,11.165200233459473,True
10.571263074874878,0.0,11.165200233459473,True
10.571263074874878,0.0,11.165200233459473,True
10.571263074874878,0.0,11.165200233459473,True
10.571263074874878,0.0,11.165200233459473,True
10.571263074874878,0.0,11.165200233459473,True
10.571263074874878,0.0,11.165200233459473,True
10.571263074874878,0.0,11.165200233459473,True
10.571263074874878,0.0,11.165200233459473,True
10.571263074874878,0.0,11.165200233459473,True
10.571263074874878,0.0,11.165200233459473,True
10.571263074874878,0.0,11.165200233459473,True
10.571263074874878,0.0,11.165200233459473,True
10.571263074874878,0.0,11.165200233459473,True
10.571263074874878,0.0,11.165200233459473,True
10.571263074874878,0.0,11.165200233459473,True
10.571263074874878,0.0,11.165200233459473,True
10.571263074874878,0.0,11.165200233459473,True
10.571263074874878,0.0,11.165200233459473,True
10.571263074874878,0.0,11.165200233459473,True
10.571263074874878,0.0,11.165200233459473,True
10.571263074874878,0.0,11.165200233459473,True
10.571263074874878,0.0,11.165200233459473,True
10.571263074874878,0.0,11.165200233459473,True
10.571263074874878,0.0,11.165200233459473,True
10.571263074874878,0.0,11.165200233459473,True
10.571263074874878,0.0,11.165200233459473,True
10.571263074874878,0.0,11.165200233459473,True
10.571263074874878,0.0,11.165200233459473,True
10.571263074874878,0.0,11.165200233459473,True
10.571263074874878,0.0,11.165200233459473,True
10.571263074874878,0.0,11.165200233459473,True
10.571263074874878,0.0,11.165200233459473,True
10.571263074874878,0.0,11.165200233459473,True
10.571263074874878,0.0,11.165200233459473,True
10.571263074874878,0.0,11.165200233459473,True
10.571263074874878,0.0,11.165200233459473,True
10.571263074874878,0.0,11.165200233459473,True
10.571263074874878,0.0,11.165200233459473,True
10.571263074874878,0.0,11.165200233459473,True
10.571263074874878,0.0,11.165200233459473,True
10.571263074874878,0.0,11.165200233459473,True
10.571263074874878,0.0,11.165200233459473,True
10.571263074874878,0.0,11.165200233459473,True
10.571263074874878,0.0,11.165200233459473,True
10.571263074874878,0.0,11.165200233459473,True
10.571263074874878,0.0,11.165200233459473,True
10.571263074874878,0.0,11.165200233459473,True
10.571263074874878,0.0,11.165200233459473,True
10.571263074874878,0.0,11.165200233459473,True
10.571263074874878,0.0,11.165200233459473,True
10.571263074874878,0.0,11.165200233459473,True
10.571263074874878,0.0,11.165200233459473,True
10.571263074874878,0.0,11.165200233459473,True
10.571263074874878,0.0,11.165200233459473,True
10.571263074874878,0.0,11.165200233459473,True
10.571263074874878,0.0,11.165200233459473,True
10.571263074874878,0.0,11.165200233459473,True
10.571263074874878,0.0,11.165200233459473,True
10.571263074874878,0.0,11.165200233459473,True
10.571263074874878,0.0,11.165200233459473,True
10.571263074874878,0.0,11.165200233459473,True
10.571263074874878,0.0,11.165200233459473,True
10.571263074874878,0.0,11.165200233459473,True
10.571263074874878,0.0,11.165200233459473,True
10.571263074874878,0.0,11.165200233459473,True
10.571263074874878,0.0,11.165200233459473,True
10.571263074874878,0.0,11.165200233459473,True
10.571263074874878,0.0,11.165200233459473,True
10.571263074874878,0.0,11.165200233459473,True
10.571263074874878,0.0,11.165200233459473,True
10.571263074874878,0.0,11.165200233459473,True
10.571263074874878,0.0,11.165200233459473,True
10.571263074874878,0.0,11.165200233459473,True
10.571263074874878,0.0,11.165200233459473,True
10.571263074874878,0.0,11.165200233459473,True
10.571263074874878,0.0,11.165200233459473,True
10.571263074874878,0.0,11.165200233459473,True
10.571263074874878,0.0,11.165200233459473,True
10.571263074874878,0.0,11.165200233459473,True
10.571263074874878,0.0,11.165200233459473,True
10.571263074874878,0.0,11.165200233459473,True
10.571263074874878,0.0,11.165200233459473,True
10.571263074874878,0.0,11.165200233459473,True
10.571263074874878,0.0,11.165200233459473,True
10.571263074874878,0.0,11.165200233459473,True
10.571263074874878,0.0,11.165200233459473,True
10.571263074874878,0.0,11.165200233459473,True
10.571263074874878,0.0,11.165200233459473,True
10.571263074874878,0.0,11.165200233459473,True
10.571263074874878,0.0,11.165200233459473,True
10.571263074874878,0.0,11.165200233459473,True
10.571263074874878,0.0,11.165200233459473,True
10.571263074874878,0.0,11.165200233459473,True
10.571263074874878,0.0,11.165200233459473,True
10.571263074874878,0.0,11.165200233459473,True
10.571263074874878,0.0,11.165200233459473,True
10.571263074874878,0.0,11.165200233459473,True
10.571263074874878,0.0,11.165200233459473,True
10.571263074874878,0.0,11.165200233459473,True
10.571263074874878,0.0,11.165200233459473,True
10.571263074874878,0.0,11.165200233459473,True
10.571263074874878,0.0,11.165200233459473,True
10.571263074874878,0.0,11.165200233459473,True
10.571263074874878,0.0,11.165200233459473,True
10.571263074874878,0.0,11.165200233459473,True
10.571263074874878,0.0,11.165200233459473,True
10.571263074874878,0.0,11.165200233459473,True
10.571263074874878,0.0,11.165200233459473,True
10.571263074874878,0.0,11.165200233459473,True
10.571263074874878,0.0,11.165200233459473,True
10.571263074874878,0.0,11.165200233459473,True
10.571263074874878,0.0,11.165200233459473,True
10.571263074874878,0.0,11.165200233459473,True
10.571263074874878,0.0,11.165200233459473,True
10.571263074874878,0.0,11.165200233459473,True
10.571263074874878,0.0,11.165200233459473,True
10.571263074874878,0.0,11.168211698532104,True
10.571263074874878,0.0,11.17121410369873,True
10.571263074874878,0.0,11.174657344818115,True
10.571263074874878,0.0,11.177739381790161,True
10.571263074874878,0.0,11.180752277374268,True
10.571263074874878,0.0,11.18428349494934,True
10.571263074874878,0.0,11.188380718231201,True
10.571263074874878,0.0,11.193935871124268,True
10.571263074874878,0.0,11.19802713394165,True
10.571263074874878,0.0,11.201941728591919,True
10.571263074874878,0.0,11.204971313476562,True
10.571263074874878,0.0,11.207965850830078,True
10.571263074874878,0.0,11.211007356643677,True
10.571263074874878,0.0,11.214523077011108,True
10.571263074874878,0.0,11.217545986175537,True
10.571263074874878,0.0,11.220541000366211,True
10.571263074874878,0.0,11.224045515060425,True
10.571263074874878,0.0,11.227061748504639,True
10.571263074874878,0.0,11.230060338973999,True
10.571263074874878,0.0,11.233065366744995,True
10.571263074874878,0.0,11.23656153678894,True
10.571263074874878,0.0,11.239569187164307,True
10.571263074874878,0.0,11.242565393447876,True
10.571263074874878,0.0,11.246083974838257,True
10.571263074874878,0.0,11.250085830688477,True
10.571263074874878,0.0,11.254647493362427,True
10.571263074874878,0.0,11.258660793304443,True
10.571263074874878,0.0,11.265225410461426,True
10.571263074874878,0.0,11.269289255142212,True
10.571263074874878,0.0,11.272233963012695,True
10.571263074874878,0.0,11.277386903762817,True
10.571263074874878,0.0,11.281277418136597,True
10.571263074874878,0.0,11.285808801651001,True
10.571263074874878,0.0,11.29430890083313,True
10.571263074874878,0.0,11.299347639083862,True
10.571263074874878,0.0,11.302347660064697,True
10.571263074874878,0.0,11.30600905418396,True
10.571263074874878,0.0,11.310932159423828,True
10.571263074874878,0.0,11.31543755531311,True
10.571263074874878,0.0,11.319449663162231,True
10.571263074874878,0.0,11.324100732803345,True
10.571263074874878,0.0,11.331130743026733,True
10.571263074874878,0.0,11.335756778717041,True
10.571263074874878,0.0,11.339785099029541,True
10.571263074874878,0.0,11.344344854354858,True
10.571263074874878,0.0,11.348353862762451,True
10.571263074874878,0.0,11.354886293411255,True
10.571263074874878,0.0,11.359947204589844,True
10.571263074874878,0.0,11.364462852478027,True
10.571263074874878,0.0,11.367476463317871,True
10.571263074874878,0.0,11.373615741729736,True
10.571263074874878,0.0,11.381828308105469,True
10.571263074874878,0.0,11.388078212738037,True
10.571263074874878,0.0,11.397951126098633,True
10.571263074874878,0.0,11.406980514526367,True
10.571263074874878,0.0,11.41315507888794,True
10.571263074874878,0.0,11.420234203338623,True
10.571263074874878,0.0,11.426504611968994,True
10.571263074874878,0.0,11.432505130767822,True
10.571263074874878,0.0,11.441431045532227,True
10.571263074874878,0.0,11.447628021240234,True
10.571263074874878,0.0,11.453854084014893,True
10.571263074874878,0.0,11.461147785186768,True
10.571263074874878,0.0,11.471212387084961,True
10.571263074874878,0.0,11.477191925048828,True
10.571263074874878,0.0,11.4842529296875,True
10.571263074874878,0.0,11.49044418334961,True
10.571263074874878,0.0,11.496632099151611,True
10.571263074874878,0.0,11.502106666564941,True
10.571263074874878,0.0,11.508286952972412,True
10.571263074874878,0.0,11.514338493347168,True
10.571263074874878,0.0,11.521183490753174,True
10.571263074874878,0.0,11.527371883392334,True
10.571263074874878,0.0,11.535204887390137,True
10.571263074874878,0.0,11.544264793395996,True
10.571263074874878,0.0,11.554254531860352,True
10.571263074874878,0.0,11.560397148132324,True
10.571263074874878,0.0,11.569499969482422,True
10.571263074874878,0.0,11.581530570983887,True
10.571263074874878,0.0,11.596693277359009,True
10.571263074874878,0.0,11.608920574188232,True
10.571263074874878,0.0,11.625761270523071,True
10.571263074874878,0.0,11.648238897323608,True
10.571263074874878,0.0,11.663331508636475,True
10.571263074874878,0.0,11.677000045776367,True
10.571263074874878,0.0,11.68926453590393,True
10.571263074874878,0.0,11.70128083229065,True
10.571263074874878,0.0,11.717853307723999,True
10.571263074874878,0.0,11.741162061691284,True
10.571263074874878,0.0,11.75284719467163,True
10.571263074874878,0.0,11.769439697265625,True
10.571263074874878,0.0,11.781636238098145,True
10.571263074874878,0.0,11.796662330627441,True
10.571263074874878,0.0,11.810460329055786,True
10.571263074874878,0.0,11.826926231384277,True
10.571263074874878,0.0,11.850964546203613,True
10.571263074874878,0.0,11.8587007522583,True
10.571263074874878,0.0,11.867620706558228,True
10.571263074874878,0.0,11.879766464233398,True
10.571263074874878,0.0,11.88829231262207,True
10.571263074874878,0.0,11.897393226623535,True
10.571263074874878,0.0,11.906630754470825,True
10.571263074874878,0.0,11.917139291763306,True
10.571263074874878,0.0,11.926392555236816,True
10.571263074874878,0.0,11.935548543930054,True
10.571263074874878,0.0,11.946218729019165,True
10.571263074874878,0.0,11.955451250076294,True
10.571263074874878,0.0,11.964566469192505,True
10.571263074874878,0.0,11.973314046859741,True
10.571263074874878,0.0,11.984356164932251,True
10.571263074874878,0.0,11.9933340549469,True
10.571263074874878,0.0,12.006886720657349,True
10.571263074874878,0.0,12.018924474716187,True
10.571263074874878,0.0,12.03556776046753,True
10.571263074874878,0.0,12.051648616790771,True
10.571263074874878,0.0,12.063608646392822,True
10.571263074874878,0.0,12.077633380889893,True
10.571263074874878,0.0,12.08968210220337,True
10.571263074874878,0.0,12.105696201324463,True
10.571263074874878,0.0,12.119842052459717,True
10.571263074874878,0.0,12.131880283355713,True
10.571263074874878,0.0,12.151854038238525,True
10.571263074874878,0.0,12.165944576263428,True
10.571263074874878,0.0,12.177966594696045,True
10.571263074874878,0.0,12.20007848739624,True
10.571263074874878,0.0,12.216329097747803,True
10.571263074874878,0.0,12.23219919204712,True
10.571263074874878,0.0,12.252170085906982,True
10.571263074874878,0.0,12.268178462982178,True
10.571263074874878,0.0,12.290483951568604,True
10.571263074874878,0.0,12.32053518295288,True
10.571263074874878,0.0,12.332570552825928,True
10.571263074874878,0.0,12.352563381195068,True
10.571263074874878,0.0,12.369824886322021,True
10.571263074874878,0.0,12.389856815338135,True
10.571263074874878,0.0,12.407921314239502,True
10.571263074874878,0.0,12.431931972503662,True
10.571263074874878,0.0,12.468107223510742,True
10.571263074874878,0.0,12.490336179733276,True
10.571263074874878,0.0,12.510396718978882,True
10.571263074874878,0.0,12.530428647994995,True
10.571263074874878,0.0,12.553860425949097,True
10.571263074874878,0.0,12.57331895828247,True
10.571263074874878,0.0,12.586825370788574,True
10.571263074874878,0.0,12.606860876083374,True
10.571263074874878,0.0,12.621857404708862,True
10.571263074874878,0.0,12.643975496292114,True
10.571263074874878,0.0,12.663971662521362,True
10.571263074874878,0.0,12.679011106491089,True
10.571263074874878,0.0,12.698469638824463,True
10.571263074874878,0.0,12.713503122329712,True
10.571263074874878,0.0,12.72899317741394,True
10.571263074874878,0.0,12.762195348739624,True
10.571263074874878,0.0,12.782248735427856,True
10.571263074874878,0.0,12.79975938796997,True
10.571263074874878,0.0,12.814755916595459,True
10.571263074874878,0.0,12.829798936843872,True
10.571263074874878,0.0,12.847533702850342,True
10.571263074874878,0.0,12.862780570983887,True
10.571263074874878,0.0,12.877680540084839,True
10.571263074874878,0.0,12.900660514831543,True
10.571263074874878,0.0,12.930974245071411,True
10.571263074874878,0.0,12.94848370552063,True
10.571263074874878,0.0,12.963631629943848,True
10.571263074874878,0.0,12.978114366531372,True
10.571263074874878,0.0,12.996304512023926,True
10.571263074874878,0.0,13.01125693321228,True
10.571263074874878,0.0,13.026280879974365,True
10.571263074874878,0.0,13.041905641555786,True
10.571263074874878,0.0,13.061947107315063,True
10.571263074874878,0.0,13.081897974014282,True
10.571263074874878,0.0,13.09333610534668,True
10.571263074874878,0.0,13.108360052108765,True
10.571263074874878,0.0,13.123313665390015,True
10.571263074874878,0.0,13.145877599716187,True
10.571263074874878,0.0,13.160919427871704,True
10.571263074874878,0.0,13.18092393875122,True
10.571263074874878,0.0,13.208582878112793,True
10.571263074874878,0.0,13.228567123413086,True
10.571263074874878,0.0,13.261224508285522,True
10.571263074874878,0.0,13.298680067062378,True
10.571263074874878,0.0,13.319048166275024,True
10.571263074874878,0.0,13.34184455871582,True
10.571263074874878,0.0,13.356876850128174,True
10.571263074874878,0.0,13.377219915390015,True
10.571263074874878,0.0,13.399882793426514,True
10.571263074874878,0.0,13.424809455871582,True
10.571263074874878,0.0,13.447733402252197,True
10.571263074874878,0.0,13.467802286148071,True
10.571263074874878,0.0,13.486212968826294,True
10.571263074874878,0.0,13.506840944290161,True
10.571263074874878,0.0,13.525261640548706,True
10.571263074874878,0.0,13.542889833450317,True
10.571263074874878,0.0,13.576083421707153,True
10.571263074874878,0.0,13.600473642349243,True
10.571263074874878,0.0,13.646023988723755,True
10.571263074874878,0.0,13.69121527671814,True
10.571263074874878,0.0,13.714807271957397,True
10.571263074874878,0.0,13.739247560501099,True
10.571263074874878,0.0,13.76081395149231,True
10.571263074874878,0.0,13.778855562210083,True
10.571263074874878,0.0,13.797023057937622,True
10.571263074874878,0.0,13.815057516098022,True
10.571263074874878,0.0,13.833086252212524,True
10.571263074874878,0.0,13.853601217269897,True
10.571263074874878,0.0,13.866126775741577,True
10.571263074874878,0.0,13.88422703742981,True
10.571263074874878,0.0,13.902102708816528,True
10.571263074874878,0.0,13.929202318191528,True
10.571263074874878,0.0,13.953203439712524,True
10.571263074874878,0.0,13.98030161857605,True
10.571263074874878,0.0,14.00426983833313,True
10.571263074874878,0.0,14.031382322311401,True
10.571263074874878,0.0,14.061421632766724,False
10.571263074874878,0.0,14.350618124008179,True
10.571263074874878,0.0,14.380640268325806,True
10.571263074874878,0.0,14.407811403274536,True
10.571263074874878,0.0,14.437803506851196,True
10.571263074874878,0.0,14.463784456253052,True
10.571263074874878,0.0,14.493825197219849,True
10.571263074874878,0.0,14.520966291427612,True
10.571263074874878,0.0,14.551061391830444,True
10.571263074874878,0.0,14.590389013290405,True
10.571263074874878,0.0,14.620371103286743,True
10.571263074874878,0.0,14.647506475448608,True
10.571263074874878,0.0,14.67154049873352,True
10.571263074874878,-0.004627704620361328,14.699306726455688,True
10.571263074874878,-0.008641481399536133,14.723389387130737,True
10.571263074874878,-0.011709213256835938,14.741795778274536,True
10.571263074874878,-0.019268512725830078,14.787151575088501,True
10.571263074874878,-0.024883747100830078,14.820842981338501,True
10.571263074874878,-0.02895951271057129,14.845297574996948,True
10.571263074874878,-0.03188896179199219,14.862874269485474,True
10.571263074874878,-0.03740882873535156,14.89599347114563,True
10.571263074874878,-0.04141092300415039,14.920006036758423,True
10.571263074874878,-0.04459190368652344,14.939091920852661,True
10.571263074874878,-0.0478053092956543,14.958372354507446,True
10.571263074874878,-0.05437445640563965,14.997787237167358,True
10.571263074874878,-0.05745124816894531,15.016247987747192,True
10.571263074874878,-0.0604555606842041,15.034273862838745,True
10.571263074874878,-0.06396651268005371,15.055339574813843,True
10.571263074874878,-0.06704974174499512,15.073838949203491,True
10.571263074874878,-0.07001852989196777,15.091651678085327,True
10.571263074874878,-0.07357001304626465,15.112960577011108,True
10.571263074874878,-0.07662773132324219,15.131306886672974,True
10.571263074874878,-0.07966160774230957,15.149510145187378,True
10.571263074874878,-0.08522510528564453,15.182891130447388,True
10.571263074874878,-0.08823680877685547,15.200961351394653,True
10.571263074874878,-0.09215974807739258,15.224498987197876,True
10.571263074874878,-0.09587240219116211,15.246774911880493,True
10.571263074874878,-0.09890103340148926,15.264946699142456,True
10.571263074874878,-0.10187315940856934,15.282779455184937,True
10.571263074874878,-0.10552096366882324,15.301018476486206,True
10.571263074874878,-0.10950374603271484,15.320932388305664,True
10.571263074874878,-0.11398005485534668,15.343313932418823,True
10.571263074874878,-0.11799097061157227,15.363368511199951,True
10.571263074874878,-0.1210784912109375,15.378806114196777,True
10.571263074874878,-0.1241300106048584,15.394063711166382,True
10.571263074874878,-0.1272122859954834,15.409475088119507,True
10.571263074874878,-0.1301717758178711,15.424272537231445,True
10.571263074874878,-0.13306403160095215,15.43873381614685,True
10.571263074874878,-0.13567185401916504,15.451772928237915,True
10.571263074874878,-0.13865065574645996,15.46666693687439,True
10.571263074874878,-0.14166736602783203,15.48175048828125,True
10.571263074874878,-0.14481067657470703,15.497467041015625,True
10.571263074874878,-0.1478874683380127,15.512850999832153,True
10.571263074874878,-0.15088248252868652,15.527826070785522,True
10.571263074874878,-0.1554262638092041,15.55054497718811,True
10.571263074874878,-0.16142606735229492,15.580543994903564,True
10.571263074874878,-0.1649913787841797,15.598370552062988,True
10.571263074874878,-0.16994094848632812,15.62311840057373,True
10.571263074874878,-0.1745319366455078,15.646073341369629,True
10.571263074874878,-0.17946600914001465,15.670743703842163,True
10.571263074874878,-0.18411517143249512,15.693989515304565,True
10.571263074874878,-0.1902449131011963,15.724638223648071,True
10.571263074874878,-0.19475913047790527,15.747209310531616,True
10.571263074874878,-0.1987769603729248,15.767298460006714,True
10.571263074874878,-0.20429444313049316,15.794885873794556,True
10.571263074874878,-0.20833039283752441,15.815065622329712,True
10.571263074874878,-0.2133016586303711,15.839921951293945,True
10.571263074874878,-0.21783065795898438,15.862566947937012,True
10.571263074874878,-0.22451472282409668,15.895987272262573,True
10.571263074874878,-0.2294483184814453,15.920655250549316,True
10.571263074874878,-0.2340085506439209,15.943456411361694,True
10.571263074874878,-0.23902225494384766,15.968524932861328,True
10.571263074874878,-0.24309659004211426,15.988896608352661,True
10.571263074874878,-0.24731087684631348,16.009968042373657,True
10.571263074874878,-0.2522587776184082,16.03470754623413,True
10.571263074874878,-0.2567715644836426,16.057271480560303,True
10.571263074874878,-0.2608332633972168,16.0735182762146,True
10.571263074874878,-0.2664353847503662,16.095926761627197,True
10.571263074874878,-0.27045345306396484,16.111999034881592,True
10.571263074874878,-0.2739522457122803,16.125994205474854,True
10.571263074874878,-0.27696681022644043,16.138052463531494,True
10.571263074874878,-0.28003764152526855,16.150335788726807,True
10.571263074874878,-0.2835507392883301,16.164388179779053,True
10.571263074874878,-0.2866339683532715,16.17672109603882,True
10.571263074874878,-0.2895851135253906,16.188525676727295,True
10.571263074874878,-0.291562557220459,16.19643545150757,True
10.571263074874878,-0.2952146530151367,16.21104383468628,True
10.571263074874878,-0.2981452941894531,16.222766399383545,True
10.571263074874878,-0.3022146224975586,16.239043712615967,True
10.571263074874878,-0.30565524101257324,16.252806186676025,True
10.571263074874878,-0.30873870849609375,16.265140056610107,True
10.571263074874878,-0.31165480613708496,16.276804447174072,True
10.571263074874878,-0.31525707244873047,16.291213512420654,True
10.571263074874878,-0.3183012008666992,16.30339002609253,True
10.571263074874878,-0.3213324546813965,16.31551504135132,True
10.571263074874878,-0.3269364833831787,16.337931156158447,True
10.571263074874878,-0.32991576194763184,16.34984827041626,True
10.571263074874878,-0.33341145515441895,16.363831043243408,True
10.571263074874878,-0.33649444580078125,16.376163005828857,True
10.571263074874878,-0.33942580223083496,16.387888431549072,True
10.571263074874878,-0.3424348831176758,16.399924755096436,True
10.571263074874878,-0.3454413414001465,16.41195058822632,True
10.571263074874878,-0.3484609127044678,16.424028873443604,True
10.571263074874878,-0.35245418548583984,16.440001964569092,True
10.571263074874878,-0.35608577728271484,16.454528331756592,True
10.571263074874878,-0.3620748519897461,16.472495555877686,True
10.571263074874878,-0.3655261993408203,16.482849597930908,True
10.571263074874878,-0.36960268020629883,16.495079040527344,True
10.571263074874878,-0.3740532398223877,16.50843071937561,True
10.571263074874878,-0.3780643939971924,16.520464181900024,True
10.571263074874878,-0.38306498527526855,16.535465955734253,True
10.571263074874878,-0.386613130569458,16.54611039161682,True
10.571263074874878,-0.39154529571533203,16.560906887054443,True
10.571263074874878,-0.39616823196411133,16.57477569580078,True
10.571263074874878,-0.4031670093536377,16.59577202796936,True
10.571263074874878,-0.4067823886871338,16.60661816596985,True
10.571263074874878,-0.4117884635925293,16.621636390686035,True
10.571263074874878,-0.4164085388183594,16.635496616363525,True
10.571263074874878,-0.4194467067718506,16.644611120224,True
10.571263074874878,-0.4250645637512207,16.66146469116211,True
10.571263074874878,-0.4318394660949707,16.68178939819336,True
10.571263074874878,-0.4353511333465576,16.69232439994812,True
10.571263074874878,-0.4393625259399414,16.70435857772827,True
10.571263074874878,-0.44236111640930176,16.713354349136353,True
10.571263074874878,-0.44817614555358887,16.730799436569214,True
10.571263074874878,-0.453171968460083,16.745786905288696,True
10.571263074874878,-0.45757007598876953,16.758981227874756,True
10.571263074874878,-0.46157288551330566,16.770989656448364,True
10.571263074874878,-0.46157288551330566,16.784653186798096,True
10.571263074874878,-0.46157288551330566,16.79383134841919,True
10.571263074874878,-0.46157288551330566,16.8030788898468,True
10.571263074874878,-0.46157288551330566,16.81403660774231,True
10.571263074874878,-0.46157288551330566,16.822908639907837,True
10.571263074874878,-0.46157288551330566,16.836670875549316,True
10.571263074874878,-0.46157288551330566,16.84872794151306,True
10.571263074874878,-0.46157288551330566,16.860934495925903,True
10.571263074874878,-0.46157288551330566,16.87169909477234,True
10.571263074874878,-0.46157288551330566,16.880691289901733,True
10.571263074874878,-0.46157288551330566,16.892680406570435,True
10.571263074874878,-0.46157288551330566,16.90314245223999,True
10.571263074874878,-0.46157288551330566,16.915266036987305,True
10.571263074874878,-0.46157288551330566,16.928888082504272,True
10.571263074874878,-0.46157288551330566,16.938161373138428,True
10.571263074874878,-0.46157288551330566,16.946911096572876,True
10.571263074874878,-0.46157288551330566,16.960891485214233,True
10.571263074874878,-0.46157288551330566,16.972660303115845,True
10.571263074874878,-0.46157288551330566,16.981871366500854,True
10.571263074874878,-0.46157288551330566,16.992655992507935,True
10.571263074874878,-0.46157288551330566,17.0016667842865,True
10.571263074874878,-0.46157288551330566,17.010690450668335,True
10.571263074874878,-0.46157288551330566,17.024227380752563,True
10.571263074874878,-0.46157288551330566,17.031973600387573,True
10.571263074874878,-0.46157288551330566,17.04099726676941,True
10.571263074874878,-0.46157288551330566,17.05465006828308,True
10.571263074874878,-0.46157288551330566,17.066536903381348,True
10.571263074874878,-0.46157288551330566,17.077297925949097,True
10.571263074874878,-0.46157288551330566,17.086567640304565,True
10.571263074874878,-0.46157288551330566,17.098538875579834,True
10.571263074874878,-0.46157288551330566,17.109261989593506,True
10.571263074874878,-0.46157288551330566,17.1212739944458,True
10.571263074874878,-0.46157288551330566,17.130515098571777,True
10.571263074874878,-0.46157288551330566,17.147040367126465,True
10.571263074874878,-0.46157288551330566,17.166585445404053,True
10.571263074874878,-0.46157288551330566,17.17862820625305,True
10.571263074874878,-0.46157288551330566,17.190810441970825,True
10.571263074874878,-0.46157288551330566,17.20737361907959,True
10.571263074874878,-0.46157288551330566,17.222567796707153,False
10.571263074874878,-0.46157288551330566,17.410940408706665,False
10.571263074874878,-0.46157288551330566,17.58009648323059,False
10.571263074874878,-0.46157288551330566,17.74651312828064,False
10.571263074874878,-0.46157288551330566,17.907103776931763,False
10.571263074874878,-0.46157288551330566,18.02542805671692,False
10.571263074874878,-0.46157288551330566,18.062673330307007,False
10.571263074874878,-0.46157288551330566,18.09927988052368,False
10.571263074874878,-0.46157288551330566,18.129820108413696,False
10.571263074874878,-0.46157288551330566,18.16186261177063,False
10.571263074874878,-0.46157288551330566,18.194918632507324,False
10.571263074874878,-0.46157288551330566,18.2264621257782,False
10.571263074874878,-0.46157288551330566,18.271028518676758,False
10.571263074874878,-0.46157288551330566,18.30357027053833,False
10.571263074874878,-0.46157288551330566,18.33562207221985,False
10.571263074874878,-0.46157288551330566,18.371697187423706,False
10.571263074874878,-0.46157288551330566,18.405746936798096,False
10.571263074874878,-0.46157288551330566,18.43729591369629,False
10.571263074874878,-0.46157288551330566,18.47589945793152,False
10.571263074874878,-0.46157288551330566,18.510438680648804,False
10.571263074874878,-0.46157288551330566,18.544984340667725,False
10.571263074874878,-0.46157288551330566,18.544984340667725,False
10.571263074874878,-0.46157288551330566,18.544984340667725,False
10.571263074874878,-0.46157288551330566,18.544984340667725,False
10.571263074874878,-0.46157288551330566,18.544984340667725,False
10.571263074874878,-0.46157288551330566,18.544984340667725,False
10.571263074874878,-0.46157288551330566,18.544984340667725,False
10.571263074874878,-0.46157288551330566,18.544984340667725,False
10.571263074874878,-0.46157288551330566,18.544984340667725,False
10.571263074874878,-0.46157288551330566,18.544984340667725,False
10.571263074874878,-0.46157288551330566,18.544984340667725,False
10.571263074874878,-0.46157288551330566,18.544984340667725,False
10.571263074874878,-0.46157288551330566,18.544984340667725,False
10.571263074874878,-0.46157288551330566,18.544984340667725,False
10.571263074874878,-0.46157288551330566,18.544984340667725,False
10.571263074874878,-0.46157288551330566,18.544984340667725,False
10.571263074874878,-0.46157288551330566,18.544984340667725,False
10.571263074874878,-0.46157288551330566,18.544984340667725,False
10.571263074874878,-0.46157288551330566,18.544984340667725,False
10.571263074874878,-0.46157288551330566,18.544984340667725,False
10.571263074874878,-0.46157288551330566,18.544984340667725,False
10.571263074874878,-0.46157288551330566,18.544984340667725,False
10.571263074874878,-0.46157288551330566,18.544984340667725,False
10.571263074874878,-0.46157288551330566,18.544984340667725,False
10.571263074874878,-0.46157288551330566,18.544984340667725,False
10.571263074874878,-0.46157288551330566,18.544984340667725,False
10.571263074874878,-0.46157288551330566,18.544984340667725,False
10.571263074874878,-0.46157288551330566,18.544984340667725,False
10.571263074874878,-0.46157288551330566,18.544984340667725,False
10.571263074874878,-0.46157288551330566,18.544984340667725,False
10.571263074874878,-0.46157288551330566,18.544984340667725,False
10.571263074874878,-0.46157288551330566,18.544984340667725,False
10.571263074874878,-0.46157288551330566,18.544984340667725,False
10.571263074874878,-0.46157288551330566,18.544984340667725,False
10.571263074874878,-0.46157288551330566,18.544984340667725,False
10.571263074874878,-0.46157288551330566,18.544984340667725,False
10.571263074874878,-0.46157288551330566,18.544984340667725,False
10.571263074874878,-0.46157288551330566,18.544984340667725,False
10.571263074874878,-0.46157288551330566,18.544984340667725,False
10.571263074874878,-0.46157288551330566,18.544984340667725,False
10.571263074874878,-0.46157288551330566,18.544984340667725,False
10.571263074874878,-0.46157288551330566,18.544984340667725,False
10.571263074874878,-0.46157288551330566,18.544984340667725,False
10.571263074874878,-0.46157288551330566,18.544984340667725,True
10.571263074874878,-0.46157288551330566,18.544984340667725,True
10.571263074874878,-0.46157288551330566,18.544984340667725,True
10.571263074874878,-0.46157288551330566,18.544984340667725,True
10.571263074874878,-0.46157288551330566,18.544984340667725,True
10.571263074874878,-0.46157288551330566,18.544984340667725,True
10.571263074874878,-0.46157288551330566,18.544984340667725,True
10.571263074874878,-0.46157288551330566,18.544984340667725,True
10.571263074874878,-0.46157288551330566,18.544984340667725,True
10.571263074874878,-0.46157288551330566,18.544984340667725,True
10.571263074874878,-0.46157288551330566,18.544984340667725,True
10.571263074874878,-0.46157288551330566,18.544984340667725,True
10.571263074874878,-0.46157288551330566,18.544984340667725,True
10.571263074874878,-0.46157288551330566,18.544984340667725,True
10.571263074874878,-0.46157288551330566,18.544984340667725,True
10.571263074874878,-0.46157288551330566,18.544984340667725,True
10.571263074874878,-0.46157288551330566,18.544984340667725,True
10.571263074874878,-0.46157288551330566,18.544984340667725,True
10.571263074874878,-0.46157288551330566,18.544984340667725,True
10.571263074874878,-0.46157288551330566,18.544984340667725,True
10.571263074874878,-0.46157288551330566,18.544984340667725,True
10.571263074874878,-0.46157288551330566,18.544984340667725,True
10.571263074874878,-0.46157288551330566,18.544984340667725,True
10.571263074874878,-0.46157288551330566,18.544984340667725,True
10.571263074874878,-0.46157288551330566,18.544984340667725,True
10.571263074874878,-0.46157288551330566,18.544984340667725,True
10.571263074874878,-0.46157288551330566,18.544984340667725,True
10.571263074874878,-0.46157288551330566,18.544984340667725,True
10.571263074874878,-0.46157288551330566,18.544984340667725,True
10.571263074874878,-0.46157288551330566,18.544984340667725,True
10.571263074874878,-0.46157288551330566,18.544984340667725,True
10.571263074874878,-0.46157288551330566,18.544984340667725,True
10.571263074874878,-0.46157288551330566,18.544984340667725,True
10.571263074874878,-0.46157288551330566,18.544984340667725,True
10.571263074874878,-0.46157288551330566,18.544984340667725,True
10.571263074874878,-0.46157288551330566,18.544984340667725,True
10.571263074874878,-0.46157288551330566,18.544984340667725,True
10.571263074874878,-0.46157288551330566,18.544984340667725,True
10.571263074874878,-0.46157288551330566,18.544984340667725,True
10.571263074874878,-0.46157288551330566,18.544984340667725,True
10.571263074874878,-0.46157288551330566,18.544984340667725,True
10.571263074874878,-0.46157288551330566,18.544984340667725,True
10.571263074874878,-0.46157288551330566,18.544984340667725,True
10.571263074874878,-0.46157288551330566,18.544984340667725,True
10.571263074874878,-0.46157288551330566,18.544984340667725,True
10.571263074874878,-0.46157288551330566,18.544984340667725,True
10.571263074874878,-0.46157288551330566,18.544984340667725,True
10.571263074874878,-0.46157288551330566,18.544984340667725,True
10.571263074874878,-0.46157288551330566,18.544984340667725,True
10.571263074874878,-0.46157288551330566,18.544984340667725,True
10.571263074874878,-0.46157288551330566,18.544984340667725,True
10.571263074874878,-0.46157288551330566,18.544984340667725,True
10.571263074874878,-0.46157288551330566,18.544984340667725,True
10.571263074874878,-0.46157288551330566,18.544984340667725,True
10.571263074874878,-0.46157288551330566,18.544984340667725,True
10.571263074874878,-0.46157288551330566,18.544984340667725,True
10.571263074874878,-0.46157288551330566,18.544984340667725,True
10.571263074874878,-0.46157288551330566,18.544984340667725,True
10.571263074874878,-0.46157288551330566,18.544984340667725,True
10.571263074874878,-0.46157288551330566,18.544984340667725,True
10.571263074874878,-0.46157288551330566,18.544984340667725,True
10.571263074874878,-0.46157288551330566,18.544984340667725,True
10.571263074874878,-0.46157288551330566,18.544984340667725,True
10.571263074874878,-0.46157288551330566,18.544984340667725,True
10.571263074874878,-0.46157288551330566,18.544984340667725,True
10.571263074874878,-0.46157288551330566,18.544984340667725,True
10.571263074874878,-0.46157288551330566,18.544984340667725,True
10.571263074874878,-0.46157288551330566,18.544984340667725,True
10.571263074874878,-0.46157288551330566,18.544984340667725,True
10.571263074874878,-0.46157288551330566,18.544984340667725,True
10.571263074874878,-0.46157288551330566,18.544984340667725,True
10.571263074874878,-0.46157288551330566,18.544984340667725,True
10.571263074874878,-0.46157288551330566,18.544984340667725,True
10.571263074874878,-0.46157288551330566,18.544984340667725,True
10.571263074874878,-0.46157288551330566,18.544984340667725,True
10.571263074874878,-0.46157288551330566,18.544984340667725,True
10.571263074874878,-0.46157288551330566,18.544984340667725,True
10.571263074874878,-0.46157288551330566,18.544984340667725,True
10.571263074874878,-0.46157288551330566,18.544984340667725,True
10.571263074874878,-0.46157288551330566,18.544984340667725,True
10.571263074874878,-0.46157288551330566,18.544984340667725,True
10.571263074874878,-0.46157288551330566,18.544984340667725,True
10.571263074874878,-0.46157288551330566,18.544984340667725,True
10.571263074874878,-0.46157288551330566,18.544984340667725,True
10.571263074874878,-0.46157288551330566,18.544984340667725,True
10.571263074874878,-0.46157288551330566,18.544984340667725,True
10.571263074874878,-0.46157288551330566,18.544984340667725,True
10.571263074874878,-0.46157288551330566,18.544984340667725,True
10.571263074874878,-0.46157288551330566,18.544984340667725,True
10.571263074874878,-0.46157288551330566,18.544984340667725,True
10.571263074874878,-0.46157288551330566,18.544984340667725,True
10.571263074874878,-0.46157288551330566,18.544984340667725,True
10.571263074874878,-0.46157288551330566,18.544984340667725,True
10.571263074874878,-0.46157288551330566,18.544984340667725,True
10.571263074874878,-0.46157288551330566,18.544984340667725,True
10.571263074874878,-0.46157288551330566,18.544984340667725,True
10.571263074874878,-0.46157288551330566,18.544984340667725,True
10.571263074874878,-0.46157288551330566,18.544984340667725,True
10.571263074874878,-0.46157288551330566,18.544984340667725,True
10.571263074874878,-0.46157288551330566,18.544984340667725,True
10.571263074874878,-0.46157288551330566,18.544984340667725,True
10.571263074874878,-0.46157288551330566,18.544984340667725,True
10.571263074874878,-0.46157288551330566,18.544984340667725,True
10.571263074874878,-0.46157288551330566,18.544984340667725,True
10.571263074874878,-0.46157288551330566,18.544984340667725,True
10.571263074874878,-0.46157288551330566,18.544984340667725,True
10.571263074874878,-0.46157288551330566,18.544984340667725,True
10.571263074874878,-0.46157288551330566,18.544984340667725,True
10.571263074874878,-0.46157288551330566,18.544984340667725,True
10.571263074874878,-0.46157288551330566,18.544984340667725,True
10.571263074874878,-0.46157288551330566,18.544984340667725,True
10.571263074874878,-0.46157288551330566,18.544984340667725,True
10.571263074874878,-0.46157288551330566,18.544984340667725,True
10.571263074874878,-0.46157288551330566,18.544984340667725,True
10.571263074874878,-0.46157288551330566,18.544984340667725,True
10.571263074874878,-0.46157288551330566,18.544984340667725,True
10.571263074874878,-0.46157288551330566,18.544984340667725,True
10.571263074874878,-0.46157288551330566,18.544984340667725,True
10.571263074874878,-0.46157288551330566,18.544984340667725,True
10.571263074874878,-0.46157288551330566,18.544984340667725,True
10.571263074874878,-0.46157288551330566,18.544984340667725,True
10.571263074874878,-0.46157288551330566,18.544984340667725,True
10.571263074874878,-0.46157288551330566,18.544984340667725,True
10.571263074874878,-0.46157288551330566,18.544984340667725,True
10.571263074874878,-0.46157288551330566,18.544984340667725,True
10.571263074874878,-0.46157288551330566,18.544984340667725,True
10.571263074874878,-0.46157288551330566,18.544984340667725,True
10.571263074874878,-0.46157288551330566,18.544984340667725,True
10.571263074874878,-0.46157288551330566,18.544984340667725,True
10.571263074874878,-0.46157288551330566,18.544984340667725,True
10.571263074874878,-0.46157288551330566,18.544984340667725,True
10.571263074874878,-0.46157288551330566,18.544984340667725,True
10.571263074874878,-0.46157288551330566,18.544984340667725,True
10.571263074874878,-0.46157288551330566,18.544984340667725,True
10.571263074874878,-0.46157288551330566,18.544984340667725,True
10.571263074874878,-0.46157288551330566,18.544984340667725,True
10.571263074874878,-0.46157288551330566,18.544984340667725,True
10.571263074874878,-0.46157288551330566,18.544984340667725,True
10.571263074874878,-0.46157288551330566,18.544984340667725,True
10.571263074874878,-0.46157288551330566,18.544984340667725,True
10.571263074874878,-0.46157288551330566,18.544984340667725,True
10.571263074874878,-0.46157288551330566,18.544984340667725,True
10.571263074874878,-0.46157288551330566,18.544984340667725,True
10.571263074874878,-0.46157288551330566,18.544984340667725,True
10.571263074874878,-0.46157288551330566,18.544984340667725,True
10.571263074874878,-0.46157288551330566,18.544984340667725,True
10.571263074874878,-0.46157288551330566,18.544984340667725,True
10.571263074874878,-0.46157288551330566,18.544984340667725,True
10.571263074874878,-0.46157288551330566,18.544984340667725,True
10.571263074874878,-0.46157288551330566,18.544984340667725,True
10.571263074874878,-0.46157288551330566,18.544984340667725,True
10.571263074874878,-0.46157288551330566,18.544984340667725,True
10.571263074874878,-0.46157288551330566,18.544984340667725,True
10.571263074874878,-0.46157288551330566,18.544984340667725,True
10.571263074874878,-0.46157288551330566,18.544984340667725,True
10.571263074874878,-0.46157288551330566,18.544984340667725,True
10.571263074874878,-0.46157288551330566,18.544984340667725,True
10.571263074874878,-0.46157288551330566,18.544984340667725,True
10.571263074874878,-0.46157288551330566,18.544984340667725,True
10.571263074874878,-0.46157288551330566,18.544984340667725,True
10.571263074874878,-0.46157288551330566,18.544984340667725,True
10.571263074874878,-0.46157288551330566,18.544984340667725,True
10.571263074874878,-0.46157288551330566,18.544984340667725,True
10.571263074874878,-0.46157288551330566,18.544984340667725,True
10.571263074874878,-0.46157288551330566,18.544984340667725,True
10.571263074874878,-0.46157288551330566,18.544984340667725,True
10.571263074874878,-0.46157288551330566,18.544984340667725,True
10.571263074874878,-0.46157288551330566,18.544984340667725,True
10.571263074874878,-0.46157288551330566,18.544984340667725,True
10.571263074874878,-0.46157288551330566,18.544984340667725,True
10.563761949539185,-0.46157288551330566,18.544984340667725,True
10.559740543365479,-0.46157288551330566,18.544984340667725,True
10.555739641189575,-0.46157288551330566,18.544984340667725,True
10.550211906433105,-0.46157288551330566,18.544984340667725,True
10.545671701431274,-0.46157288551330566,18.544984340667725,True
10.541135787963867,-0.46157288551330566,18.544984340667725,True
10.534132480621338,-0.46157288551330566,18.544984340667725,True
10.52660584449768,-0.46157288551330566,18.544984340667725,True
10.522082567214966,-0.46157288551330566,18.544984340667725,True
10.51854920387268,-0.46157288551330566,18.544984340667725,True
10.515469074249268,-0.46157288551330566,18.544984340667725,True
10.512042999267578,-0.46157288551330566,18.544984340667725,True
10.508046388626099,-0.46157288551330566,18.544984340667725,True
10.504462957382202,-0.46157288551330566,18.544984340667725,True
10.501377582550049,-0.46157288551330566,18.544984340667725,True
10.498405933380127,-0.46157288551330566,18.544984340667725,True
10.495380401611328,-0.46157288551330566,18.544984340667725,True
10.491868734359741,-0.46157288551330566,18.544984340667725,True
10.488868713378906,-0.46157288551330566,18.544984340667725,True
10.485873699188232,-0.46157288551330566,18.544984340667725,True
10.482343912124634,-0.46157288551330566,18.544984340667725,True
10.479349613189697,-0.46157288551330566,18.544984340667725,True
10.47635555267334,-0.46157288551330566,18.544984340667725,True
10.470839023590088,-0.46157288551330566,18.544984340667725,True
10.455802917480469,-0.46157288551330566,18.544984340667725,True
10.442219495773315,-0.46157288551330566,18.544984340667725,True
10.433220148086548,-0.46157288551330566,18.544984340667725,True
10.424236536026001,-0.46157288551330566,18.544984340667725,True
10.413712978363037,-0.46157288551330566,18.544984340667725,True
10.403202295303345,-0.46157288551330566,18.544984340667725,True
10.394171476364136,-0.46157288551330566,18.544984340667725,True
10.38366150856018,-0.46157288551330566,18.544984340667725,True
10.374634981155396,-0.46157288551330566,18.544984340667725,True
10.365655660629272,-0.46157288551330566,18.544984340667725,True
10.355056285858154,-0.46157288551330566,18.544984340667725,True
10.343015670776367,-0.46157288551330566,18.544984340667725,True
10.334043502807617,-0.46157288551330566,18.544984340667725,True
10.32051157951355,-0.46157288551330566,18.544984340667725,True
10.30852746963501,-0.46157288551330566,18.544984340667725,True
10.294921875,-0.46157288551330566,18.544984340667725,True
10.273696660995483,-0.46157288551330566,18.544984340667725,True
10.255284547805786,-0.46157288551330566,18.544984340667725,True
10.238273620605469,-0.46157288551330566,18.544984340667725,True
10.223291158676147,-0.46157288551330566,18.544984340667725,True
10.211032390594482,-0.46157288551330566,18.544984340667725,True
10.197274446487427,-0.46157288551330566,18.544984340667725,True
10.174550771713257,-0.46157288551330566,18.544984340667725,True
10.156522750854492,-0.46157288551330566,18.544984340667725,True
10.138420104980469,-0.46157288551330566,18.544984340667725,True
10.114429473876953,-0.46157288551330566,18.544984340667725,True
10.09681510925293,-0.46157288551330566,18.544984340667725,True
10.08449649810791,-0.46157288551330566,18.544984340667725,True
10.064077377319336,-0.46157288551330566,18.544984340667725,True
10.044076919555664,-0.46157288551330566,18.544984340667725,True
10.025679588317871,-0.46157288551330566,18.544984340667725,True
10.009622573852539,-0.46157288551330566,18.544984340667725,True
9.997323036193848,-0.46157288551330566,18.544984340667725,True
9.980624198913574,-0.46157288551330566,18.544984340667725,True
9.964580535888672,-0.46157288551330566,18.544984340667725,True
9.950017929077148,-0.46157288551330566,18.544984340667725,True
9.925657272338867,-0.46157288551330566,18.544984340667725,True
9.907529830932617,-0.46157288551330566,18.544984340667725,True
9.894980430603027,-0.46157288551330566,18.544984340667725,True
9.883026123046875,-0.46157288551330566,18.544984340667725,True
9.869023323059082,-0.46157288551330566,18.544984340667725,True
9.856522560119629,-0.46157288551330566,18.544984340667725,True
9.844993591308594,-0.46157288551330566,18.544984340667725,True
9.828668594360352,-0.46157288551330566,18.544984340667725,True
9.818337440490723,-0.46157288551330566,18.544984340667725,True
9.806310653686523,-0.46157288551330566,18.544984340667725,True
9.794319152832031,-0.46157288551330566,18.544984340667725,True
9.772226333618164,-0.46157288551330566,18.544984340667725,True
9.764225006103516,-0.46157288551330566,18.544984340667725,True
9.750055313110352,-0.46157288551330566,18.544984340667725,True
9.737716674804688,-0.46157288551330566,18.544984340667725,True
9.725526809692383,-0.46157288551330566,18.544984340667725,True
9.707805633544922,-0.46157288551330566,18.544984340667725,True
9.695472717285156,-0.46157288551330566,18.544984340667725,True
9.678788185119629,-0.46157288551330566,18.544984340667725,True
9.656732559204102,-0.46157288551330566,18.544984340667725,True
9.644428253173828,-0.46157288551330566,18.544984340667725,True
9.630509376525879,-0.46157288551330566,18.544984340667725,True
9.610479354858398,-0.46157288551330566,18.544984340667725,True
9.598475456237793,-0.46157288551330566,18.544984340667725,True
9.58390998840332,-0.46157288551330566,18.544984340667725,True
9.568166732788086,-0.46157288551330566,18.544984340667725,True
9.545517921447754,-0.46157288551330566,18.544984340667725,True
9.52122974395752,-0.46157288551330566,18.544984340667725,True
9.4954252243042,-0.46157288551330566,18.544984340667725,True
9.479409217834473,-0.46157288551330566,18.544984340667725,True
9.461028099060059,-0.46157288551330566,18.544984340667725,True
9.444710731506348,-0.46157288551330566,18.544984340667725,True
9.426809310913086,-0.46157288551330566,18.544984340667725,True
9.410757064819336,-0.46157288551330566,18.544984340667725,True
9.394753456115723,-0.46157288551330566,18.544984340667725,True
9.380526542663574,-0.46157288551330566,18.544984340667725,True
9.36050033569336,-0.46157288551330566,18.544984340667725,True
9.346436500549316,-0.46157288551330566,18.544984340667725,True
9.3303861618042,-0.46157288551330566,18.544984340667725,True
9.314391136169434,-0.46157288551330566,18.544984340667725,True
9.296292304992676,-0.46157288551330566,18.544984340667725,True
9.275437355041504,-0.46157288551330566,18.544984340667725,True
9.249300956726074,-0.46157288551330566,18.544984340667725,True
9.222738265991211,-0.46157288551330566,18.544984340667725,True
9.206920623779297,-0.46157288551330566,18.544984340667725,True
9.1845064163208,-0.46157288551330566,18.544984340667725,True
9.168099403381348,-0.46157288551330566,18.544984340667725,True
9.156150817871094,-0.46157288551330566,18.544984340667725,True
9.137796401977539,-0.46157288551330566,18.544984340667725,True
9.113121271133423,-0.46157288551330566,18.544984340667725,True
9.091696977615356,-0.46157288551330566,18.544984340667725,True
9.076667070388794,-0.46157288551330566,18.544984340667725,True
9.061668157577515,-0.46157288551330566,18.544984340667725,True
9.046491622924805,-0.46157288551330566,18.544984340667725,True
9.031440258026123,-0.46157288551330566,18.544984340667725,True
9.016497373580933,-0.46157288551330566,18.544984340667725,True
8.998941421508789,-0.46157288551330566,18.544984340667725,True
8.988899230957031,-0.46157288551330566,18.544984340667725,True
8.973875284194946,-0.46157288551330566,18.544984340667725,True
8.958885908126831,-0.46157288551330566,18.544984340667725,True
8.94127869606018,-0.46157288551330566,18.544984340667725,True
8.926295280456543,-0.46157288551330566,18.544984340667725,True
8.911277294158936,-0.46157288551330566,18.544984340667725,True
8.883736371994019,-0.46157288551330566,18.544984340667725,True
8.86873984336853,-0.46157288551330566,18.544984340667725,True
8.851170778274536,-0.46157288551330566,18.544984340667725,True
8.836119413375854,-0.46157288551330566,18.544984340667725,True
8.818581342697144,-0.46157288551330566,18.544984340667725,True
8.79591965675354,-0.46157288551330566,18.544984340667725,True
8.775838851928711,-0.46157288551330566,18.544984340667725,True
8.76089596748352,-0.46157288551330566,18.544984340667725,True
8.743340015411377,-0.46157288551330566,18.544984340667725,True
8.728310108184814,-0.46157288551330566,18.544984340667725,True
8.713340997695923,-0.46157288551330566,18.544984340667725,True
8.693230390548706,-0.46157288551330566,18.544984340667725,True
8.673229455947876,-0.46157288551330566,18.544984340667725,True
8.653242826461792,-0.46157288551330566,18.544984340667725,True
8.632365703582764,-0.46157288551330566,18.544984340667725,True
8.614391326904297,-0.46157288551330566,18.544984340667725,True
8.593182563781738,-0.46157288551330566,18.544984340667725,True
8.568665027618408,-0.46157288551330566,18.544984340667725,True
8.544711112976074,-0.46157288551330566,18.544984340667725,True
8.517580032348633,-0.46157288551330566,18.544984340667725,True
8.499129295349121,-0.46157288551330566,18.544984340667725,True
8.466073036193848,-0.46157288551330566,18.544984340667725,True
8.442030429840088,-0.46157288551330566,18.544984340667725,True
8.390896797180176,-0.46157288551330566,18.544984340667725,True
8.366487979888916,-0.46157288551330566,18.544984340667725,True
8.339404106140137,-0.46157288551330566,18.544984340667725,True
8.320997714996338,-0.46157288551330566,18.544984340667725,True
8.294347286224365,-0.46157288551330566,18.544984340667725,True
8.270263195037842,-0.46157288551330566,18.544984340667725,True
8.237218379974365,-0.46157288551330566,18.544984340667725,True
8.186336517333984,-0.46157288551330566,18.544984340667725,True
8.165019035339355,-0.46157288551330566,18.544984340667725,True
8.135235786437988,-0.46157288551330566,18.544984340667725,True
8.107405185699463,-0.46157288551330566,18.544984340667725,True
8.077337265014648,-0.46157288551330566,18.544984340667725,True
8.05546760559082,-0.46157288551330566,18.544984340667725,True
8.019304275512695,-0.46157288551330566,18.544984340667725,True
7.988827228546143,-0.46157288551330566,18.544984340667725,True
7.970828533172607,-0.46157288551330566,18.544984340667725,True
7.952855587005615,-0.46157288551330566,18.544984340667725,True
7.931824207305908,-0.46157288551330566,18.544984340667725,True
7.913721084594727,-0.46157288551330566,18.544984340667725,True
7.89576530456543,-0.46157288551330566,18.544984340667725,True
7.874725341796875,-0.46157288551330566,18.544984340667725,True
7.856607913970947,-0.46157288551330566,18.544984340667725,True
7.826664447784424,-0.46157288551330566,18.544984340667725,True
7.799576282501221,-0.46157288551330566,18.544984340667725,True
7.781558990478516,-0.46157288551330566,18.544984340667725,True
7.763603210449219,-0.46157288551330566,18.544984340667725,True
7.7425031661987305,-0.46157288551330566,18.544984340667725,True
7.724472999572754,-0.46157288551330566,18.544984340667725,True
7.706502914428711,-0.46157288551330566,18.544984340667725,True
7.685442924499512,-0.46157288551330566,18.544984340667725,True
7.6674041748046875,-0.46157288551330566,18.544984340667725,True
7.646328449249268,-0.46157288551330566,18.544984340667725,True
7.625111103057861,-0.46157288551330566,18.544984340667725,True
7.607066631317139,-0.46157288551330566,18.544984340667725,True
7.58911657333374,-0.46157288551330566,18.544984340667725,True
7.5707573890686035,-0.46157288551330566,18.544984340667725,True
7.552825927734375,-0.46157288551330566,18.544984340667725,True
7.534438133239746,-0.46157288551330566,18.544984340667725,True
7.5133280754089355,-0.46157288551330566,18.544984340667725,True
7.495224952697754,-0.46157288551330566,18.544984340667725,True
7.471153736114502,-0.46157288551330566,18.544984340667725,True
7.450145244598389,-0.46157288551330566,18.544984340667725,True
7.4200358390808105,-0.46157288551330566,18.544984340667725,True
7.381380081176758,-0.46157288551330566,18.544984340667725,True
7.339411497116089,-0.46157288551330566,18.544984340667725,True
7.307713508605957,-0.46157288551330566,18.544984340667725,True
7.2657482624053955,-0.46157288551330566,18.544984340667725,True
7.2340686321258545,-0.46157288551330566,18.544984340667725,True
7.2130701541900635,-0.46157288551330566,18.544984340667725,True
7.167012691497803,-0.46157288551330566,18.544984340667725,True
7.118069648742676,-0.46157288551330566,18.544984340667725,True
7.086451768875122,-0.46157288551330566,18.544984340667725,True
7.058500528335571,-0.46157288551330566,18.544984340667725,True
7.033882141113281,-0.46157288551330566,18.544984340667725,True
7.0058674812316895,-0.46157288551330566,18.544984340667725,True
6.988270282745361,-0.46157288551330566,18.544984340667725,True
6.956644058227539,-0.46157288551330566,18.544984340667725,True
6.921651601791382,-0.46157288551330566,18.544984340667725,True
6.8759379386901855,-0.46157288551330566,18.544984340667725,True
6.840940475463867,-0.46157288551330566,18.544984340667725,True
6.809254169464111,-0.46157288551330566,18.544984340667725,True
6.781259536743164,-0.46157288551330566,18.544984340667725,True
6.75650429725647,-0.46157288551330566,18.544984340667725,True
6.728556394577026,-0.46157288551330566,18.544984340667725,True
6.693558931350708,-0.46157288551330566,18.544984340667725,True
6.6759867668151855,-0.46157288551330566,18.544984340667725,True
6.6549882888793945,-0.4645726680755615,18.544984340667725,True
6.63392972946167,-0.46758103370666504,18.544984340667725,True
6.609344720840454,-0.47109317779541016,18.544984340667725,True
6.588292837142944,-0.47410058975219727,18.544984340667725,True
6.567314386367798,-0.4770975112915039,18.544984340667725,True
6.542727708816528,-0.4806098937988281,18.544984340667725,True
6.521670818328857,-0.48361802101135254,18.544984340667725,True
6.500643968582153,-0.4866218566894531,18.544984340667725,True
6.475973844528198,-0.4901461601257324,18.544984340667725,True
6.454875230789185,-0.4931602478027344,18.544984340667725,True
6.433925151824951,-0.4961531162261963,18.544984340667725,True
6.409388542175293,-0.49965834617614746,18.544984340667725,True
6.388274908065796,-0.5026745796203613,18.544984340667725,True
6.367331504821777,-0.5056664943695068,18.544984340667725,True
6.342539548873901,-0.5092082023620605,18.544984340667725,True
6.321479320526123,-0.5122168064117432,18.544984340667725,True
6.296874284744263,-0.5157318115234375,18.544984340667725,True
6.272204160690308,-0.5192561149597168,18.544984340667725,True
6.2301671504974365,-0.525261402130127,18.544984340667725,True
6.209123611450195,-0.5282676219940186,18.544984340667725,True
6.184545278549194,-0.5317788124084473,18.544984340667725,True
6.158923864364624,-0.5354390144348145,18.544984340667725,True
6.138314247131348,-0.5383832454681396,18.544984340667725,True
6.113816022872925,-0.5418829917907715,18.544984340667725,True
6.092805862426758,-0.544884443283081,18.544984340667725,True
6.054181814193726,-0.5504021644592285,18.544984340667725,True
6.005058526992798,-0.5574197769165039,18.544984340667725,True
5.975034475326538,-0.561708927154541,18.544984340667725,True
5.947258472442627,-0.5656769275665283,18.544984340667725,True
5.915291786193848,-0.5702435970306396,18.544984340667725,True
5.88022255897522,-0.5752534866333008,18.544984340667725,True
5.858848571777344,-0.5783069133758545,18.544984340667725,True
5.8210155963897705,-0.5837116241455078,18.544984340667725,True
5.793066024780273,-0.5877044200897217,18.544984340667725,True
5.733445167541504,-0.5962216854095459,18.544984340667725,True
5.694302082061768,-0.601813554763794,18.544984340667725,True
5.666070461273193,-0.605846643447876,18.544984340667725,True
5.634382486343384,-0.6103734970092773,18.544984340667725,True
5.605808734893799,-0.6144554615020752,18.544984340667725,True
5.555410385131836,-0.6216552257537842,18.544984340667725,True
5.502732276916504,-0.6291806697845459,18.544984340667725,True
5.4742302894592285,-0.6332523822784424,18.544984340667725,True
5.439613342285156,-0.638197660446167,18.544984340667725,True
5.415033340454102,-0.6417090892791748,18.544984340667725,True
5.3796069622039795,-0.6467700004577637,18.544984340667725,True
5.347366571426392,-0.6513757705688477,18.544984340667725,True
5.319620609283447,-0.6553394794464111,18.544984340667725,True
5.298590421676636,-0.6583437919616699,18.544984340667725,True
5.267022609710693,-0.662853479385376,18.544984340667725,True
5.245985746383667,-0.6658587455749512,18.5479896068573,True
5.221374034881592,-0.6693747043609619,18.55150556564331,True
5.193322658538818,-0.673382043838501,18.55551290512085,True
5.165272951126099,-0.6773891448974609,18.55952000617981,True
5.133713483810425,-0.6818976402282715,18.56402850151062,True
5.1127684116363525,-0.6848897933959961,18.567020654678345,True
5.07415771484375,-0.6904056072235107,18.57253646850586,True
5.025104522705078,-0.6974132061004639,18.579544067382812,True
4.996200323104858,-0.7015423774719238,18.583673238754272,True
4.9752185344696045,-0.7045397758483887,18.586670637130737,True
4.943588972091675,-0.7090582847595215,18.59118914604187,True
4.9084179401397705,-0.7140827178955078,18.596213579177856,True
4.883842945098877,-0.7175934314727783,18.599724292755127,True
4.859171152114868,-0.7211179733276367,18.603248834609985,True
4.8382110595703125,-0.7241122722625732,18.606243133544922,True
4.817259311676025,-0.7271053791046143,18.609236240386963,True
4.792564153671265,-0.7306332588195801,18.61276412010193,True
4.771555662155151,-0.7336344718933105,18.61576533317566,True
4.7505271434783936,-0.7366385459899902,18.61876940727234,True
4.718884229660034,-0.7411589622497559,18.623289823532104,True
4.6978373527526855,-0.7441656589508057,18.626296520233154,True
4.676823854446411,-0.7471675872802734,18.629298448562622,True
4.652115345001221,-0.7506973743438721,18.63282823562622,True
4.624229192733765,-0.7546811103820801,18.63681197166443,True
4.571519374847412,-0.7622110843658447,18.644341945648193,True
4.54350471496582,-0.7662131786346436,18.648344039916992,True
4.504984140396118,-0.7717161178588867,18.65934991836548,True
4.4770729541778564,-0.7757034301757812,18.667324542999268,True
4.445394992828369,-0.780228853225708,18.67637538909912,True
4.410455942153931,-0.7852201461791992,18.686357975006104,True
4.364782333374023,-0.7917449474334717,18.69940757751465,True
4.304829359054565,-0.8003096580505371,18.71653699874878,True
4.269775152206421,-0.8053174018859863,18.726552486419678,True
4.248811721801758,-0.808312177658081,18.732542037963867,True
4.217135429382324,-0.8128373622894287,18.741592407226562,True
4.18549919128418,-0.8173568248748779,18.75063133239746,True
4.16091251373291,-0.8208692073822021,18.75765609741211,True
4.132874488830566,-0.8248746395111084,18.765666961669922,True
4.111243486404419,-0.8279647827148438,18.771847248077393,True
4.079178333282471,-0.8325455188751221,18.78100872039795,True
4.044232606887817,-0.8375377655029297,18.790993213653564,True
4.019298791885376,-0.841099739074707,18.79811716079712,True
3.98457670211792,-0.846060037612915,18.808037757873535,True
3.947643280029297,-0.8513362407684326,18.81859016418457,True
3.9057681560516357,-0.8573184013366699,18.830554485321045,False
3.5724732875823975,-0.912867546081543,18.94165277481079,False
3.225567102432251,-0.9706852436065674,19.05728816986084,False
2.8562376499176025,-0.9706852436065674,19.241952896118164,False
2.560281991958618,-0.9706852436065674,19.43925666809082,True
2.530249834060669,-0.9706852436065674,19.459278106689453,True
2.5091311931610107,-0.9706852436065674,19.47335720062256,True
2.491138219833374,-0.9706852436065674,19.485352516174316,True
2.472930669784546,-0.9706852436065674,19.497490882873535,True
2.45185923576355,-0.9706852436065674,19.5115385055542,True
2.4398086071014404,-0.9706852436065674,19.519572257995605,True
2.421839952468872,-0.9706852436065674,19.531551361083984,True
2.403794050216675,-0.9706852436065674,19.54358196258545,True
2.382688283920288,-0.9706852436065674,19.557652473449707,True
2.364670991897583,-0.9706852436065674,19.569664001464844,True
2.3284904956817627,-0.9706852436065674,19.59378433227539,True
2.3104617595672607,-0.9706852436065674,19.60580348968506,True
2.292405843734741,-0.9706852436065674,19.61784076690674,True
2.271390199661255,-0.9706852436065674,19.631851196289062,True
2.253347158432007,-0.9706852436065674,19.643879890441895,True
2.235339879989624,-0.9706852436065674,19.655884742736816,True
2.2140867710113525,-0.9706852436065674,19.670053482055664,True
2.195997953414917,-0.9706852436065674,19.68211269378662,True
2.1779849529266357,-0.9706852436065674,19.69412136077881,True
2.159996271133423,-0.9706852436065674,19.706113815307617,True
2.1389291286468506,-0.9706852436065674,19.720158576965332,True
2.1209418773651123,-0.9706852436065674,19.732150077819824,True
2.102903127670288,-0.9706852436065674,19.744175910949707,True
2.081777334213257,-0.9706852436065674,19.758259773254395,True
2.0638229846954346,-0.9706852436065674,19.77022933959961,True
2.045832872390747,-0.9706852436065674,19.782222747802734,True
2.0275752544403076,-0.9706852436065674,19.794394493103027,True
2.0035512447357178,-0.9706852436065674,19.810410499572754,True
1.9735491275787354,-0.9706852436065674,19.830411911010742,True
1.9523632526397705,-0.9706852436065674,19.84453582763672,True
1.9223339557647705,-0.9706852436065674,19.86455535888672,True
1.8712389469146729,-0.9706852436065674,19.898618698120117,True
1.850053071975708,-0.9706852436065674,19.912742614746094,True
1.8199822902679443,-0.9706852436065674,19.93278980255127,True
1.7867729663848877,-0.9706852436065674,19.95492935180664,True
1.7567880153656006,-0.9706852436065674,19.974919319152832,True
1.7205860614776611,-0.9706852436065674,19.999053955078125,True
1.684602975845337,-0.9706852436065674,20.023042678833008,True
1.6634457111358643,-0.9706852436065674,20.037147521972656,True
1.6334865093231201,-0.9706852436065674,20.057120323181152,True
1.612459421157837,-0.9706852436065674,20.071138381958008,True
1.5882794857025146,-0.9706852436065674,20.087258338928223,True
1.5642955303192139,-0.9706852436065674,20.10324764251709,True
1.5190684795379639,-0.9706852436065674,20.13339900970459,True
1.4739201068878174,-0.9706852436065674,20.163497924804688,False
1.253533124923706,-0.9706852436065674,20.339807510375977,False
1.055708885192871,-0.9706852436065674,20.498066902160645,True
1.0406789779663086,-0.9706852436065674,20.510090827941895,True
1.0095045566558838,-0.9706852436065674,20.535030364990234,True
0.991757869720459,-0.9706852436065674,20.549227714538574,True
0.9716854095458984,-0.9706852436065674,20.565285682678223,True
0.9566793441772461,-0.9706852436065674,20.577290534973145,True
0.9391603469848633,-0.9706852436065674,20.59130573272705,True
0.9241197109222412,-0.9706852436065674,20.60333824157715,True
0.9090838432312012,-0.9706852436065674,20.61536693572998,True
0.8863339424133301,-0.9706852436065674,20.633566856384277,True
0.8664093017578125,-0.9706852436065674,20.645521640777588,True
0.8287534713745117,-0.9706852436065674,20.66811513900757,True
0.8136711120605469,-0.9706852436065674,20.677164554595947,True
0.7987198829650879,-0.9706852436065674,20.686135292053223,True
0.7711443901062012,-0.9706852436065674,20.702680587768555,True
0.7511398792266846,-0.9706852436065674,20.714683294296265,True
0.7285139560699463,-0.9706852436065674,20.728258848190308,True
0.7008204460144043,-0.9706852436065674,20.744874954223633,True
0.6682643890380859,-0.9706852436065674,20.764408588409424,True
0.648209810256958,-0.9706852436065674,20.7764413356781,True
0.6230900287628174,-0.9706852436065674,20.791513204574585,True
0.6030056476593018,-0.9706852436065674,20.803563833236694,True
0.5802950859069824,-0.9706852436065674,20.817190170288086,True
0.5554101467132568,-0.9706852436065674,20.83212113380432,True
0.5327854156494141,-0.9706852436065674,20.845695972442627,True
0.5178079605102539,-0.9706852436065674,20.854682445526123,True
0.4801473617553711,-0.9706852436065674,20.877278804779053,True
0.4500744342803955,-0.9706852436065674,20.895322561264038,True
0.4225037097930908,-0.9706852436065674,20.91186499595642,True
0.3974769115447998,-0.9706852436065674,20.926881074905396,True
0.37474966049194336,-0.9706852436065674,20.94051742553711,True
0.3587775230407715,-0.9706852436065674,20.95249652862549,True
0.34476232528686523,-0.9706852436065674,20.963007926940918,True
0.33674001693725586,-0.9706852436065674,20.969024658203125,True
0.32070207595825195,-0.9706852436065674,20.981053113937378,False
0.15444040298461914,-0.9706852436065674,21.105749368667603,False
0.0022454261779785156,-0.9706852436065674,21.219895601272583,False
-0.22037839889526367,-0.9706852436065674,21.386863470077515,False
-0.4049839973449707,-0.9706852436065674,21.525317668914795,False
-0.597257137298584,-0.9706852436065674,21.669522523880005,False
-0.7495503425598145,-0.9706852436065674,21.783742427825928,False
-0.893735408782959,-0.9706852436065674,21.927927494049072,False
-1.0420260429382324,-0.9706852436065674,22.076218128204346,False
-1.223433017730713,-0.9706852436065674,22.257625102996826,False
-1.331580400466919,-0.9706852436065674,22.365772485733032,False
-1.4472408294677734,-0.9706852436065674,22.481432914733887,True
-1.4547638893127441,-0.9706852436065674,22.488955974578857,True
-1.4638161659240723,-0.9706852436065674,22.498008251190186,True
-1.472827672958374,-0.9706852436065674,22.507019758224487,True
-1.4818127155303955,-0.9706852436065674,22.51600480079651,True
-1.492347002029419,-0.9706852436065674,22.526539087295532,True
-1.5013377666473389,-0.9706852436065674,22.535529851913452,True
-1.5103371143341064,-0.9706852436065674,22.54452919960022,True
-1.5209028720855713,-0.9706852436065674,22.555094957351685,True
-1.526869535446167,-0.9706852436065674,22.56106162071228,True
-1.5358881950378418,-0.9706852436065674,22.570080280303955,True
-1.5464153289794922,-0.9706852436065674,22.580607414245605,True
-1.5554296970367432,-0.9706852436065674,22.589621782302856,True
-1.5644383430480957,-0.9706852436065674,22.59863042831421,True
-1.574949026107788,-0.9706852436065674,22.6091411113739,True
-1.5839905738830566,-0.9706852436065674,22.61818265914917,True
-1.5930006504058838,-0.9706852436065674,22.627192735671997,True
-1.6019914150238037,-0.9706852436065674,22.636183500289917,True
-1.6125271320343018,-0.9706852436065674,22.646719217300415,True
-1.6215250492095947,-0.9706852436065674,22.655717134475708,True
-1.6320686340332031,-0.9706852436065674,22.666260719299316,True
-1.6471154689788818,-0.9706852436065674,22.681307554244995,True
-1.656114101409912,-0.9706852436065674,22.690306186676025,True
-1.666644811630249,-0.9706852436065674,22.700836896896362,True
-1.6756913661956787,-0.9706852436065674,22.709883451461792,True
-1.684704303741455,-0.9706852436065674,22.71889638900757,True
-1.695265769958496,-0.9706852436065674,22.72945785522461,True
-1.704313039779663,-0.9706852436065674,22.738505125045776,True
-1.713294506072998,-0.9706852436065674,22.74748659133911,True
-1.7223174571990967,-0.9706852436065674,22.75650954246521,True
-1.738814115524292,-0.9706852436065674,22.773006200790405,True
-1.7478442192077637,-0.9706852436065674,22.782036304473877,True
-1.7583649158477783,-0.9706852436065674,22.79255700111389,True
-1.7703776359558105,-0.9706852436065674,22.804569721221924,True
-1.7793769836425781,-0.9706852436065674,22.81356906890869,True
-1.7885708808898926,-0.9706852436065674,22.822762966156006,True
-1.7975959777832031,-0.9706852436065674,22.831788063049316,True
-1.8065989017486572,-0.9706852436065674,22.84079098701477,True
-1.8171074390411377,-0.9706852436065674,22.85129952430725,True
-1.8321027755737305,-0.9706852436065674,22.866294860839844,True
-1.8411235809326172,-0.9706852436065674,22.87531566619873,True
-1.8516600131988525,-0.9706852436065674,22.885852098464966,True
-1.8636727333068848,-0.9706852436065674,22.897864818572998,True
-1.8726820945739746,-0.9706852436065674,22.906874179840088,True
-1.8862268924713135,-0.9706852436065674,22.920418977737427,True
-1.9012444019317627,-0.9706852436065674,22.935436487197876,True
-1.9118101596832275,-0.9706852436065674,22.94600224494934,True
-1.9329309463500977,-0.9706852436065674,22.96712303161621,True
-1.9539637565612793,-0.9706852436065674,22.988155841827393,True
-1.9645195007324219,-0.9706852436065674,22.998711585998535,True
-1.9765794277191162,-0.9706852436065674,23.01077151298523,True
-1.9915597438812256,-0.9706852436065674,23.02575182914734,True
-2.0038836002349854,-0.9706852436065674,23.0380756855011,True
-2.0158963203430176,-0.9706852436065674,23.05008840560913,True
-2.029440402984619,-0.9706852436065674,23.063632488250732,True
-2.0384254455566406,-0.9706852436065674,23.072617530822754,True
-2.050447463989258,-0.9706852436065674,23.08463954925537,True
-2.0610218048095703,-0.9706852436065674,23.095213890075684,True
-2.076007127761841,-0.9706852436065674,23.110199213027954,True
-2.0865328311920166,-0.9706852436065674,23.12072491645813,True
-2.0985848903656006,-0.9706852436065674,23.132776975631714,True
-2.115182399749756,-0.9706852436065674,23.14937448501587,True
-2.136225938796997,-0.9706852436065674,23.17041802406311,True
-2.1528284549713135,-0.9706852436065674,23.187020540237427,True
-2.1608102321624756,-0.9706852436065674,23.19500231742859,True
-2.1678407192230225,-0.9706852436065674,23.202032804489136,True
-2.173872709274292,-0.9706852436065674,23.208064794540405,True
-2.1798574924468994,-0.9706852436065674,23.214049577713013,True
-2.185870409011841,-0.9706852436065674,23.220062494277954,True
-2.192878484725952,-0.9706852436065674,23.227070569992065,True
-2.1988890171051025,-0.9706852436065674,23.233081102371216,True
-2.2079098224639893,-0.9706852436065674,23.242101907730103,True
-2.2159392833709717,-0.9706852436065674,23.250131368637085,True
-2.2219393253326416,-0.9706852436065674,23.256131410598755,True
-2.228963613510132,-0.9706852436065674,23.263155698776245,True
-2.235015630722046,-0.9706852436065674,23.26920771598816,True
-2.2410075664520264,-0.9706852436065674,23.27519965171814,True
-2.248065710067749,-0.9706852436065674,23.282257795333862,True
-2.25408673286438,-0.9706852436065674,23.288278818130493,True
-2.2620785236358643,-0.9706852436065674,23.296270608901978,True
-2.271136999130249,-0.9706852436065674,23.305329084396362,True
-2.277144193649292,-0.9706852436065674,23.311336278915405,True
-2.28315806388855,-0.9706852436065674,23.317350149154663,True
-2.2902286052703857,-0.9706852436065674,23.3244206905365,True
-2.296208143234253,-0.9706852436065674,23.330400228500366,True
-2.302208662033081,-0.9706852436065674,23.336400747299194,True
-2.309274435043335,-0.9706852436065674,23.34346652030945,True
-2.315274953842163,-0.9706852436065674,23.349467039108276,True
-2.3212730884552,-0.9706852436065674,23.355465173721313,True
-2.328282117843628,-0.9706852436065674,23.36247420310974,True
-2.334303617477417,-0.9706852436065674,23.36849570274353,True
-2.3423116207122803,-0.9706852436065674,23.376503705978394,True
-2.351426362991333,-0.9706852436065674,23.385618448257446,True
-2.35737681388855,-0.9706852436065674,23.391568899154663,True
-2.365377187728882,-0.9706852436065674,23.399569272994995,True
-2.3723976612091064,-0.9706852436065674,23.40658974647522,True
-2.3803961277008057,-0.9706852436065674,23.41458821296692,True
-2.3874142169952393,-0.9706852436065674,23.421606302261353,True
-2.3954412937164307,-0.9706852436065674,23.429633378982544,True
-2.405432939529419,-0.9706852436065674,23.439625024795532,True
-2.4134867191314697,-0.9706852436065674,23.447678804397583,True
-2.4194953441619873,-0.9706852436065674,23.4536874294281,True
-2.428508996963501,-0.9706852436065674,23.462701082229614,True
-2.4365217685699463,-0.9706852436065674,23.47071385383606,True
-2.4495432376861572,-0.9706852436065674,23.48373532295227,True
-2.457545042037964,-0.9706852436065674,23.491737127304077,True
-2.465543031692505,-0.9706852436065674,23.499735116958618,True
-2.4766323566436768,-0.9706852436065674,23.51082444190979,True
-2.4896504878997803,-0.9706852436065674,23.523842573165894,True
-2.499687433242798,-0.9706852436065674,23.53387951850891,True
-2.5086634159088135,-0.9706852436065674,23.542855501174927,True
-2.5186874866485596,-0.9706852436065674,23.552879571914673,True
-2.524700403213501,-0.9706852436065674,23.558892488479614,True
-2.5377700328826904,-0.9706852436065674,23.571962118148804,True
-2.548785924911499,-0.9706852436065674,23.582978010177612,True
-2.558820962905884,-0.9706852436065674,23.593013048171997,True
-2.56481671333313,-0.9706852436065674,23.599008798599243,True
-2.5739009380340576,-0.9706852436065674,23.60809302330017,True
-2.5799176692962646,-0.9706852436065674,23.614109754562378,True
-2.5889012813568115,-0.9706852436065674,23.623093366622925,True
-2.5949342250823975,-0.9706852436065674,23.62912631034851,True
-2.6029369831085205,-0.9706852436065674,23.637129068374634,True
-2.608983278274536,-0.9706852436065674,23.64317536354065,True
-2.6169841289520264,-0.9706852436065674,23.65117621421814,True
-2.6280314922332764,-0.9706852436065674,23.66222357749939,True
-2.6342275142669678,-0.9706852436065674,23.66841959953308,True
-2.644383192062378,-0.9706852436065674,23.67857527732849,False
-2.7176597118377686,-1.0073235034942627,23.788490056991577,False
-2.783334493637085,-1.040160894393921,23.88700222969055,False
-2.8394715785980225,-1.152435064315796,24.055413484573364,False
-2.8835911750793457,-1.2406742572784424,24.187772274017334,False
-2.9236888885498047,-1.3208696842193604,24.30806541442871,False
-2.96879243850708,-1.3659732341766357,24.443376064300537,False
-3.0034728050231934,-1.400653600692749,24.547417163848877,True
-3.0065131187438965,-1.4036939144134521,24.556538105010986,True
-3.0095105171203613,-1.406691312789917,24.56553030014038,True
-3.012509346008301,-1.4096901416778564,24.5745267868042,True
-3.0160062313079834,-1.413187026977539,24.585017442703247,True
-3.0190234184265137,-1.4162042140960693,24.594069004058838,True
-3.023035764694214,-1.4202165603637695,24.60610604286194,True
-3.0275332927703857,-1.4247140884399414,24.619598627090454,True
-3.030543804168701,-1.4277245998382568,24.6286301612854,True
-3.0335445404052734,-1.430725336074829,24.637632369995117,True
-3.0370466709136963,-1.434227466583252,24.648138761520386,True
-3.0400569438934326,-1.4372377395629883,24.657169580459595,True
-3.0430490970611572,-1.440229892730713,24.66614603996277,True
-3.0465762615203857,-1.4437570571899414,24.676727533340454,True
-3.0505714416503906,-1.4477522373199463,24.68871307373047,True
-3.054574489593506,-1.4517552852630615,24.700722217559814,True
-3.0580856800079346,-1.4552664756774902,24.7112557888031,True
-3.066627025604248,-1.4638078212738037,24.73687982559204,True
-3.0716190338134766,-1.4687998294830322,24.751855850219727,True
-3.0746054649353027,-1.4717862606048584,24.760815143585205,False
-3.118804693222046,-1.5159854888916016,24.893412828445435,True
-3.122810125350952,-1.5199909210205078,24.905429124832153,True
-3.1273391246795654,-1.524519920349121,24.919016122817993,True
-3.135866165161133,-1.5330469608306885,24.944597244262695,True
-3.1398723125457764,-1.5330469608306885,24.956615686416626,True
-3.1438724994659424,-1.5330469608306885,24.968616247177124,True
-3.1474149227142334,-1.5330469608306885,24.979243516921997,True
-3.1513986587524414,-1.5330469608306885,24.99119472503662,True
-3.1543924808502197,-1.5330469608306885,25.000176191329956,True
-3.158902883529663,-1.5330469608306885,25.013707399368286,True
-3.1629104614257812,-1.5330469608306885,25.02573013305664,True
-3.1664535999298096,-1.5330469608306885,25.036359548568726,True
-3.16945743560791,-1.5330469608306885,25.045371055603027,True
-3.1724581718444824,-1.5330469608306885,25.054373264312744,True
-3.175954580307007,-1.5330469608306885,25.064862489700317,True
-3.1789751052856445,-1.5330469608306885,25.07392406463623,True
-3.1819632053375244,-1.5330469608306885,25.08288836479187,True
-3.1854872703552246,-1.5330469608306885,25.09346055984497,True
-3.18849515914917,-1.5330469608306885,25.102484226226807,True
-3.1915009021759033,-1.5330469608306885,25.111501455307007,True
-3.1956305503845215,-1.5330469608306885,25.12389039993286,True
-3.198641538619995,-1.5330469608306885,25.132923364639282,True
-3.2036380767822266,-1.5330469608306885,25.147912979125977,True
-3.2071645259857178,-1.5330469608306885,25.15849232673645,True
-3.2101573944091797,-1.5330469608306885,25.167470932006836,True
-3.2131669521331787,-1.5330469608306885,25.176499605178833,True
-3.2156805992126465,-1.5330469608306885,25.184040546417236,True
-3.2187001705169678,-1.5330469608306885,25.1930992603302,True
-3.221696376800537,-1.5330469608306885,25.202087879180908,True
-3.2246971130371094,-1.5330469608306885,25.211090087890625,True
-3.228207588195801,-1.5330469608306885,25.2216215133667,True
-3.231205463409424,-1.5330469608306885,25.23061513900757,True
-3.2367444038391113,-1.5330469608306885,25.24723196029663,True
-3.240748882293701,-1.5330469608306885,25.2592453956604,True
-3.243744134902954,-1.5330469608306885,25.26823115348816,True
-3.2472798824310303,-1.5330469608306885,25.278838396072388,True
-3.2512760162353516,-1.5330469608306885,25.29082679748535,True
-3.2542777061462402,-1.5330469608306885,25.299831867218018,True
-3.2587950229644775,-1.5330469608306885,25.31338381767273,True
-3.26279616355896,-1.5330469608306885,25.325387239456177,True
-3.2673094272613525,-1.5330469608306885,25.338927030563354,False
-3.3119733333587646,-1.5330469608306885,25.47291874885559,False
-3.3555848598480225,-1.5330469608306885,25.603753328323364,False
-3.392651081085205,-1.5330469608306885,25.714951992034912,False
-3.4262452125549316,-1.5330469608306885,25.815734386444092,False
-3.462803840637207,-1.5330469608306885,25.925410270690918,False
-3.5124130249023438,-1.5330469608306885,26.074237823486328,False
-3.5555310249328613,-1.5330469608306885,26.20359182357788,False
-3.592595100402832,-1.5330469608306885,26.314784049987793,True
-3.5961055755615234,-1.5330469608306885,26.325315475463867,True
-3.5991275310516357,-1.5330469608306885,26.334381341934204,True
-3.602123975753784,-1.5330469608306885,26.34337067604065,True
-3.6056549549102783,-1.5330469608306885,26.353963613510132,True
-3.608670949935913,-1.5330469608306885,26.363011598587036,True
-3.6116697788238525,-1.5330469608306885,26.372008085250854,True
-3.6146693229675293,-1.5330469608306885,26.381006717681885,True
-3.6181724071502686,-1.5330469608306885,26.391515970230103,True
-3.621177911758423,-1.5330469608306885,26.400532484054565,True
-3.625697135925293,-1.5330469608306885,26.414090156555176,True
-3.6297028064727783,-1.5330469608306885,26.426107168197632,True
-3.6327192783355713,-1.5330469608306885,26.43515658378601,True
-3.6362130641937256,-1.5330469608306885,26.445637941360474,True
-3.6392242908477783,-1.5330469608306885,26.454671621322632,True
-3.6422278881073,-1.5330469608306885,26.463682413101196,True
-3.645737886428833,-1.5330469608306885,26.474212408065796,True
-3.647742986679077,-1.5330469608306885,26.48022770881653,True
-3.6507487297058105,-1.5330469608306885,26.48924493789673,True
-3.6537420749664307,-1.5330469608306885,26.49822497367859,True
-3.658252239227295,-1.5330469608306885,26.51175546646118,False
-3.706697940826416,-1.5330469608306885,26.705538272857666,False
-3.7557334899902344,-1.5330469608306885,26.90168046951294,False
-3.7928128242492676,-1.5330469608306885,27.049997806549072,False
-3.8253684043884277,-1.5330469608306885,27.180220127105713,False
-3.8599352836608887,-1.5330469608306885,27.318487644195557,False
-3.8964693546295166,-1.5330469608306885,27.46462392807007,False
-3.938560724258423,-1.5330469608306885,27.632989406585693,True
-3.941563367843628,-1.5330469608306885,27.644999980926514,True
-3.944563865661621,-1.5330469608306885,27.657001972198486,True
-3.9480948448181152,-1.5330469608306885,27.671125888824463,True
-3.9510838985443115,-1.5330469608306885,27.683082103729248,True
-3.9540719985961914,-1.5330469608306885,27.695034503936768,True
-3.957623243331909,-1.5330469608306885,27.70923948287964,True
-3.9606361389160156,-1.5330469608306885,27.721291065216064,True
-3.9636662006378174,-1.5330469608306885,27.73341131210327,True
-3.96620512008667,-1.5330469608306885,27.74356698989868,True
-3.9692180156707764,-1.5330469608306885,27.755618572235107,True
-3.974215507507324,-1.5330469608306885,27.7756085395813,True
-3.9777333736419678,-1.5330469608306885,27.789680004119873,True
-3.980724334716797,-1.5330469608306885,27.80164384841919,True
-3.9837327003479004,-1.5330469608306885,27.813677310943604,True
-3.9862477779388428,-1.5330469608306885,27.823737621307373,True
-3.9902498722076416,-1.5330469608306885,27.83974599838257,True
-3.9932479858398438,-1.5330469608306885,27.851738452911377,True
-3.9967687129974365,-1.5330469608306885,27.865821361541748,True
-3.9997777938842773,-1.5330469608306885,27.87785768508911,True
-4.002783298492432,-1.5330469608306885,27.88987970352173,True
-4.0063087940216064,-1.5330469608306885,27.903981685638428,True
-4.009315013885498,-1.5330469608306885,27.916006565093994,True
-4.012319087982178,-1.5330469608306885,27.928022861480713,True
-4.015822649002075,-1.5330469608306885,27.942037105560303,True
-4.0188374519348145,-1.5330469608306885,27.95409631729126,True
-4.021830797195435,-1.5330469608306885,27.96606969833374,True
-4.0253448486328125,-1.5330469608306885,27.980125904083252,True
-4.02935528755188,-1.5330469608306885,27.99616765975952,True
-4.033362627029419,-1.5330469608306885,28.012197017669678,True
-4.035856246948242,-1.5330469608306885,28.02217149734497,True
-4.038877010345459,-1.5330469608306885,28.034254550933838,True
-4.041869401931763,-1.5330469608306885,28.046224117279053,True
-4.045377254486084,-1.5330469608306885,28.060255527496338,True
-4.048387050628662,-1.5330469608306885,28.07229471206665,True
-4.051391839981079,-1.5330469608306885,28.08431386947632,True
-4.05439567565918,-1.5330469608306885,28.09632921218872,True
-4.058907508850098,-1.5330469608306885,28.114376544952393,True
-4.062901258468628,-1.5330469608306885,28.130351543426514,True
-4.066449165344238,-1.5330469608306885,28.144543170928955,True
-4.069443225860596,-1.5330469608306885,28.156519412994385,True
-4.072445869445801,-1.5330469608306885,28.168529987335205,True
-4.0759570598602295,-1.5330469608306885,28.18257474899292,True
-4.078964948654175,-1.5330469608306885,28.1946063041687,True
-4.081970453262329,-1.5330469608306885,28.20662832260132,True
-4.08547568321228,-1.5330469608306885,28.220649242401123,False
-4.120063304901123,-1.5330469608306885,28.358999729156494,False
-4.1526267528533936,-1.5330469608306885,28.489253520965576,False
-4.201751708984375,-1.5330469608306885,28.685753345489502,False
-4.2488672733306885,-1.5330469608306885,28.874215602874756,False
-4.287942886352539,-1.5330469608306885,29.030518054962158,False
-4.319990634918213,-1.5330469608306885,29.158709049224854,False
-4.319990634918213,-1.5330469608306885,29.284882068634033,False
-4.319990634918213,-1.5330469608306885,29.44115400314331,False
-4.319990634918213,-1.5330469608306885,29.676958322525024,False
-4.319990634918213,-1.5330469608306885,29.83965277671814,False
-4.319990634918213,-1.5330469608306885,30.010770559310913,False
-4.319990634918213,-1.5330469608306885,30.18621325492859,False
-4.319990634918213,-1.5330469608306885,30.357478857040405,True
-4.319990634918213,-1.5330469608306885,30.37549614906311,True
-4.319990634918213,-1.5330469608306885,30.390418767929077,True
-4.319990634918213,-1.5330469608306885,30.405482053756714,True
-4.319990634918213,-1.5330469608306885,30.420563220977783,True
-4.319990634918213,-1.5330469608306885,30.435551404953003,True
-4.319990634918213,-1.5330469608306885,30.45103669166565,True
-4.319990634918213,-1.5330469608306885,30.473804473876953,True
-4.319990634918213,-1.5330469608306885,30.49687147140503,True
-4.319990634918213,-1.5330469608306885,30.51539659500122,True
-4.319990634918213,-1.5330469608306885,30.530821084976196,True
-4.319990634918213,-1.5330469608306885,30.54566502571106,True
-4.319990634918213,-1.5330469608306885,30.55777859687805,True
-4.319990634918213,-1.5330469608306885,30.571695566177368,True
-4.319990634918213,-1.5330469608306885,30.583829164505005,True
-4.319990634918213,-1.5330469608306885,30.595826387405396,True
-4.319990634918213,-1.5330469608306885,30.61039090156555,True
-4.319990634918213,-1.5330469608306885,30.622391939163208,True
-4.319990634918213,-1.5330469608306885,30.63440251350403,True
-4.319990634918213,-1.5330469608306885,30.64944577217102,True
-4.319990634918213,-1.5330469608306885,30.66541886329651,True
-4.319990634918213,-1.5330469608306885,30.683298349380493,True
-4.319990634918213,-1.5330469608306885,30.699578523635864,True
-4.319990634918213,-1.5330469608306885,30.715306520462036,True
-4.319990634918213,-1.5330469608306885,30.72935700416565,True
-4.319990634918213,-1.5330469608306885,30.749639749526978,True
-4.319990634918213,-1.5330469608306885,30.770686388015747,True
-4.319990634918213,-1.5330469608306885,30.79438328742981,True
-4.319990634918213,-1.5330469608306885,30.812516450881958,True
-4.319990634918213,-1.5330469608306885,30.82848858833313,True
-4.319990634918213,-1.5330469608306885,30.842606782913208,True
-4.319990634918213,-1.5330469608306885,30.862687349319458,True
-4.319990634918213,-1.5330469608306885,30.884849786758423,True
-4.319990634918213,-1.5330469608306885,30.914936304092407,True
-4.319990634918213,-1.5330469608306885,30.937041521072388,True
-4.319990634918213,-1.5330469608306885,30.949002504348755,True
-4.319990634918213,-1.5330469608306885,30.971134424209595,True
-4.319990634918213,-1.5330469608306885,30.987180948257446,True
-4.319990634918213,-1.5330469608306885,31.0053608417511,True
-4.319990634918213,-1.5330469608306885,31.03327202796936,True
-4.319990634918213,-1.5330469608306885,31.05136799812317,True
-4.319990634918213,-1.5330469608306885,31.075367212295532,False
-4.319990634918213,-1.5330469608306885,31.219842195510864,False
-4.319990634918213,-1.5330469608306885,31.386704683303833,False
-4.319990634918213,-1.5330469608306885,31.534989595413208,False
-4.319990634918213,-1.5330469608306885,31.75603413581848,False
-4.319990634918213,-1.5330469608306885,31.898732662200928,False
-4.319990634918213,-1.5330469608306885,32.00388240814209,False
-4.319990634918213,-1.5330469608306885,32.06597948074341,False
-4.319990634918213,-1.5330469608306885,32.133095264434814,False
-4.319990634918213,-1.5330469608306885,32.214195728302,False
-4.319990634918213,-1.5330469608306885,32.25833201408386,False
-4.319990634918213,-1.5330469608306885,32.29790139198303,False
-4.319990634918213,-1.5330469608306885,32.329949140548706,True
-4.319990634918213,-1.5330469608306885,32.33396053314209,True
-4.319990634918213,-1.5330469608306885,32.33899903297424,True
-4.319990634918213,-1.5330469608306885,32.34201383590698,True
-4.319990634918213,-1.5330469608306885,32.346009731292725,True
-4.319990634918213,-1.5330469608306885,32.350523710250854,True
-4.319990634918213,-1.5330469608306885,32.35352849960327,True
-4.319990634918213,-1.5330469608306885,32.35652804374695,True
-4.319990634918213,-1.5330469608306885,32.36004614830017,True
-4.319990634918213,-1.5330469608306885,32.36304569244385,True
-4.319990634918213,-1.5330469608306885,32.366047859191895,True
-4.319990634918213,-1.5330469608306885,32.36956715583801,True
-4.319990634918213,-1.5330469608306885,32.37356400489807,True
-4.319990634918213,-1.5330469608306885,32.37984609603882,False
-4.319990634918213,-1.5330469608306885,32.41037583351135,False
-4.319990634918213,-1.5330469608306885,32.443413734436035,False
-4.319990634918213,-1.5330469608306885,32.486499309539795,False
-4.319990634918213,-1.5330469608306885,32.536051750183105,False
-4.319990634918213,-1.5330469608306885,32.536051750183105,False
-4.319990634918213,-1.5330469608306885,32.536051750183105,False
-4.319990634918213,-1.5330469608306885,32.536051750183105,False
-4.319990634918213,-1.5330469608306885,32.536051750183105,False
-4.319990634918213,-1.5330469608306885,32.536051750183105,False
-4.319990634918213,-1.5330469608306885,32.536051750183105,False
-4.319990634918213,-1.5330469608306885,32.536051750183105,False
-4.319990634918213,-1.5330469608306885,32.536051750183105,False
-4.319990634918213,-1.5330469608306885,32.536051750183105,False
-4.319990634918213,-1.5330469608306885,32.536051750183105,False
-4.319990634918213,-1.5330469608306885,32.536051750183105,False
-4.319990634918213,-1.5330469608306885,32.536051750183105,False
-4.319990634918213,-1.5330469608306885,32.536051750183105,False
-4.319990634918213,-1.5330469608306885,32.536051750183105,False
-4.319990634918213,-1.5330469608306885,32.536051750183105,False
-4.319990634918213,-1.5330469608306885,32.536051750183105,False
-4.319990634918213,-1.5330469608306885,32.536051750183105,False
-4.319990634918213,-1.5330469608306885,32.536051750183105,False
-4.319990634918213,-1.5330469608306885,32.536051750183105,False
-4.319990634918213,-1.5330469608306885,32.536051750183105,False
-4.319990634918213,-1.5330469608306885,32.536051750183105,False
-4.319990634918213,-1.5330469608306885,32.536051750183105,False
-4.319990634918213,-1.5330469608306885,32.536051750183105,False
-4.319990634918213,-1.5330469608306885,32.536051750183105,False
-4.319990634918213,-1.5330469608306885,32.536051750183105,False
-4.319990634918213,-1.5330469608306885,32.536051750183105,False
-4.319990634918213,-1.5330469608306885,32.536051750183105,False
-4.319990634918213,-1.5330469608306885,32.536051750183105,False
-4.319990634918213,-1.5330469608306885,32.536051750183105,False
-4.319990634918213,-1.5330469608306885,32.536051750183105,False
-4.319990634918213,-1.5330469608306885,32.536051750183105,False
-4.319990634918213,-1.5330469608306885,32.536051750183105,False
-4.319990634918213,-1.5330469608306885,32.536051750183105,False
-4.319990634918213,-1.5330469608306885,32.536051750183105,False
-4.319990634918213,-1.5330469608306885,32.536051750183105,False
-4.319990634918213,-1.5330469608306885,32.536051750183105,False
-4.319990634918213,-1.5330469608306885,32.536051750183105,False
-4.319990634918213,-1.5330469608306885,32.536051750183105,False
-4.319990634918213,-1.5330469608306885,32.536051750183105,False
-4.319990634918213,-1.5330469608306885,32.536051750183105,False
-4.319990634918213,-1.5330469608306885,32.536051750183105,False
-4.319990634918213,-1.5330469608306885,32.536051750183105,False
-4.319990634918213,-1.5330469608306885,32.536051750183105,False
-4.319990634918213,-1.5330469608306885,32.536051750183105,False
-4.319990634918213,-1.5330469608306885,32.536051750183105,False
-4.319990634918213,-1.5330469608306885,32.536051750183105,False
-4.319990634918213,-1.5330469608306885,32.536051750183105,False
-4.319990634918213,-1.5330469608306885,32.536051750183105,False
-4.319990634918213,-1.5330469608306885,32.536051750183105,False
-4.319990634918213,-1.5330469608306885,32.536051750183105,False
-4.319990634918213,-1.5330469608306885,32.536051750183105,False
-4.319990634918213,-1.5330469608306885,32.536051750183105,False
-4.319990634918213,-1.5330469608306885,32.536051750183105,False
-4.319990634918213,-1.5330469608306885,32.536051750183105,False
-4.319990634918213,-1.5330469608306885,32.536051750183105,False
-4.319990634918213,-1.5330469608306885,32.536051750183105,False
-4.319990634918213,-1.5330469608306885,32.536051750183105,False
-4.319990634918213,-1.5330469608306885,32.536051750183105,False
-4.319990634918213,-1.5330469608306885,32.536051750183105,False
-4.319990634918213,-1.5330469608306885,32.536051750183105,False
-4.319990634918213,-1.5330469608306885,32.536051750183105,False
-4.319990634918213,-1.5330469608306885,32.536051750183105,False
-4.319990634918213,-1.5330469608306885,32.536051750183105,False
-4.319990634918213,-1.5330469608306885,32.536051750183105,False
-4.319990634918213,-1.5330469608306885,32.536051750183105,False
-4.319990634918213,-1.5330469608306885,32.536051750183105,False
-4.319990634918213,-1.5330469608306885,32.536051750183105,False
-4.319990634918213,-1.5330469608306885,32.536051750183105,False
-4.319990634918213,-1.5330469608306885,32.536051750183105,False
-4.319990634918213,-1.5330469608306885,32.536051750183105,False
-4.319990634918213,-1.5330469608306885,32.536051750183105,False
-4.319990634918213,-1.5330469608306885,32.536051750183105,False
-4.319990634918213,-1.5330469608306885,32.536051750183105,False
-4.319990634918213,-1.5330469608306885,32.536051750183105,False
-4.319990634918213,-1.5330469608306885,32.536051750183105,False
-4.319990634918213,-1.5330469608306885,32.536051750183105,False
-4.319990634918213,-1.5330469608306885,32.536051750183105,False
-4.319990634918213,-1.5330469608306885,32.536051750183105,False
-4.319990634918213,-1.5330469608306885,32.536051750183105,False
-4.319990634918213,-1.5330469608306885,32.536051750183105,False
-4.319990634918213,-1.5330469608306885,32.536051750183105,False
-4.319990634918213,-1.5330469608306885,32.536051750183105,False
-4.319990634918213,-1.5330469608306885,32.536051750183105,False
-4.319990634918213,-1.5330469608306885,32.536051750183105,False
-4.319990634918213,-1.5330469608306885,32.536051750183105,False
-4.319990634918213,-1.5330469608306885,32.536051750183105,False
-4.319990634918213,-1.5330469608306885,32.536051750183105,False
-4.319990634918213,-1.5330469608306885,32.536051750183105,False
-4.319990634918213,-1.5330469608306885,32.536051750183105,False
-4.319990634918213,-1.5330469608306885,32.536051750183105,False
-4.319990634918213,-1.5330469608306885,32.536051750183105,False
-4.319990634918213,-1.5330469608306885,32.536051750183105,False
-4.319990634918213,-1.5330469608306885,32.536051750183105,False
-4.319990634918213,-1.5330469608306885,32.536051750183105,False
-4.319990634918213,-1.5330469608306885,32.536051750183105,False
-4.319990634918213,-1.5330469608306885,32.536051750183105,False
-4.319990634918213,-1.5330469608306885,32.536051750183105,False
-4.319990634918213,-1.5330469608306885,32.536051750183105,False
-4.319990634918213,-1.5330469608306885,32.536051750183105,False
-4.319990634918213,-1.5330469608306885,32.536051750183105,False
-4.319990634918213,-1.5330469608306885,32.536051750183105,False
-4.319990634918213,-1.5330469608306885,32.536051750183105,False
-4.319990634918213,-1.5330469608306885,32.536051750183105,False
-4.319990634918213,-1.5330469608306885,32.536051750183105,False
-4.319990634918213,-1.5330469608306885,32.536051750183105,False
-4.319990634918213,-1.5330469608306885,32.536051750183105,False
-4.319990634918213,-1.5330469608306885,32.536051750183105,False
-4.319990634918213,-1.5330469608306885,32.536051750183105,False
-4.319990634918213,-1.5330469608306885,32.536051750183105,False
-4.319990634918213,-1.5330469608306885,32.536051750183105,False
-4.319990634918213,-1.5330469608306885,32.536051750183105,False
-4.319990634918213,-1.5330469608306885,32.536051750183105,False
-4.319990634918213,-1.5330469608306885,32.536051750183105,False
-4.319990634918213,-1.5330469608306885,32.536051750183105,False
-4.319990634918213,-1.5330469608306885,32.536051750183105,False
-4.319990634918213,-1.5330469608306885,32.536051750183105,False
-4.319990634918213,-1.5330469608306885,32.536051750183105,False
-4.319990634918213,-1.5330469608306885,32.536051750183105,False
-4.319990634918213,-1.5330469608306885,32.536051750183105,False
-4.319990634918213,-1.5330469608306885,32.536051750183105,False
-4.319990634918213,-1.5330469608306885,32.536051750183105,False
-4.319990634918213,-1.5330469608306885,32.536051750183105,False
-4.319990634918213,-1.5330469608306885,32.536051750183105,False
-4.319990634918213,-1.5330469608306885,32.536051750183105,False
-4.319990634918213,-1.5330469608306885,32.536051750183105,False
-4.319990634918213,-1.5330469608306885,32.536051750183105,False
-4.319990634918213,-1.5330469608306885,32.536051750183105,False
-4.319990634918213,-1.5330469608306885,32.536051750183105,False
-4.319990634918213,-1.5330469608306885,32.536051750183105,False
-4.319990634918213,-1.5330469608306885,32.536051750183105,False
-4.319990634918213,-1.5330469608306885,32.536051750183105,False
-4.319990634918213,-1.5330469608306885,32.536051750183105,False
-4.319990634918213,-1.5330469608306885,32.536051750183105,False
-4.319990634918213,-1.5330469608306885,32.536051750183105,False
-4.319990634918213,-1.5330469608306885,32.536051750183105,False
-4.319990634918213,-1.5330469608306885,32.536051750183105,False
-4.319990634918213,-1.5330469608306885,32.536051750183105,False
-4.319990634918213,-1.5330469608306885,32.536051750183105,False
-4.319990634918213,-1.5330469608306885,32.536051750183105,False
-4.319990634918213,-1.5330469608306885,32.536051750183105,False
-4.319990634918213,-1.5330469608306885,32.536051750183105,False
-4.319990634918213,-1.5330469608306885,32.536051750183105,False
-4.319990634918213,-1.5330469608306885,32.536051750183105,False
-4.319990634918213,-1.5330469608306885,32.536051750183105,False
-4.319990634918213,-1.5330469608306885,32.536051750183105,False
-4.319990634918213,-1.5330469608306885,32.536051750183105,False
-4.319990634918213,-1.5330469608306885,32.536051750183105,False
-4.319990634918213,-1.5330469608306885,32.536051750183105,False
-4.319990634918213,-1.5330469608306885,32.536051750183105,False
-4.319990634918213,-1.5330469608306885,32.536051750183105,False
-4.319990634918213,-1.5330469608306885,32.536051750183105,False
-4.319990634918213,-1.5330469608306885,32.536051750183105,False
-4.319990634918213,-1.5330469608306885,32.536051750183105,False
-4.319990634918213,-1.5330469608306885,32.536051750183105,False
-4.319990634918213,-1.5330469608306885,32.536051750183105,False
-4.319990634918213,-1.5330469608306885,32.536051750183105,False
-4.319990634918213,-1.5330469608306885,32.536051750183105,False
-4.319990634918213,-1.5330469608306885,32.536051750183105,False
-4.319990634918213,-1.5330469608306885,32.536051750183105,False
-4.319990634918213,-1.5330469608306885,32.536051750183105,False
-4.319990634918213,-1.5330469608306885,32.536051750183105,False
-4.319990634918213,-1.5330469608306885,32.536051750183105,False
-4.319990634918213,-1.5330469608306885,32.536051750183105,False
-4.319990634918213,-1.5330469608306885,32.536051750183105,False
-4.319990634918213,-1.5330469608306885,32.536051750183105,False
-4.319990634918213,-1.5330469608306885,32.536051750183105,False
-4.319990634918213,-1.5330469608306885,32.536051750183105,False
-4.319990634918213,-1.5330469608306885,32.536051750183105,False
-4.319990634918213,-1.5330469608306885,32.536051750183105,False
-4.319990634918213,-1.5330469608306885,32.536051750183105,False
-4.319990634918213,-1.5330469608306885,32.536051750183105,False
-4.319990634918213,-1.5330469608306885,32.536051750183105,False
-4.319990634918213,-1.5330469608306885,32.536051750183105,False
-4.319990634918213,-1.5330469608306885,32.536051750183105,False
-4.319990634918213,-1.5330469608306885,32.536051750183105,False
-4.319990634918213,-1.5330469608306885,32.536051750183105,False
-4.319990634918213,-1.5330469608306885,32.536051750183105,False
-4.319990634918213,-1.5330469608306885,32.536051750183105,False
-4.319990634918213,-1.5330469608306885,32.536051750183105,False
-4.319990634918213,-1.5330469608306885,32.536051750183105,False
-4.319990634918213,-1.5330469608306885,32.536051750183105,False
-4.319990634918213,-1.5330469608306885,32.536051750183105,False
-4.319990634918213,-1.5330469608306885,32.536051750183105,False
-4.319990634918213,-1.5330469608306885,32.536051750183105,False
-4.319990634918213,-1.5330469608306885,32.536051750183105,False
-4.319990634918213,-1.5330469608306885,32.536051750183105,False
-4.319990634918213,-1.5330469608306885,32.536051750183105,False
-4.319990634918213,-1.5330469608306885,32.536051750183105,False
-4.319990634918213,-1.5330469608306885,32.536051750183105,False
-4.319990634918213,-1.5330469608306885,32.536051750183105,False
-4.319990634918213,-1.5330469608306885,32.536051750183105,False
-4.319990634918213,-1.5330469608306885,32.536051750183105,False
-4.319990634918213,-1.5330469608306885,32.536051750183105,False
-4.319990634918213,-1.5330469608306885,32.536051750183105,False
-4.319990634918213,-1.5330469608306885,32.536051750183105,False
-4.319990634918213,-1.5330469608306885,32.536051750183105,False
-4.319990634918213,-1.5330469608306885,32.536051750183105,False
-4.319990634918213,-1.5330469608306885,32.536051750183105,False
-4.319990634918213,-1.5330469608306885,32.536051750183105,False
-4.319990634918213,-1.5330469608306885,32.536051750183105,False
-4.319990634918213,-1.5330469608306885,32.536051750183105,False
-4.319990634918213,-1.5330469608306885,32.536051750183105,False
-4.319990634918213,-1.5330469608306885,32.536051750183105,False
-4.319990634918213,-1.5330469608306885,32.536051750183105,False
-4.319990634918213,-1.5330469608306885,32.536051750183105,False
-4.319990634918213,-1.5330469608306885,32.536051750183105,False
-4.319990634918213,-1.5330469608306885,32.536051750183105,False
-4.319990634918213,-1.5330469608306885,32.536051750183105,False
-4.319990634918213,-1.5330469608306885,32.536051750183105,False
-4.319990634918213,-1.5330469608306885,32.536051750183105,False
-4.319990634918213,-1.5330469608306885,32.536051750183105,False
-4.319990634918213,-1.5330469608306885,32.536051750183105,False
-4.319990634918213,-1.5330469608306885,32.536051750183105,False
-4.319990634918213,-1.5330469608306885,32.536051750183105,False
-4.319990634918213,-1.5330469608306885,32.536051750183105,False
-4.319990634918213,-1.5330469608306885,32.536051750183105,False
-4.319990634918213,-1.5330469608306885,32.536051750183105,False
-4.319990634918213,-1.5330469608306885,32.536051750183105,False
-4.319990634918213,-1.5330469608306885,32.536051750183105,False
-4.319990634918213,-1.5330469608306885,32.536051750183105,False
-4.319990634918213,-1.5330469608306885,32.536051750183105,False
-4.319990634918213,-1.5330469608306885,32.536051750183105,False
-4.319990634918213,-1.5330469608306885,32.536051750183105,False
-4.319990634918213,-1.5330469608306885,32.536051750183105,False
-4.319990634918213,-1.5330469608306885,32.536051750183105,False
-4.319990634918213,-1.5330469608306885,32.536051750183105,False
-4.319990634918213,-1.5330469608306885,32.536051750183105,False
-4.319990634918213,-1.5330469608306885,32.536051750183105,False
-4.319990634918213,-1.5330469608306885,32.536051750183105,False
-4.319990634918213,-1.5330469608306885,32.536051750183105,False
-4.319990634918213,-1.5330469608306885,32.536051750183105,False
-4.319990634918213,-1.5330469608306885,32.536051750183105,False
-4.319990634918213,-1.5330469608306885,32.536051750183105,False
-4.319990634918213,-1.5330469608306885,32.536051750183105,False
-4.319990634918213,-1.5330469608306885,32.536051750183105,False
-4.319990634918213,-1.5330469608306885,32.536051750183105,False
-4.319990634918213,-1.5330469608306885,32.536051750183105,False
-4.319990634918213,-1.5330469608306885,32.536051750183105,False
-4.319990634918213,-1.5330469608306885,32.536051750183105,False
-4.319990634918213,-1.5330469608306885,32.536051750183105,False
-4.319990634918213,-1.5330469608306885,32.536051750183105,False
-4.319990634918213,-1.5330469608306885,32.536051750183105,False
-4.319990634918213,-1.5330469608306885,32.536051750183105,False
-4.319990634918213,-1.5330469608306885,32.536051750183105,False
-4.319990634918213,-1.5330469608306885,32.536051750183105,False
-4.319990634918213,-1.5330469608306885,32.536051750183105,False
-4.319990634918213,-1.5330469608306885,32.536051750183105,False
-4.319990634918213,-1.5330469608306885,32.536051750183105,False
-4.319990634918213,-1.5330469608306885,32.536051750183105,False
-4.319990634918213,-1.5330469608306885,32.536051750183105,False
-4.319990634918213,-1.5330469608306885,32.536051750183105,False
-4.319990634918213,-1.5330469608306885,32.536051750183105,False
-4.319990634918213,-1.5330469608306885,32.536051750183105,False
-4.319990634918213,-1.5330469608306885,32.536051750183105,False
-4.319990634918213,-1.5330469608306885,32.536051750183105,False
-4.319990634918213,-1.5330469608306885,32.536051750183105,False
-4.319990634918213,-1.5330469608306885,32.536051750183105,False
-4.319990634918213,-1.5330469608306885,32.536051750183105,False
-4.319990634918213,-1.5330469608306885,32.536051750183105,False
-4.319990634918213,-1.5330469608306885,32.536051750183105,False
-4.319990634918213,-1.5330469608306885,32.536051750183105,False
-4.319990634918213,-1.5330469608306885,32.536051750183105,False
-4.319990634918213,-1.5330469608306885,32.536051750183105,False
-4.319990634918213,-1.5330469608306885,32.536051750183105,False
-4.319990634918213,-1.5330469608306885,32.536051750183105,False
-4.319990634918213,-1.5330469608306885,32.536051750183105,False
-4.319990634918213,-1.5330469608306885,32.536051750183105,False
-4.319990634918213,-1.5330469608306885,32.536051750183105,False
-4.319990634918213,-1.5330469608306885,32.536051750183105,False
-4.319990634918213,-1.5330469608306885,32.536051750183105,False
-4.319990634918213,-1.5330469608306885,32.536051750183105,False
-4.319990634918213,-1.5330469608306885,32.536051750183105,False
-4.319990634918213,-1.5330469608306885,32.536051750183105,False
-4.319990634918213,-1.5330469608306885,32.536051750183105,False
-4.319990634918213,-1.5330469608306885,32.536051750183105,False
-4.319990634918213,-1.5330469608306885,32.536051750183105,False
-4.319990634918213,-1.5330469608306885,32.536051750183105,False
-4.319990634918213,-1.5330469608306885,32.536051750183105,False
-4.319990634918213,-1.5330469608306885,32.536051750183105,False
-4.319990634918213,-1.5330469608306885,32.536051750183105,False
-4.319990634918213,-1.5330469608306885,32.536051750183105,False
-4.319990634918213,-1.5330469608306885,32.536051750183105,False
-4.319990634918213,-1.5330469608306885,32.536051750183105,False
-4.319990634918213,-1.5330469608306885,32.536051750183105,False
-4.319990634918213,-1.5330469608306885,32.536051750183105,False
-4.319990634918213,-1.5330469608306885,32.536051750183105,False
-4.319990634918213,-1.5330469608306885,32.536051750183105,False
-4.319990634918213,-1.5330469608306885,32.536051750183105,False
-4.319990634918213,-1.5330469608306885,32.536051750183105,False
-4.319990634918213,-1.5330469608306885,32.536051750183105,False
-4.319990634918213,-1.5330469608306885,32.536051750183105,False
-4.319990634918213,-1.5330469608306885,32.536051750183105,False
-4.319990634918213,-1.5330469608306885,32.536051750183105,False
-4.319990634918213,-1.5330469608306885,32.536051750183105,False
-4.319990634918213,-1.5330469608306885,32.536051750183105,False
-4.319990634918213,-1.5330469608306885,32.536051750183105,False
-4.319990634918213,-1.5330469608306885,32.536051750183105,False
-4.319990634918213,-1.5330469608306885,32.536051750183105,False
-4.319990634918213,-1.5330469608306885,32.536051750183105,False
-4.319990634918213,-1.5330469608306885,32.536051750183105,False
-4.319990634918213,-1.5330469608306885,32.536051750183105,False
-4.319990634918213,-1.5330469608306885,32.536051750183105,False
-4.319990634918213,-1.5330469608306885,32.536051750183105,False
-4.319990634918213,-1.5330469608306885,32.536051750183105,False
-4.319990634918213,-1.5330469608306885,32.536051750183105,False
-4.319990634918213,-1.5330469608306885,32.536051750183105,False
-4.319990634918213,-1.5330469608306885,32.536051750183105,False
-4.319990634918213,-1.5330469608306885,32.536051750183105,False
-4.319990634918213,-1.5330469608306885,32.536051750183105,False
-4.319990634918213,-1.5330469608306885,32.536051750183105,False
-4.319990634918213,-1.5330469608306885,32.536051750183105,False
-4.319990634918213,-1.5330469608306885,32.536051750183105,False
-4.319990634918213,-1.5330469608306885,32.536051750183105,False
-4.319990634918213,-1.5330469608306885,32.536051750183105,False
-4.319990634918213,-1.5330469608306885,32.536051750183105,False
-4.319990634918213,-1.5330469608306885,32.536051750183105,False
-4.319990634918213,-1.5330469608306885,32.536051750183105,False
-4.319990634918213,-1.5330469608306885,32.536051750183105,False
-4.319990634918213,-1.5330469608306885,32.536051750183105,False
-4.319990634918213,-1.5330469608306885,32.536051750183105,False
-4.319990634918213,-1.5330469608306885,32.536051750183105,False
-4.319990634918213,-1.5330469608306885,32.536051750183105,False
-4.319990634918213,-1.5330469608306885,32.536051750183105,False
-4.319990634918213,-1.5330469608306885,32.536051750183105,False
-4.319990634918213,-1.5330469608306885,32.536051750183105,False
-4.319990634918213,-1.5330469608306885,32.536051750183105,False
-4.319990634918213,-1.5330469608306885,32.536051750183105,False
-4.319990634918213,-1.5330469608306885,32.536051750183105,False
-4.319990634918213,-1.5330469608306885,32.536051750183105,False
-4.319990634918213,-1.5330469608306885,32.536051750183105,False
-4.319990634918213,-1.5330469608306885,32.536051750183105,False
-4.319990634918213,-1.5330469608306885,32.536051750183105,False
-4.319990634918213,-1.5330469608306885,32.536051750183105,False
-4.319990634918213,-1.5330469608306885,32.536051750183105,False
-4.319990634918213,-1.5330469608306885,32.536051750183105,False
-4.319990634918213,-1.5330469608306885,32.536051750183105,False
-4.319990634918213,-1.5330469608306885,32.536051750183105,False
-4.319990634918213,-1.5330469608306885,32.536051750183105,False
-4.319990634918213,-1.5330469608306885,32.536051750183105,False
-4.319990634918213,-1.5330469608306885,32.536051750183105,False
-4.319990634918213,-1.5330469608306885,32.536051750183105,False
-4.319990634918213,-1.5330469608306885,32.536051750183105,False
-4.319990634918213,-1.5330469608306885,32.536051750183105,False
-4.319990634918213,-1.5330469608306885,32.536051750183105,False
-4.319990634918213,-1.5330469608306885,32.536051750183105,False
-4.319990634918213,-1.5330469608306885,32.536051750183105,False
-4.319990634918213,-1.5330469608306885,32.536051750183105,False
-4.319990634918213,-1.5330469608306885,32.536051750183105,False
-4.319990634918213,-1.5330469608306885,32.536051750183105,False
-4.319990634918213,-1.5330469608306885,32.536051750183105,False
-4.319990634918213,-1.5330469608306885,32.536051750183105,False
-4.319990634918213,-1.5330469608306885,32.536051750183105,False
-4.319990634918213,-1.5330469608306885,32.536051750183105,False
-4.319990634918213,-1.5330469608306885,32.536051750183105,False
-4.319990634918213,-1.5330469608306885,32.536051750183105,False
-4.319990634918213,-1.5330469608306885,32.536051750183105,False
-4.319990634918213,-1.5330469608306885,32.536051750183105,False
-4.319990634918213,-1.5330469608306885,32.536051750183105,False
-4.319990634918213,-1.5330469608306885,32.536051750183105,False
-4.319990634918213,-1.5330469608306885,32.536051750183105,False
-4.319990634918213,-1.5330469608306885,32.536051750183105,False
-4.319990634918213,-1.5330469608306885,32.536051750183105,False
-4.319990634918213,-1.5330469608306885,32.536051750183105,False
-4.319990634918213,-1.5330469608306885,32.536051750183105,False
-4.319990634918213,-1.5330469608306885,32.536051750183105,False
-4.319990634918213,-1.5330469608306885,32.536051750183105,False
-4.319990634918213,-1.5330469608306885,32.536051750183105,False
-4.319990634918213,-1.5330469608306885,32.536051750183105,False
-4.319990634918213,-1.5330469608306885,32.536051750183105,False
-4.319990634918213,-1.5330469608306885,32.536051750183105,False
-4.319990634918213,-1.5330469608306885,32.536051750183105,False
-4.319990634918213,-1.5330469608306885,32.536051750183105,False
-4.319990634918213,-1.5330469608306885,32.536051750183105,False
-4.319990634918213,-1.5330469608306885,32.536051750183105,False
-4.319990634918213,-1.5330469608306885,32.536051750183105,False
-4.319990634918213,-1.5330469608306885,32.536051750183105,False
-4.319990634918213,-1.5330469608306885,32.536051750183105,False
-4.319990634918213,-1.5330469608306885,32.536051750183105,False
-4.319990634918213,-1.5330469608306885,32.536051750183105,False
-4.319990634918213,-1.5330469608306885,32.536051750183105,False
-4.319990634918213,-1.5330469608306885,32.536051750183105,False
-4.319990634918213,-1.5330469608306885,32.536051750183105,False
-4.319990634918213,-1.5330469608306885,32.536051750183105,False
-4.319990634918213,-1.5330469608306885,32.536051750183105,False
-4.319990634918213,-1.5330469608306885,32.536051750183105,False
-4.319990634918213,-1.5330469608306885,32.536051750183105,False
-4.319990634918213,-1.5330469608306885,32.536051750183105,False
-4.319990634918213,-1.5330469608306885,32.536051750183105,False
-4.319990634918213,-1.5330469608306885,32.536051750183105,False
-4.319990634918213,-1.5330469608306885,32.536051750183105,False
-4.319990634918213,-1.5330469608306885,32.536051750183105,False
-4.319990634918213,-1.5330469608306885,32.536051750183105,False
-4.319990634918213,-1.5330469608306885,32.536051750183105,False
-4.319990634918213,-1.5330469608306885,32.536051750183105,False
-4.319990634918213,-1.5330469608306885,32.536051750183105,False
-4.319990634918213,-1.5330469608306885,32.536051750183105,False
-4.319990634918213,-1.5330469608306885,32.536051750183105,False
-4.319990634918213,-1.5330469608306885,32.536051750183105,False
-4.319990634918213,-1.5330469608306885,32.536051750183105,False
-4.319990634918213,-1.5330469608306885,32.536051750183105,False
-4.319990634918213,-1.5330469608306885,32.536051750183105,False
-4.319990634918213,-1.5330469608306885,32.536051750183105,False
-4.319990634918213,-1.5330469608306885,32.536051750183105,False
-4.319990634918213,-1.5330469608306885,32.536051750183105,False
-4.319990634918213,-1.5330469608306885,32.536051750183105,False
-4.319990634918213,-1.5330469608306885,32.536051750183105,False
-4.319990634918213,-1.5330469608306885,32.536051750183105,False
-4.319990634918213,-1.5330469608306885,32.536051750183105,False
-4.319990634918213,-1.5330469608306885,32.536051750183105,False
-4.319990634918213,-1.5330469608306885,32.536051750183105,False
-4.319990634918213,-1.5330469608306885,32.536051750183105,False
-4.319990634918213,-1.5330469608306885,32.536051750183105,False
-4.319990634918213,-1.5330469608306885,32.536051750183105,False
-4.319990634918213,-1.5330469608306885,32.536051750183105,False
-4.319990634918213,-1.5330469608306885,32.536051750183105,False
-4.319990634918213,-1.5330469608306885,32.536051750183105,False
-4.319990634918213,-1.5330469608306885,32.536051750183105,False
-4.319990634918213,-1.5330469608306885,32.536051750183105,False
-4.319990634918213,-1.5330469608306885,32.536051750183105,False
-4.319990634918213,-1.5330469608306885,32.536051750183105,False
-4.319990634918213,-1.5330469608306885,32.536051750183105,False
-4.319990634918213,-1.5330469608306885,32.536051750183105,False
-4.319990634918213,-1.5330469608306885,32.536051750183105,False
-4.319990634918213,-1.5330469608306885,32.536051750183105,False
-4.319990634918213,-1.5330469608306885,32.536051750183105,False
-4.319990634918213,-1.5330469608306885,32.536051750183105,False
-4.319990634918213,-1.5330469608306885,32.536051750183105,False
-4.319990634918213,-1.5330469608306885,32.536051750183105,False
-4.319990634918213,-1.5330469608306885,32.536051750183105,False
-4.319990634918213,-1.5330469608306885,32.536051750183105,False
-4.319990634918213,-1.5330469608306885,32.536051750183105,False
-4.319990634918213,-1.5330469608306885,32.536051750183105,False
-4.319990634918213,-1.5330469608306885,32.536051750183105,False
-4.319990634918213,-1.5330469608306885,32.536051750183105,False
-4.319990634918213,-1.5330469608306885,32.536051750183105,False
-4.319990634918213,-1.5330469608306885,32.536051750183105,False
-4.319990634918213,-1.5330469608306885,32.536051750183105,False
-4.319990634918213,-1.5330469608306885,32.536051750183105,False
-4.319990634918213,-1.5330469608306885,32.536051750183105,False
-4.319990634918213,-1.5330469608306885,32.536051750183105,False
-4.319990634918213,-1.5330469608306885,32.536051750183105,False
-4.319990634918213,-1.5330469608306885,32.536051750183105,False
-4.319990634918213,-1.5330469608306885,32.536051750183105,False
-4.319990634918213,-1.5330469608306885,32.536051750183105,False
-4.319990634918213,-1.5330469608306885,32.536051750183105,False
-4.319990634918213,-1.5330469608306885,32.536051750183105,False
-4.319990634918213,-1.5330469608306885,32.536051750183105,False
-4.319990634918213,-1.5330469608306885,32.536051750183105,False
-4.319990634918213,-1.5330469608306885,32.536051750183105,False
-4.319990634918213,-1.5330469608306885,32.536051750183105,False
-4.319990634918213,-1.5330469608306885,32.536051750183105,False
-4.319990634918213,-1.5330469608306885,32.536051750183105,False
-4.319990634918213,-1.5330469608306885,32.536051750183105,False
-4.319990634918213,-1.5330469608306885,32.536051750183105,False
-4.319990634918213,-1.5330469608306885,32.536051750183105,False
-4.319990634918213,-1.5330469608306885,32.536051750183105,False
-4.319990634918213,-1.5330469608306885,32.536051750183105,False
-4.319990634918213,-1.5330469608306885,32.536051750183105,False
-4.319990634918213,-1.5330469608306885,32.536051750183105,False
-4.319990634918213,-1.5330469608306885,32.536051750183105,False
-4.319990634918213,-1.5330469608306885,32.536051750183105,False
-4.319990634918213,-1.5330469608306885,32.536051750183105,False
-4.319990634918213,-1.5330469608306885,32.536051750183105,False
-4.319990634918213,-1.5330469608306885,32.536051750183105,False
-4.319990634918213,-1.5330469608306885,32.536051750183105,False
-4.319990634918213,-1.5330469608306885,32.536051750183105,False
-4.319990634918213,-1.5330469608306885,32.536051750183105,False
-4.319990634918213,-1.5330469608306885,32.536051750183105,False
-4.319990634918213,-1.5330469608306885,32.536051750183105,False
-4.319990634918213,-1.5330469608306885,32.536051750183105,False
-4.319990634918213,-1.5330469608306885,32.536051750183105,False
-4.319990634918213,-1.5330469608306885,32.536051750183105,False
-4.319990634918213,-1.5330469608306885,32.536051750183105,False
-4.319990634918213,-1.5330469608306885,32.536051750183105,False
-4.319990634918213,-1.5330469608306885,32.536051750183105,False
-4.319990634918213,-1.5330469608306885,32.536051750183105,False
-4.319990634918213,-1.5330469608306885,32.536051750183105,False
-4.319990634918213,-1.5330469608306885,32.536051750183105,False
-4.319990634918213,-1.5330469608306885,32.536051750183105,False
-4.319990634918213,-1.5330469608306885,32.536051750183105,False
-4.319990634918213,-1.5330469608306885,32.536051750183105,False
-4.319990634918213,-1.5330469608306885,32.536051750183105,False
-4.319990634918213,-1.5330469608306885,32.536051750183105,False
-4.319990634918213,-1.5330469608306885,32.536051750183105,False
-4.319990634918213,-1.5330469608306885,32.536051750183105,False
-4.319990634918213,-1.5330469608306885,32.536051750183105,False
-4.319990634918213,-1.5330469608306885,32.536051750183105,False
-4.319990634918213,-1.5330469608306885,32.536051750183105,False
-4.319990634918213,-1.5330469608306885,32.536051750183105,False
-4.319990634918213,-1.5330469608306885,32.536051750183105,False
-4.319990634918213,-1.5330469608306885,32.536051750183105,False
-4.319990634918213,-1.5330469608306885,32.536051750183105,False
-4.319990634918213,-1.5330469608306885,32.536051750183105,False
-4.319990634918213,-1.5330469608306885,32.536051750183105,False
-4.319990634918213,-1.5330469608306885,32.536051750183105,False
-4.319990634918213,-1.5330469608306885,32.536051750183105,False
-4.319990634918213,-1.5330469608306885,32.536051750183105,False
-4.319990634918213,-1.5330469608306885,32.536051750183105,False
-4.319990634918213,-1.5330469608306885,32.536051750183105,False
-4.319990634918213,-1.5330469608306885,32.536051750183105,False
-4.319990634918213,-1.5330469608306885,32.536051750183105,False
-4.319990634918213,-1.5330469608306885,32.536051750183105,False
-4.319990634918213,-1.5330469608306885,32.536051750183105,False
-4.319990634918213,-1.5330469608306885,32.536051750183105,False
-4.319990634918213,-1.5330469608306885,32.536051750183105,False
-4.319990634918213,-1.5330469608306885,32.536051750183105,False
-4.319990634918213,-1.5330469608306885,32.536051750183105,False
-4.319990634918213,-1.5330469608306885,32.536051750183105,False
-4.319990634918213,-1.5330469608306885,32.536051750183105,False
-4.319990634918213,-1.5330469608306885,32.536051750183105,False
-4.319990634918213,-1.5330469608306885,32.536051750183105,False
-4.319990634918213,-1.5330469608306885,32.536051750183105,False
-4.319990634918213,-1.5330469608306885,32.536051750183105,False
-4.319990634918213,-1.5330469608306885,32.536051750183105,False
-4.319990634918213,-1.5330469608306885,32.536051750183105,False
-4.319990634918213,-1.5330469608306885,32.536051750183105,False
-4.319990634918213,-1.5330469608306885,32.536051750183105,False
-4.319990634918213,-1.5330469608306885,32.536051750183105,False
-4.319990634918213,-1.5330469608306885,32.536051750183105,False
-4.319990634918213,-1.5330469608306885,32.536051750183105,False
-4.319990634918213,-1.5330469608306885,32.536051750183105,False
-4.319990634918213,-1.5330469608306885,32.536051750183105,False
-4.319990634918213,-1.5330469608306885,32.536051750183105,False
-4.319990634918213,-1.5330469608306885,32.536051750183105,False
-4.319990634918213,-1.5330469608306885,32.536051750183105,False
-4.319990634918213,-1.5330469608306885,32.536051750183105,False
-4.319990634918213,-1.5330469608306885,32.536051750183105,False
-4.319990634918213,-1.5330469608306885,32.536051750183105,False
-4.319990634918213,-1.5330469608306885,32.536051750183105,False
-4.319990634918213,-1.5330469608306885,32.536051750183105,False
-4.319990634918213,-1.5330469608306885,32.536051750183105,False
-4.319990634918213,-1.5330469608306885,32.536051750183105,False
-4.319990634918213,-1.5330469608306885,32.536051750183105,False
-4.319990634918213,-1.5330469608306885,32.536051750183105,False
-4.319990634918213,-1.5330469608306885,32.536051750183105,False
-4.319990634918213,-1.5330469608306885,32.536051750183105,False
-4.319990634918213,-1.5330469608306885,32.536051750183105,False
-4.319990634918213,-1.5330469608306885,32.536051750183105,False
-4.319990634918213,-1.5330469608306885,32.536051750183105,False
-4.319990634918213,-1.5330469608306885,32.536051750183105,False
-4.319990634918213,-1.5330469608306885,32.536051750183105,False
-4.319990634918213,-1.5330469608306885,32.536051750183105,False
-4.319990634918213,-1.5330469608306885,32.536051750183105,False
-4.319990634918213,-1.5330469608306885,32.536051750183105,False
-4.319990634918213,-1.5330469608306885,32.536051750183105,False
-4.319990634918213,-1.5330469608306885,32.536051750183105,False
-4.319990634918213,-1.5330469608306885,32.536051750183105,False
-4.319990634918213,-1.5330469608306885,32.536051750183105,False
-4.319990634918213,-1.5330469608306885,32.536051750183105,False
-4.319990634918213,-1.5330469608306885,32.536051750183105,False
-4.319990634918213,-1.5330469608306885,32.536051750183105,False
-4.319990634918213,-1.5330469608306885,32.536051750183105,False
-4.319990634918213,-1.5330469608306885,32.536051750183105,False
-4.319990634918213,-1.5330469608306885,32.536051750183105,False
-4.319990634918213,-1.5330469608306885,32.536051750183105,False
-4.319990634918213,-1.5330469608306885,32.536051750183105,False
-4.319990634918213,-1.5330469608306885,32.536051750183105,False
-4.319990634918213,-1.5330469608306885,32.536051750183105,False
-4.319990634918213,-1.5330469608306885,32.536051750183105,False
-4.319990634918213,-1.5330469608306885,32.536051750183105,False
-4.319990634918213,-1.5330469608306885,32.536051750183105,False
-4.319990634918213,-1.5330469608306885,32.536051750183105,False
-4.319990634918213,-1.5330469608306885,32.536051750183105,False
-4.319990634918213,-1.5330469608306885,32.536051750183105,False
-4.319990634918213,-1.5330469608306885,32.536051750183105,False
-4.319990634918213,-1.5330469608306885,32.536051750183105,False
-4.319990634918213,-1.5330469608306885,32.536051750183105,False
-4.319990634918213,-1.5330469608306885,32.536051750183105,False
-4.319990634918213,-1.5330469608306885,32.536051750183105,False
-4.319990634918213,-1.5330469608306885,32.536051750183105,False
-4.319990634918213,-1.5330469608306885,32.536051750183105,False
-4.319990634918213,-1.5330469608306885,32.536051750183105,False
-4.319990634918213,-1.5330469608306885,32.536051750183105,False
-4.319990634918213,-1.5330469608306885,32.536051750183105,False
-4.319990634918213,-1.5330469608306885,32.536051750183105,False
-4.319990634918213,-1.5330469608306885,32.536051750183105,False
-4.319990634918213,-1.5330469608306885,32.536051750183105,False
-4.319990634918213,-1.5330469608306885,32.536051750183105,False
-4.319990634918213,-1.5330469608306885,32.536051750183105,False
-4.319990634918213,-1.5330469608306885,32.536051750183105,False
-4.319990634918213,-1.5330469608306885,32.536051750183105,False
-4.319990634918213,-1.5330469608306885,32.536051750183105,False
-4.319990634918213,-1.5330469608306885,32.536051750183105,False
-4.319990634918213,-1.5330469608306885,32.536051750183105,False
-4.319990634918213,-1.5330469608306885,32.536051750183105,False
-4.319990634918213,-1.5330469608306885,32.536051750183105,False
-4.319990634918213,-1.5330469608306885,32.536051750183105,False
-4.319990634918213,-1.5330469608306885,32.536051750183105,False
-4.319990634918213,-1.5330469608306885,32.536051750183105,False
-4.319990634918213,-1.5330469608306885,32.536051750183105,False
-4.319990634918213,-1.5330469608306885,32.536051750183105,False
-4.319990634918213,-1.5300426483154297,32.536051750183105,False
-4.319990634918213,-1.5265376567840576,32.536051750183105,False
-4.319990634918213,-1.5245258808135986,32.536051750183105,False
-4.319990634918213,-1.521526575088501,32.536051750183105,False
-4.319990634918213,-1.5185332298278809,32.536051750183105,False
-4.319990634918213,-1.5160152912139893,32.536051750183105,False
-4.319990634918213,-1.5130119323730469,32.536051750183105,False
-4.319990634918213,-1.510420322418213,32.536051750183105,False
-4.319990634918213,-1.5084009170532227,32.536051750183105,False
-4.319990634918213,-1.505892038345337,32.536051750183105,False
-4.319990634918213,-1.500817060470581,32.536051750183105,False
-4.319990634918213,-1.4978909492492676,32.536051750183105,False
-4.319990634918213,-1.495328664779663,32.536051750183105,False
-4.319990634918213,-1.4923162460327148,32.536051750183105,False
-4.319990634918213,-1.489316701889038,32.536051750183105,False
-4.319990634918213,-1.486804485321045,32.536051750183105,False
-4.319990634918213,-1.4837920665740967,32.536051750183105,False
-4.319990634918213,-1.480785846710205,32.536051750183105,False
-4.319990634918213,-1.4777882099151611,32.536051750183105,False
-4.319990634918213,-1.4741432666778564,32.536051750183105,False
-4.319990634918213,-1.469149112701416,32.536051750183105,False
-4.319990634918213,-1.462508201599121,32.536051750183105,False
-4.319990634918213,-1.4600107669830322,32.536051750183105,False
-4.319990634918213,-1.456475019454956,32.536051750183105,False
-4.319990634918213,-1.4543955326080322,32.536051750183105,False
-4.319990634918213,-1.4504733085632324,32.536051750183105,False
-4.319990634918213,-1.4468963146209717,32.536051750183105,False
-4.319990634918213,-1.4428884983062744,32.536051750183105,False
-4.319990634918213,-1.4398226737976074,32.536051750183105,False
-4.319990634918213,-1.4342377185821533,32.536051750183105,False
-4.319990634918213,-1.4293134212493896,32.536051750183105,False
-4.319990634918213,-1.4259560108184814,32.536051750183105,False
-4.319990634918213,-1.4238486289978027,32.536051750183105,False
-4.319990634918213,-1.4198780059814453,32.536051750183105,False
-4.319990634918213,-1.416846752166748,32.536051750183105,False
-4.319990634918213,-1.4125823974609375,32.536051750183105,False
-4.319990634918213,-1.4096002578735352,32.536051750183105,False
-4.319990634918213,-1.4068608283996582,32.536051750183105,False
-4.319990634918213,-1.4036881923675537,32.536051750183105,False
-4.319990634918213,-1.4006478786468506,32.536051750183105,False
-4.319990634918213,-1.3969719409942627,32.536051750183105,False
-4.319990634918213,-1.3928959369659424,32.536051750183105,False
-4.319990634918213,-1.3878743648529053,32.536051750183105,False
-4.319990634918213,-1.3843753337860107,32.536051750183105,False
-4.319990634918213,-1.381373405456543,32.536051750183105,False
-4.319990634918213,-1.3784480094909668,32.536051750183105,False
-4.319990634918213,-1.3758606910705566,32.536051750183105,False
-4.319990634918213,-1.3729362487792969,32.536051750183105,False
-4.319990634918213,-1.3699367046356201,32.536051750183105,False
-4.319990634918213,-1.3663508892059326,32.536051750183105,False
-4.319990634918213,-1.363262414932251,32.536051750183105,False
-4.319990634918213,-1.3597631454467773,32.536051750183105,False
-4.319990634918213,-1.3561296463012695,32.536051750183105,False
-4.319990634918213,-1.3521149158477783,32.536051750183105,False
-4.319990634918213,-1.349987506866455,32.536051750183105,False
-4.319990634918213,-1.3465030193328857,32.536051750183105,False
-4.319990634918213,-1.3433747291564941,32.536051750183105,False
-4.319990634918213,-1.3404104709625244,32.536051750183105,False
-4.319990634918213,-1.3358545303344727,32.536051750183105,False
-4.319990634918213,-1.330855369567871,32.536051750183105,False
-4.319990634918213,-1.3277640342712402,32.536051750183105,False
-4.319990634918213,-1.324331521987915,32.536051750183105,False
-4.319990634918213,-1.3212499618530273,32.536051750183105,False
-4.319990634918213,-1.3182454109191895,32.536051750183105,False
-4.319990634918213,-1.3145747184753418,32.536051750183105,False
-4.319990634918213,-1.3115780353546143,32.536051750183105,False
-4.319990634918213,-1.3086166381835938,32.536051750183105,False
-4.319990634918213,-1.3030576705932617,32.536051750183105,False
-4.319990634918213,-1.2999858856201172,32.536051750183105,False
-4.319990634918213,-1.2965922355651855,32.536051750183105,False
-4.319990634918213,-1.2935047149658203,32.536051750183105,False
-4.319990634918213,-1.290527105331421,32.536051750183105,False
-4.319990634918213,-1.2868993282318115,32.536051750183105,False
-4.319990634918213,-1.2837679386138916,32.536051750183105,False
-4.319990634918213,-1.2807950973510742,32.536051750183105,False
-4.319990634918213,-1.2777965068817139,32.536051750183105,False
-4.319990634918213,-1.2744038105010986,32.536051750183105,False
-4.319990634918213,-1.272305965423584,32.536051750183105,False
-4.319990634918213,-1.2667665481567383,32.536051750183105,False
-4.319990634918213,-1.2636733055114746,32.536051750183105,False
-4.319990634918213,-1.259244441986084,32.536051750183105,False
-4.319990634918213,-1.2546637058258057,32.536051750183105,False
-4.319990634918213,-1.251725673675537,32.536051750183105,False
-4.319990634918213,-1.2487058639526367,32.536051750183105,False
-4.319990634918213,-1.2451293468475342,32.536051750183105,False
-4.319990634918213,-1.2411954402923584,32.536051750183105,False
-4.319990634918213,-1.2381067276000977,32.536051750183105,False
-4.319990634918213,-1.2336740493774414,32.536051750183105,False
-4.319990634918213,-1.2296772003173828,32.536051750183105,False
-4.319990634918213,-1.2260894775390625,32.536051750183105,False
-4.319990634918213,-1.2229409217834473,32.536051750183105,False
-4.319990634918213,-1.2200446128845215,32.536051750183105,False
-4.319990634918213,-1.2164509296417236,32.536051750183105,False
-4.319990634918213,-1.2134356498718262,32.536051750183105,False
-4.319990634918213,-1.2094359397888184,32.536051750183105,False
-4.319990634918213,-1.2069275379180908,32.536051750183105,False
-4.319990634918213,-1.202883243560791,32.536051750183105,False
-4.319990634918213,-1.1988894939422607,32.536051750183105,False
-4.319990634918213,-1.1962676048278809,32.536051750183105,False
-4.319990634918213,-1.193258285522461,32.536051750183105,False
-4.319990634918213,-1.190185546875,32.536051750183105,False
-4.319990634918213,-1.1866672039031982,32.536051750183105,False
-4.319990634918213,-1.1843194961547852,32.536051750183105,False
-4.319990634918213,-1.1821348667144775,32.536051750183105,False
-4.319990634918213,-1.1791245937347412,32.536051750183105,False
-4.319990634918213,-1.175968885421753,32.536051750183105,False
-4.319990634918213,-1.1729755401611328,32.536051750183105,False
-4.319990634918213,-1.169041633605957,32.536051750183105,False
-4.319990634918213,-1.1643283367156982,32.536051750183105,False
-4.319990634918213,-1.1612262725830078,32.536051750183105,False
-4.319990634918213,-1.1571168899536133,32.536051750183105,False
-4.319990634918213,-1.1539890766143799,32.536051750183105,False
-4.319990634918213,-1.1511077880859375,32.536051750183105,False
-4.319990634918213,-1.1480193138122559,32.536051750183105,False
-4.319990634918213,-1.1445982456207275,32.536051750183105,False
-4.319990634918213,-1.1415162086486816,32.536051750183105,False
-4.319990634918213,-1.1370017528533936,32.536051750183105,False
-4.319990634918213,-1.1318941116333008,32.536051750183105,False
-4.319990634918213,-1.1288816928863525,32.536051750183105,False
-4.319990634918213,-1.125765085220337,32.536051750183105,False
-4.319990634918213,-1.12276029586792,32.536051750183105,False
-4.319990634918213,-1.1196694374084473,32.536051750183105,False
-4.319990634918213,-1.115981101989746,32.536051750183105,False
-4.319990634918213,-1.1129481792449951,32.536051750183105,False
-4.319990634918213,-1.1100311279296875,32.536051750183105,False
-4.319990634918213,-1.106398344039917,32.536051750183105,False
-4.319990634918213,-1.101325511932373,32.536051750183105,False
-4.319990634918213,-1.0981674194335938,32.536051750183105,False
-4.319990634918213,-1.095078706741333,32.536051750183105,False
-4.319990634918213,-1.0920612812042236,32.536051750183105,False
-4.319990634918213,-1.0891509056091309,32.536051750183105,False
-4.319990634918213,-1.085963487625122,32.536051750183105,False
-4.319990634918213,-1.0829665660858154,32.536051750183105,False
-4.319990634918213,-1.0799500942230225,32.536051750183105,False
-4.319990634918213,-1.0764846801757812,32.536051750183105,False
-4.319990634918213,-1.0733656883239746,32.536051750183105,False
-4.319990634918213,-1.0703601837158203,32.536051750183105,False
-4.319990634918213,-1.0668935775756836,32.536051750183105,False
-4.319990634918213,-1.0637900829315186,32.536051750183105,False
-4.319990634918213,-1.0608816146850586,32.536051750183105,False
-4.319990634918213,-1.0557315349578857,32.536051750183105,False
-4.319990634918213,-1.0507240295410156,32.536051750183105,False
-4.319990634918213,-1.0451011657714844,32.536051750183105,False
-4.319990634918213,-1.0421779155731201,32.536051750183105,False
-4.319990634918213,-1.0381731986999512,32.536051750183105,False
-4.319990634918213,-1.032663345336914,32.536051750183105,False
-4.319990634918213,-1.0251014232635498,32.536051750183105,False
-4.319990634918213,-1.0219604969024658,32.536051750183105,False
-4.319990634918213,-1.0190892219543457,32.536051750183105,False
-4.319990634918213,-1.015939474105835,32.536051750183105,False
-4.319990634918213,-1.0129368305206299,32.536051750183105,False
-4.319990634918213,-1.0099916458129883,32.536051750183105,False
-4.319990634918213,-1.005793809890747,32.536051750183105,False
-4.319990634918213,-1.0007941722869873,32.536051750183105,False
-4.319990634918213,-0.9977178573608398,32.536051750183105,False
-4.319990634918213,-0.9941604137420654,32.536051750183105,False
-4.319990634918213,-0.9912886619567871,32.536051750183105,False
-4.319990634918213,-0.9881927967071533,32.536051750183105,False
-4.319990634918213,-0.9846787452697754,32.536051750183105,False
-4.319990634918213,-0.9815967082977295,32.536051750183105,False
-4.319990634918213,-0.9785749912261963,32.536051750183105,False
-4.319990634918213,-0.9749455451965332,32.536051750183105,False
-4.319990634918213,-0.9689946174621582,32.536051750183105,False
-4.319990634918213,-0.9653913974761963,32.536051750183105,False
-4.319990634918213,-0.9624300003051758,32.536051750183105,False
-4.319990634918213,-0.9599206447601318,32.536051750183105,False
-4.319990634918213,-0.9563093185424805,32.536051750183105,False
-4.319990634918213,-0.95416259765625,32.536051750183105,False
-4.319990634918213,-0.9512054920196533,32.536051750183105,False
-4.319990634918213,-0.9482989311218262,32.536051750183105,False
-4.319990634918213,-0.9455950260162354,32.536051750183105,False
-4.319990634918213,-0.9416470527648926,32.536051750183105,False
-4.319990634918213,-0.9385745525360107,32.536051750183105,False
-4.319990634918213,-0.9329373836517334,32.536051750183105,False
-4.319990634918213,-0.9299757480621338,32.536051750183105,False
-4.319990634918213,-0.9264419078826904,32.536051750183105,False
-4.319990634918213,-0.922419548034668,32.536051750183105,False
-4.319990634918213,-0.918426513671875,32.536051750183105,False
-4.319990634918213,-0.9158542156219482,32.536051750183105,False
-4.319990634918213,-0.9127790927886963,32.536051750183105,False
-4.319990634918213,-0.9097840785980225,32.536051750183105,False
-4.319990634918213,-0.907076358795166,32.536051750183105,False
-4.319990634918213,-0.9040055274963379,32.536051750183105,False
-4.319990634918213,-0.9009203910827637,32.536051750183105,False
-4.319990634918213,-0.8979141712188721,32.536051750183105,False
-4.319990634918213,-0.8944849967956543,32.536051750183105,False
-4.319990634918213,-0.8914151191711426,32.536051750183105,False
-4.319990634918213,-0.8884148597717285,32.536051750183105,False
-4.319990634918213,-0.8847763538360596,32.536051750183105,False
-4.319990634918213,-0.8817737102508545,32.536051750183105,False
-4.319990634918213,-0.8798460960388184,32.536051750183105,False
-4.319990634918213,-0.8762543201446533,32.536051750183105,False
-4.319990634918213,-0.8742437362670898,32.536051750183105,False
-4.319990634918213,-0.870246171951294,32.536051750183105,False
-4.319990634918213,-0.8656127452850342,32.536051750183105,False
-4.319990634918213,-0.8625755310058594,32.536051750183105,False
-4.319990634918213,-0.8588871955871582,32.536051750183105,False
-4.319990634918213,-0.8556458950042725,32.536051750183105,False
-4.319990634918213,-0.8527138233184814,32.536051750183105,False
-4.319990634918213,-0.8497128486633301,32.536051750183105,False
-4.319990634918213,-0.8460426330566406,32.536051750183105,False
-4.319990634918213,-0.8420464992523193,32.536051750183105,False
-4.319990634918213,-0.8355221748352051,32.536051750183105,False
-4.319990634918213,-0.8295242786407471,32.536051750183105,False
-4.319990634918213,-0.8259971141815186,32.536051750183105,False
-4.319990634918213,-0.8219823837280273,32.536051750183105,False
-4.319990634918213,-0.8179867267608643,32.536051750183105,False
-4.319990634918213,-0.8144659996032715,32.536051750183105,False
-4.319990634918213,-0.8114633560180664,32.536051750183105,False
-4.319990634918213,-0.8083956241607666,32.536051750183105,False
-4.319990634918213,-0.8038580417633057,32.536051750183105,False
-4.319990634918213,-0.79880690574646,32.536051750183105,False
-4.319990634918213,-0.7958152294158936,32.536051750183105,False
-4.319990634918213,-0.7927711009979248,32.536051750183105,False
-4.319990634918213,-0.7898457050323486,32.536051750183105,False
-4.319990634918213,-0.7863061428070068,32.536051750183105,False
-4.319990634918213,-0.7842185497283936,32.536051750183105,False
-4.319990634918213,-0.7812228202819824,32.536051750183105,False
-4.319990634918213,-0.7782204151153564,32.536051750183105,False
-4.319990634918213,-0.7756149768829346,32.536051750183105,False
-4.319990634918213,-0.7716615200042725,32.536051750183105,False
-4.319990634918213,-0.7670879364013672,32.536051750183105,False
-4.319990634918213,-0.7639970779418945,32.536051750183105,False
-4.319990634918213,-0.7611608505249023,32.536051750183105,False
-4.319990634918213,-0.7584424018859863,32.536051750183105,False
-4.319990634918213,-0.7549262046813965,32.536051750183105,False
-4.319990634918213,-0.7517757415771484,32.536051750183105,False
-4.319990634918213,-0.7487623691558838,32.536051750183105,False
-4.319990634918213,-0.7457394599914551,32.536051750183105,False
-4.319990634918213,-0.7426323890686035,32.536051750183105,False
-4.319990634918213,-0.7386569976806641,32.536051750183105,False
-4.319990634918213,-0.7351374626159668,32.536051750183105,False
-4.319990634918213,-0.7319996356964111,32.536051750183105,False
-4.319990634918213,-0.7290103435516357,32.536051750183105,False
-4.319990634918213,-0.7253115177154541,32.536051750183105,False
-4.319990634918213,-0.7222704887390137,32.536051750183105,False
-4.319990634918213,-0.7192912101745605,32.536051750183105,False
-4.319990634918213,-0.7156355381011963,32.536051750183105,False
-4.319990634918213,-0.7126357555389404,32.536051750183105,False
-4.319990634918213,-0.7095944881439209,32.536051750183105,False
-4.319990634918213,-0.7061002254486084,32.536051750183105,False
-4.319990634918213,-0.7020864486694336,32.536051750183105,False
-4.319990634918213,-0.6964950561523438,32.536051750183105,False
-4.319990634918213,-0.6932997703552246,32.536051750183105,False
-4.319990634918213,-0.6892280578613281,32.536051750183105,False
-4.319990634918213,-0.6857609748840332,32.536051750183105,False
-4.319990634918213,-0.6826965808868408,32.536051750183105,False
-4.319990634918213,-0.6797788143157959,32.536051750183105,False
-4.319990634918213,-0.6761453151702881,32.536051750183105,False
-4.319990634918213,-0.6710684299468994,32.536051750183105,False
-4.319990634918213,-0.6664106845855713,32.536051750183105,False
-4.319990634918213,-0.6632685661315918,32.536051750183105,False
-4.319990634918213,-0.6603133678436279,32.536051750183105,False
-4.319990634918213,-0.6581752300262451,32.536051750183105,False
-4.319990634918213,-0.6543455123901367,32.536051750183105,False
-4.319990634918213,-0.6513357162475586,32.536051750183105,False
-4.319990634918213,-0.648266077041626,32.536051750183105,False
-4.319990634918213,-0.6456863880157471,32.536051750183105,False
-4.319990634918213,-0.6425919532775879,32.536051750183105,False
-4.319990634918213,-0.6395058631896973,32.536051750183105,False
-4.319990634918213,-0.6359379291534424,32.536051750183105,False
-4.319990634918213,-0.6309909820556641,32.536051750183105,False
-4.319990634918213,-0.6279926300048828,32.536051750183105,False
-4.319990634918213,-0.6236264705657959,32.536051750183105,False
-4.319990634918213,-0.6196286678314209,32.536051750183105,False
-4.319990634918213,-0.6150898933410645,32.536051750183105,False
-4.319990634918213,-0.6110982894897461,32.536051750183105,False
-4.319990634918213,-0.6070964336395264,32.536051750183105,False
-4.319990634918213,-0.602869987487793,32.536051750183105,False
-4.319990634918213,-0.5998098850250244,32.536051750183105,False
-4.319990634918213,-0.5933523178100586,32.536051750183105,False
-4.319990634918213,-0.5912342071533203,32.536051750183105,False
-4.319990634918213,-0.588273286819458,32.536051750183105,False
-4.319990634918213,-0.5846731662750244,32.536051750183105,False
-4.319990634918213,-0.5796942710876465,32.536051750183105,False
-4.319990634918213,-0.5770936012268066,32.536051750183105,False
-4.319990634918213,-0.5739929676055908,32.536051750183105,False
-4.319990634918213,-0.5709950923919678,32.536051750183105,False
-4.319990634918213,-0.5680220127105713,32.536051750183105,False
-4.319990634918213,-0.5644645690917969,32.536051750183105,False
-4.319990634918213,-0.5615744590759277,32.536051750183105,False
-4.319990634918213,-0.5583529472351074,32.536051750183105,False
-4.319990634918213,-0.5557682514190674,32.536051750183105,False
-4.319990634918213,-0.5527353286743164,32.536051750183105,False
-4.319990634918213,-0.5497100353240967,32.536051750183105,False
-4.319990634918213,-0.5462439060211182,32.536051750183105,False
-4.319990634918213,-0.5441153049468994,32.536051750183105,False
-4.319990634918213,-0.5412271022796631,32.536051750183105,False
-4.319990634918213,-0.5380985736846924,32.536051750183105,False
-4.319990634918213,-0.534635066986084,32.536051750183105,False
-4.319990634918213,-0.5297214984893799,32.536051750183105,False
-4.319990634918213,-0.5271458625793457,32.536051750183105,False
-4.319990634918213,-0.5240263938903809,32.536051750183105,False
-4.319990634918213,-0.5201358795166016,32.536051750183105,False
-4.319990634918213,-0.5180048942565918,32.536051750183105,False
-4.319990634918213,-0.514540433883667,32.536051750183105,False
-4.319990634918213,-0.5115759372711182,32.536051750183105,False
-4.319990634918213,-0.5085408687591553,32.536051750183105,False
-4.319990634918213,-0.5050253868103027,32.536051750183105,False
-4.319990634918213,-0.5019395351409912,32.536051750183105,False
-4.319990634918213,-0.49895763397216797,32.536051750183105,False
-4.319990634918213,-0.49572038650512695,32.536051750183105,False
-4.319990634918213,-0.4926931858062744,32.536051750183105,False
-4.319990634918213,-0.4896984100341797,32.536051750183105,False
-4.319990634918213,-0.4869823455810547,32.536051750183105,False
-4.319990634918213,-0.4837782382965088,32.536051750183105,False
-4.319990634918213,-0.4806852340698242,32.536051750183105,False
-4.319990634918213,-0.47773122787475586,32.536051750183105,False
-4.319990634918213,-0.4741659164428711,32.536051750183105,False
-4.319990634918213,-0.47126102447509766,32.536051750183105,False
-4.319990634918213,-0.4681718349456787,32.536051750183105,False
-4.319990634918213,-0.46471714973449707,32.536051750183105,False
-4.319990634918213,-0.46074390411376953,32.536051750183105,False
-4.319990634918213,-0.4565913677215576,32.536051750183105,False
-4.319990634918213,-0.4534444808959961,32.536051750183105,False
-4.319990634918213,-0.4505770206451416,32.536051750183105,False
-4.319990634918213,-0.4469637870788574,32.536051750183105,False
-4.319990634918213,-0.44394350051879883,32.536051750183105,False
-4.319990634918213,-0.44081735610961914,32.536051750183105,False
-4.319990634918213,-0.43786120414733887,32.536051750183105,False
-4.319990634918213,-0.4355132579803467,32.536051750183105,False
-4.319990634918213,-0.4315059185028076,32.536051750183105,False
-4.319990634918213,-0.428433895111084,32.536051750183105,False
-4.319990634918213,-0.42081260681152344,32.536051750183105,False
-4.319990634918213,-0.41428351402282715,32.536051750183105,False
-4.319990634918213,-0.4053459167480469,32.536051750183105,False
-4.319990634918213,-0.4012312889099121,32.536051750183105,False
-4.319990634918213,-0.4012312889099121,32.536051750183105,False
-4.319990634918213,-0.4012312889099121,32.536051750183105,False
-4.319990634918213,-0.4012312889099121,32.536051750183105,False
-4.319990634918213,-0.4012312889099121,32.536051750183105,False
-4.319990634918213,-0.4012312889099121,32.536051750183105,False
-4.319990634918213,-0.4012312889099121,32.536051750183105,False
-4.319990634918213,-0.4012312889099121,32.536051750183105,False
-4.319990634918213,-0.4012312889099121,32.536051750183105,False
-4.319990634918213,-0.4012312889099121,32.536051750183105,False
-4.319990634918213,-0.4012312889099121,32.536051750183105,False
-4.319990634918213,-0.4012312889099121,32.536051750183105,False
-4.319990634918213,-0.4012312889099121,32.536051750183105,False
-4.319990634918213,-0.4012312889099121,32.536051750183105,False
-4.319990634918213,-0.4012312889099121,32.536051750183105,False
-4.319990634918213,-0.4012312889099121,32.536051750183105,False
-4.319990634918213,-0.4012312889099121,32.536051750183105,False
-4.319990634918213,-0.4012312889099121,32.536051750183105,False
-4.319990634918213,-0.4012312889099121,32.536051750183105,False
-4.319990634918213,-0.4012312889099121,32.536051750183105,False
-4.319990634918213,-0.4012312889099121,32.536051750183105,False
-4.319990634918213,-0.4012312889099121,32.536051750183105,False
-4.319990634918213,-0.4012312889099121,32.536051750183105,False
-4.319990634918213,-0.4012312889099121,32.536051750183105,False
-4.319990634918213,-0.4012312889099121,32.536051750183105,False
-4.319990634918213,-0.4012312889099121,32.536051750183105,False
-4.319990634918213,-0.4012312889099121,32.536051750183105,False
-4.319990634918213,-0.4012312889099121,32.536051750183105,False
-4.319990634918213,-0.4012312889099121,32.536051750183105,False
-4.319990634918213,-0.4012312889099121,32.536051750183105,False
-4.319990634918213,-0.4012312889099121,32.536051750183105,False
-4.319990634918213,-0.4012312889099121,32.536051750183105,False
-4.319990634918213,-0.4012312889099121,32.536051750183105,False
-4.319990634918213,-0.4012312889099121,32.536051750183105,False
-4.319990634918213,-0.4012312889099121,32.536051750183105,False
-4.319990634918213,-0.4012312889099121,32.536051750183105,False
-4.319990634918213,-0.4012312889099121,32.536051750183105,False
-4.319990634918213,-0.4012312889099121,32.536051750183105,False
-4.319990634918213,-0.4012312889099121,32.536051750183105,False
-4.319990634918213,-0.4012312889099121,32.536051750183105,False
-4.319990634918213,-0.4012312889099121,32.536051750183105,False
-4.319990634918213,-0.4012312889099121,32.536051750183105,False
-4.319990634918213,-0.4012312889099121,32.536051750183105,False
-4.319990634918213,-0.4012312889099121,32.536051750183105,False
-4.319990634918213,-0.4012312889099121,32.536051750183105,False
-4.319990634918213,-0.4012312889099121,32.536051750183105,False
-4.319990634918213,-0.4012312889099121,32.536051750183105,False
-4.319990634918213,-0.4012312889099121,32.536051750183105,False
-4.319990634918213,-0.4012312889099121,32.536051750183105,False
-4.319990634918213,-0.4012312889099121,32.536051750183105,False
-4.319990634918213,-0.4012312889099121,32.536051750183105,False
-4.319990634918213,-0.4012312889099121,32.536051750183105,False
-4.319990634918213,-0.4012312889099121,32.536051750183105,False
-4.319990634918213,-0.397230863571167,32.536051750183105,False
-4.319990634918213,-0.3926382064819336,32.536051750183105,False
-4.319990634918213,-0.38863682746887207,32.536051750183105,False
-4.319990634918213,-0.38556504249572754,32.536051750183105,False
-4.319990634918213,-0.38203907012939453,32.536051750183105,False
-4.319990634918213,-0.3770332336425781,32.536051750183105,False
-4.319990634918213,-0.3704030513763428,32.536051750183105,False
-4.319990634918213,-0.36733174324035645,32.536051750183105,False
-4.319990634918213,-0.36278486251831055,32.536051750183105,False
-4.319990634918213,-0.35884952545166016,32.536051750183105,False
-4.319990634918213,-0.3568429946899414,32.536051750183105,False
-4.319990634918213,-0.3532755374908447,32.536051750183105,False
-4.319990634918213,-0.3502624034881592,32.536051750183105,False
-4.319990634918213,-0.34726524353027344,32.536051750183105,False
-4.319990634918213,-0.3425941467285156,32.536051750183105,False
-4.319990634918213,-0.3399333953857422,32.536051750183105,False
-4.319990634918213,-0.33690357208251953,32.536051750183105,False
-4.319990634918213,-0.3337275981903076,32.536051750183105,False
-4.319990634918213,-0.3305962085723877,32.536051750183105,False
-4.319990634918213,-0.3267197608947754,32.536051750183105,False
-4.319990634918213,-0.3231208324432373,32.536051750183105,False
-4.319990634918213,-0.32001328468322754,32.536051750183105,False
-4.319990634918213,-0.3170187473297119,32.536051750183105,False
-4.319990634918213,-0.31354427337646484,32.536051750183105,False
-4.319990634918213,-0.3114438056945801,32.536051750183105,False
-4.319990634918213,-0.3085353374481201,32.536051750183105,False
-4.319990634918213,-0.30542707443237305,32.536051750183105,False
-4.319990634918213,-0.30187535285949707,32.536051750183105,False
-4.319990634918213,-0.29880237579345703,32.536051750183105,False
-4.319990634918213,-0.2949106693267822,32.536051750183105,False
-4.319990634918213,-0.2911844253540039,32.536051750183105,False
-4.319990634918213,-0.2881889343261719,32.536051750183105,False
-4.319990634918213,-0.28514838218688965,32.536051750183105,False
-4.319990634918213,-0.28063082695007324,32.536051750183105,False
-4.319990634918213,-0.27663159370422363,32.536051750183105,False
-4.319990634918213,-0.27204012870788574,32.536051750183105,False
-4.319990634918213,-0.26703548431396484,32.536051750183105,False
-4.319990634918213,-0.2623782157897949,32.536051750183105,False
-4.319990634918213,-0.25940823554992676,32.536051750183105,False
-4.319990634918213,-0.2563660144805908,32.536051750183105,False
-4.319990634918213,-0.2538275718688965,32.536051750183105,False
-4.319990634918213,-0.25029850006103516,32.536051750183105,False
-4.319990634918213,-0.24726271629333496,32.536051750183105,False
-4.319990634918213,-0.24377012252807617,32.536051750183105,False
-4.319990634918213,-0.2407541275024414,32.536051750183105,False
-4.319990634918213,-0.2376708984375,32.536051750183105,False
-4.319990634918213,-0.23507213592529297,32.536051750183105,False
-4.319990634918213,-0.23239588737487793,32.536051750183105,False
-4.319990634918213,-0.22932195663452148,32.536051750183105,False
-4.319990634918213,-0.22632527351379395,32.536051750183105,False
-4.319990634918213,-0.2238924503326416,32.536051750183105,False
-4.319990634918213,-0.22081398963928223,32.536051750183105,False
-4.319990634918213,-0.2178483009338379,32.536051750183105,False
-4.319990634918213,-0.2148129940032959,32.536051750183105,False
-4.319990634918213,-0.21233773231506348,32.536051750183105,False
-4.319990634918213,-0.2093029022216797,32.536051750183105,False
-4.319990634918213,-0.20630192756652832,32.536051750183105,False
-4.319990634918213,-0.20378613471984863,32.536051750183105,False
-4.319990634918213,-0.2006998062133789,32.536051750183105,False
-4.319990634918213,-0.19777727127075195,32.536051750183105,False
-4.319990634918213,-0.1947765350341797,32.536051750183105,False
-4.319990634918213,-0.19025254249572754,32.536051750183105,False
-4.319990634918213,-0.187180757522583,32.536051750183105,False
-4.319990634918213,-0.18269777297973633,32.536051750183105,False
-4.319990634918213,-0.17866301536560059,32.536051750183105,False
-4.319990634918213,-0.174699068069458,32.536051750183105,False
-4.319990634918213,-0.17106318473815918,32.536051750183105,False
-4.319990634918213,-0.17106318473815918,32.536051750183105,False
-4.319990634918213,-0.17106318473815918,32.536051750183105,False
-4.319990634918213,-0.17106318473815918,32.536051750183105,False
-4.319990634918213,-0.17106318473815918,32.536051750183105,False
-4.319990634918213,-0.17106318473815918,32.536051750183105,False
-4.319990634918213,-0.17106318473815918,32.536051750183105,False
-4.319990634918213,-0.17106318473815918,32.536051750183105,False
-4.319990634918213,-0.17106318473815918,32.536051750183105,False
-4.319990634918213,-0.17106318473815918,32.536051750183105,False
-4.319990634918213,-0.17106318473815918,32.536051750183105,False
-4.319990634918213,-0.17106318473815918,32.536051750183105,False
-4.319990634918213,-0.17106318473815918,32.536051750183105,False
-4.319990634918213,-0.17106318473815918,32.536051750183105,False
-4.319990634918213,-0.17106318473815918,32.536051750183105,False
-4.319990634918213,-0.17106318473815918,32.536051750183105,False
-4.319990634918213,-0.17106318473815918,32.536051750183105,False
-4.319990634918213,-0.17106318473815918,32.536051750183105,False
-4.319990634918213,-0.17106318473815918,32.536051750183105,False
-4.319990634918213,-0.17106318473815918,32.536051750183105,False
-4.319990634918213,-0.17106318473815918,32.536051750183105,False
-4.319990634918213,-0.17106318473815918,32.536051750183105,False
-4.319990634918213,-0.17106318473815918,32.536051750183105,False
-4.319990634918213,-0.17106318473815918,32.536051750183105,False
-4.319990634918213,-0.17106318473815918,32.536051750183105,False
-4.319990634918213,-0.17106318473815918,32.536051750183105,False
-4.319990634918213,-0.17106318473815918,32.536051750183105,False
-4.319990634918213,-0.17106318473815918,32.536051750183105,False
-4.319990634918213,-0.17106318473815918,32.536051750183105,False
-4.319990634918213,-0.17106318473815918,32.536051750183105,False
-4.319990634918213,-0.17106318473815918,32.536051750183105,False
-4.319990634918213,-0.17106318473815918,32.536051750183105,False
-4.319990634918213,-0.17106318473815918,32.536051750183105,False
-4.319990634918213,-0.17106318473815918,32.536051750183105,False
-4.319990634918213,-0.17106318473815918,32.536051750183105,False
-4.319990634918213,-0.17106318473815918,32.536051750183105,False
-4.319990634918213,-0.17106318473815918,32.536051750183105,False
-4.319990634918213,-0.17106318473815918,32.536051750183105,False
-4.319990634918213,-0.17106318473815918,32.536051750183105,False
-4.319990634918213,-0.17106318473815918,32.536051750183105,False
-4.319990634918213,-0.17106318473815918,32.536051750183105,False
-4.319990634918213,-0.17106318473815918,32.536051750183105,False
-4.319990634918213,-0.17106318473815918,32.536051750183105,False
-4.319990634918213,-0.17106318473815918,32.536051750183105,False
-4.319990634918213,-0.17106318473815918,32.536051750183105,False
-4.319990634918213,-0.17106318473815918,32.536051750183105,False
-4.319990634918213,-0.17106318473815918,32.536051750183105,False
-4.319990634918213,-0.17106318473815918,32.536051750183105,False
-4.319990634918213,-0.17106318473815918,32.536051750183105,False
-4.319990634918213,-0.17106318473815918,32.536051750183105,False
-4.319990634918213,-0.17106318473815918,32.536051750183105,False
-4.319990634918213,-0.17106318473815918,32.536051750183105,False
-4.319990634918213,-0.17106318473815918,32.536051750183105,False
-4.319990634918213,-0.17106318473815918,32.536051750183105,False
-4.319990634918213,-0.17106318473815918,32.536051750183105,False
-4.319990634918213,-0.17106318473815918,32.536051750183105,False
-4.319990634918213,-0.17106318473815918,32.536051750183105,False
-4.319990634918213,-0.17106318473815918,32.536051750183105,False
-4.319990634918213,-0.17106318473815918,32.536051750183105,False
-4.319990634918213,-0.17106318473815918,32.536051750183105,False
-4.319990634918213,-0.17106318473815918,32.536051750183105,False
-4.319990634918213,-0.17106318473815918,32.536051750183105,False
-4.319990634918213,-0.17106318473815918,32.536051750183105,False
-4.319990634918213,-0.17106318473815918,32.536051750183105,False
-4.319990634918213,-0.17106318473815918,32.536051750183105,False
-4.319990634918213,-0.17106318473815918,32.536051750183105,False
-4.319990634918213,-0.17106318473815918,32.536051750183105,False
-4.319990634918213,-0.17106318473815918,32.536051750183105,False
-4.319990634918213,-0.17106318473815918,32.536051750183105,False
-4.319990634918213,-0.17106318473815918,32.536051750183105,False
-4.319990634918213,-0.17106318473815918,32.536051750183105,False
-4.319990634918213,-0.17106318473815918,32.536051750183105,False
-4.319990634918213,-0.17106318473815918,32.536051750183105,False
-4.319990634918213,-0.17106318473815918,32.536051750183105,False
-4.319990634918213,-0.17106318473815918,32.536051750183105,False
-4.319990634918213,-0.17106318473815918,32.536051750183105,False
-4.319990634918213,-0.17106318473815918,32.536051750183105,False
-4.319990634918213,-0.17106318473815918,32.536051750183105,False
-4.319990634918213,-0.17106318473815918,32.536051750183105,False
-4.319990634918213,-0.17106318473815918,32.536051750183105,False
-4.319990634918213,-0.17106318473815918,32.536051750183105,False
-4.319990634918213,-0.17106318473815918,32.536051750183105,False
-4.319990634918213,-0.17106318473815918,32.536051750183105,False
-4.319990634918213,-0.17106318473815918,32.536051750183105,False
-4.319990634918213,-0.17106318473815918,32.536051750183105,False
-4.319990634918213,-0.17106318473815918,32.536051750183105,False
-4.319990634918213,-0.17106318473815918,32.536051750183105,False
-4.319990634918213,-0.17106318473815918,32.536051750183105,False
-4.319990634918213,-0.17106318473815918,32.536051750183105,False
-4.319990634918213,-0.17106318473815918,32.536051750183105,False
-4.319990634918213,-0.17106318473815918,32.536051750183105,False
-4.319990634918213,-0.17106318473815918,32.536051750183105,False
-4.319990634918213,-0.17106318473815918,32.536051750183105,False
-4.319990634918213,-0.17106318473815918,32.536051750183105,False
-4.319990634918213,-0.17106318473815918,32.536051750183105,False
-4.319990634918213,-0.17106318473815918,32.536051750183105,False
-4.319990634918213,-0.17106318473815918,32.536051750183105,False
-4.319990634918213,-0.17106318473815918,32.536051750183105,False
-4.319990634918213,-0.17106318473815918,32.536051750183105,False
-4.319990634918213,-0.17106318473815918,32.536051750183105,False
-4.319990634918213,-0.17106318473815918,32.536051750183105,False
-4.319990634918213,-0.17106318473815918,32.536051750183105,False
-4.319990634918213,-0.17106318473815918,32.536051750183105,False
-4.319990634918213,-0.17106318473815918,32.536051750183105,False
-4.319990634918213,-0.17106318473815918,32.536051750183105,False
-4.319990634918213,-0.17106318473815918,32.536051750183105,False
-4.319990634918213,-0.17106318473815918,32.536051750183105,False
-4.319990634918213,-0.17106318473815918,32.536051750183105,False
-4.319990634918213,-0.17106318473815918,32.536051750183105,False
-4.319990634918213,-0.17106318473815918,32.536051750183105,False
-4.319990634918213,-0.17106318473815918,32.536051750183105,False
-4.319990634918213,-0.17106318473815918,32.536051750183105,False
-4.319990634918213,-0.17106318473815918,32.536051750183105,False
-4.319990634918213,-0.17106318473815918,32.536051750183105,False
-4.319990634918213,-0.17106318473815918,32.536051750183105,False
-4.319990634918213,-0.17106318473815918,32.536051750183105,False
-4.319990634918213,-0.17106318473815918,32.536051750183105,False
-4.319990634918213,-0.17106318473815918,32.536051750183105,False
-4.319990634918213,-0.17106318473815918,32.536051750183105,False
-4.319990634918213,-0.17106318473815918,32.536051750183105,False
-4.319990634918213,-0.17106318473815918,32.536051750183105,False
-4.319990634918213,-0.17106318473815918,32.536051750183105,False
-4.319990634918213,-0.17106318473815918,32.536051750183105,False
-4.319990634918213,-0.17106318473815918,32.536051750183105,False
-4.319990634918213,-0.17106318473815918,32.536051750183105,False
-4.319990634918213,-0.17106318473815918,32.536051750183105,False
-4.319990634918213,-0.17106318473815918,32.536051750183105,False
-4.319990634918213,-0.17106318473815918,32.536051750183105,False
-4.319990634918213,-0.17106318473815918,32.536051750183105,False
-4.319990634918213,-0.17106318473815918,32.536051750183105,False
-4.319990634918213,-0.17106318473815918,32.536051750183105,False
-4.319990634918213,-0.17106318473815918,32.536051750183105,False
-4.319990634918213,-0.17106318473815918,32.536051750183105,False
-4.319990634918213,-0.17106318473815918,32.536051750183105,False
-4.319990634918213,-0.17106318473815918,32.536051750183105,False
-4.319990634918213,-0.17106318473815918,32.536051750183105,False
-4.319990634918213,-0.17106318473815918,32.536051750183105,False
-4.319990634918213,-0.17106318473815918,32.536051750183105,False
-4.319990634918213,-0.17106318473815918,32.536051750183105,False
-4.319990634918213,-0.17106318473815918,32.536051750183105,False
-4.319990634918213,-0.17106318473815918,32.536051750183105,False
-4.319990634918213,-0.17106318473815918,32.536051750183105,False
-4.319990634918213,-0.17106318473815918,32.536051750183105,False
-4.319990634918213,-0.17106318473815918,32.536051750183105,False
-4.319990634918213,-0.17106318473815918,32.536051750183105,False
-4.319990634918213,-0.17106318473815918,32.536051750183105,False
-4.319990634918213,-0.17106318473815918,32.536051750183105,False
-4.319990634918213,-0.17106318473815918,32.536051750183105,False
-4.319990634918213,-0.17106318473815918,32.536051750183105,False
-4.319990634918213,-0.17106318473815918,32.536051750183105,False
-4.319990634918213,-0.17106318473815918,32.536051750183105,False
-4.319990634918213,-0.17106318473815918,32.536051750183105,False
-4.319990634918213,-0.17106318473815918,32.536051750183105,False
-4.319990634918213,-0.17106318473815918,32.536051750183105,False
-4.319990634918213,-0.17106318473815918,32.536051750183105,False
-4.319990634918213,-0.17106318473815918,32.536051750183105,False
-4.319990634918213,-0.17106318473815918,32.536051750183105,False
-4.319990634918213,-0.17106318473815918,32.536051750183105,False
-4.319990634918213,-0.17106318473815918,32.536051750183105,False
-4.319990634918213,-0.17106318473815918,32.536051750183105,False
-4.319990634918213,-0.17106318473815918,32.536051750183105,False
-4.319990634918213,-0.17106318473815918,32.536051750183105,False
-4.319990634918213,-0.17106318473815918,32.536051750183105,False
-4.319990634918213,-0.17106318473815918,32.536051750183105,False
-4.319990634918213,-0.17106318473815918,32.536051750183105,False
-4.319990634918213,-0.17106318473815918,32.536051750183105,False
-4.319990634918213,-0.17106318473815918,32.536051750183105,False
-4.319990634918213,-0.17106318473815918,32.536051750183105,False
-4.319990634918213,-0.17106318473815918,32.536051750183105,False
-4.319990634918213,-0.17106318473815918,32.536051750183105,False
-4.319990634918213,-0.17106318473815918,32.536051750183105,False
-4.319990634918213,-0.17106318473815918,32.536051750183105,False
-4.319990634918213,-0.17106318473815918,32.536051750183105,False
-4.319990634918213,-0.17106318473815918,32.536051750183105,False
-4.319990634918213,-0.17106318473815918,32.536051750183105,False
-4.319990634918213,-0.17106318473815918,32.536051750183105,False
-4.319990634918213,-0.17106318473815918,32.536051750183105,False
-4.319990634918213,-0.17106318473815918,32.536051750183105,False
-4.319990634918213,-0.17106318473815918,32.536051750183105,False
-4.319990634918213,-0.17106318473815918,32.536051750183105,False
-4.319990634918213,-0.17106318473815918,32.536051750183105,False
-4.319990634918213,-0.17106318473815918,32.536051750183105,False
-4.319990634918213,-0.17106318473815918,32.536051750183105,False
-4.319990634918213,-0.17106318473815918,32.536051750183105,False
-4.319990634918213,-0.17106318473815918,32.536051750183105,False
-4.319990634918213,-0.17106318473815918,32.536051750183105,False
-4.319990634918213,-0.17106318473815918,32.536051750183105,False
-4.319990634918213,-0.17106318473815918,32.536051750183105,False
-4.319990634918213,-0.17106318473815918,32.536051750183105,False
-4.319990634918213,-0.17106318473815918,32.536051750183105,False
-4.319990634918213,-0.17106318473815918,32.536051750183105,False
-4.319990634918213,-0.17106318473815918,32.536051750183105,False
-4.319990634918213,-0.17106318473815918,32.536051750183105,False
-4.319990634918213,-0.17106318473815918,32.536051750183105,False
-4.319990634918213,-0.17106318473815918,32.536051750183105,False
-4.319990634918213,-0.17106318473815918,32.536051750183105,False
-4.319990634918213,-0.17106318473815918,32.536051750183105,False
-4.319990634918213,-0.17106318473815918,32.536051750183105,False
-4.319990634918213,-0.17106318473815918,32.536051750183105,False
-4.319990634918213,-0.17106318473815918,32.536051750183105,False
-4.319990634918213,-0.17106318473815918,32.536051750183105,False
-4.319990634918213,-0.17106318473815918,32.536051750183105,False
-4.319990634918213,-0.17106318473815918,32.536051750183105,False
-4.319990634918213,-0.17106318473815918,32.536051750183105,False
-4.319990634918213,-0.17106318473815918,32.536051750183105,False
-4.319990634918213,-0.17106318473815918,32.536051750183105,False
-4.319990634918213,-0.17106318473815918,32.536051750183105,False
-4.319990634918213,-0.17106318473815918,32.536051750183105,False
-4.319990634918213,-0.17106318473815918,32.536051750183105,False
-4.319990634918213,-0.17106318473815918,32.536051750183105,False
-4.319990634918213,-0.17106318473815918,32.536051750183105,False
-4.319990634918213,-0.17106318473815918,32.536051750183105,False
-4.319990634918213,-0.17106318473815918,32.536051750183105,False
-4.319990634918213,-0.17106318473815918,32.536051750183105,False
-4.319990634918213,-0.17106318473815918,32.536051750183105,False
-4.319990634918213,-0.17106318473815918,32.536051750183105,False
-4.319990634918213,-0.17106318473815918,32.536051750183105,False
-4.319990634918213,-0.17106318473815918,32.536051750183105,False
-4.319990634918213,-0.17106318473815918,32.536051750183105,False
-4.319990634918213,-0.17106318473815918,32.536051750183105,False
-4.319990634918213,-0.17106318473815918,32.536051750183105,False
-4.319990634918213,-0.17106318473815918,32.536051750183105,False
-4.319990634918213,-0.17106318473815918,32.536051750183105,False
-4.319990634918213,-0.17106318473815918,32.536051750183105,False
-4.319990634918213,-0.17106318473815918,32.536051750183105,False
-4.319990634918213,-0.17106318473815918,32.536051750183105,False
-4.319990634918213,-0.17106318473815918,32.536051750183105,False
-4.319990634918213,-0.17106318473815918,32.536051750183105,False
-4.319990634918213,-0.17106318473815918,32.536051750183105,False
-4.319990634918213,-0.17106318473815918,32.536051750183105,False
-4.319990634918213,-0.17106318473815918,32.536051750183105,False
-4.319990634918213,-0.17106318473815918,32.536051750183105,False
-4.319990634918213,-0.17106318473815918,32.536051750183105,False
-4.319990634918213,-0.17106318473815918,32.536051750183105,False
-4.319990634918213,-0.17106318473815918,32.536051750183105,False
-4.319990634918213,-0.17106318473815918,32.536051750183105,False
-4.319990634918213,-0.17106318473815918,32.536051750183105,False
-4.319990634918213,-0.17106318473815918,32.536051750183105,False
-4.319990634918213,-0.17106318473815918,32.536051750183105,False
-4.319990634918213,-0.17106318473815918,32.536051750183105,False
-4.319990634918213,-0.17106318473815918,32.536051750183105,False
-4.319990634918213,-0.17106318473815918,32.536051750183105,False
-4.319990634918213,-0.17106318473815918,32.536051750183105,False
-4.319990634918213,-0.17106318473815918,32.536051750183105,False
-4.319990634918213,-0.17106318473815918,32.536051750183105,False
-4.319990634918213,-0.17106318473815918,32.536051750183105,False
-4.319990634918213,-0.17106318473815918,32.536051750183105,False
-4.319990634918213,-0.17106318473815918,32.536051750183105,False
-4.319990634918213,-0.17106318473815918,32.536051750183105,False
-4.319990634918213,-0.17106318473815918,32.536051750183105,False
-4.319990634918213,-0.17106318473815918,32.536051750183105,False
-4.319990634918213,-0.17106318473815918,32.536051750183105,False
-4.319990634918213,-0.17106318473815918,32.536051750183105,False
-4.319990634918213,-0.17106318473815918,32.536051750183105,False
-4.319990634918213,-0.17106318473815918,32.536051750183105,False
-4.319990634918213,-0.17106318473815918,32.536051750183105,False
-4.319990634918213,-0.17106318473815918,32.536051750183105,False
-4.319990634918213,-0.17106318473815918,32.536051750183105,False
-4.319990634918213,-0.17106318473815918,32.536051750183105,False
-4.319990634918213,-0.17106318473815918,32.536051750183105,False
-4.319990634918213,-0.17106318473815918,32.536051750183105,False
-4.319990634918213,-0.17106318473815918,32.536051750183105,False
-4.319990634918213,-0.17106318473815918,32.536051750183105,False
-4.319990634918213,-0.17106318473815918,32.536051750183105,False
-4.319990634918213,-0.17106318473815918,32.536051750183105,False
-4.319990634918213,-0.17106318473815918,32.536051750183105,False
-4.319990634918213,-0.17106318473815918,32.536051750183105,False
-4.319990634918213,-0.17106318473815918,32.536051750183105,False
-4.319990634918213,-0.17106318473815918,32.536051750183105,False
-4.319990634918213,-0.17106318473815918,32.536051750183105,False
-4.319990634918213,-0.17106318473815918,32.536051750183105,False
-4.319990634918213,-0.17106318473815918,32.536051750183105,False
-4.319990634918213,-0.17106318473815918,32.536051750183105,False
-4.319990634918213,-0.17106318473815918,32.536051750183105,False
-4.319990634918213,-0.17106318473815918,32.536051750183105,False
-4.319990634918213,-0.17106318473815918,32.536051750183105,False
-4.319990634918213,-0.17106318473815918,32.536051750183105,False
-4.319990634918213,-0.17106318473815918,32.536051750183105,False
-4.319990634918213,-0.17106318473815918,32.536051750183105,False
-4.319990634918213,-0.17106318473815918,32.536051750183105,False
-4.319990634918213,-0.17106318473815918,32.536051750183105,False
-4.319990634918213,-0.17106318473815918,32.536051750183105,False
-4.319990634918213,-0.17106318473815918,32.536051750183105,False
-4.319990634918213,-0.17106318473815918,32.536051750183105,False
-4.319990634918213,-0.17106318473815918,32.536051750183105,False
-4.319990634918213,-0.17106318473815918,32.536051750183105,False
-4.319990634918213,-0.17106318473815918,32.536051750183105,False
-4.319990634918213,-0.17106318473815918,32.536051750183105,False
-4.319990634918213,-0.17106318473815918,32.536051750183105,False
-4.319990634918213,-0.17106318473815918,32.536051750183105,False
-4.319990634918213,-0.17106318473815918,32.536051750183105,False
-4.319990634918213,-0.17106318473815918,32.536051750183105,False
-4.319990634918213,-0.17106318473815918,32.536051750183105,False
-4.319990634918213,-0.17106318473815918,32.536051750183105,False
-4.319990634918213,-0.17106318473815918,32.536051750183105,False
-4.319990634918213,-0.17106318473815918,32.536051750183105,False
-4.319990634918213,-0.17106318473815918,32.536051750183105,False
-4.319990634918213,-0.17106318473815918,32.536051750183105,False
-4.319990634918213,-0.17106318473815918,32.536051750183105,False
-4.319990634918213,-0.17106318473815918,32.536051750183105,False
-4.319990634918213,-0.17106318473815918,32.536051750183105,False
-4.319990634918213,-0.17106318473815918,32.536051750183105,False
-4.319990634918213,-0.17106318473815918,32.536051750183105,False
-4.319990634918213,-0.17106318473815918,32.536051750183105,False
-4.319990634918213,-0.17106318473815918,32.536051750183105,False
-4.319990634918213,-0.17106318473815918,32.536051750183105,False
-4.319990634918213,-0.17106318473815918,32.536051750183105,False
-4.319990634918213,-0.17106318473815918,32.536051750183105,False
-4.319990634918213,-0.17106318473815918,32.536051750183105,False
-4.319990634918213,-0.17106318473815918,32.536051750183105,False
-4.319990634918213,-0.17106318473815918,32.536051750183105,False
-4.319990634918213,-0.17106318473815918,32.536051750183105,False
-4.319990634918213,-0.17106318473815918,32.536051750183105,False
-4.319990634918213,-0.17106318473815918,32.536051750183105,False
-4.319990634918213,-0.17106318473815918,32.536051750183105,False
-4.319990634918213,-0.17106318473815918,32.536051750183105,False
-4.319990634918213,-0.17106318473815918,32.536051750183105,False
-4.319990634918213,-0.17106318473815918,32.536051750183105,False
-4.319990634918213,-0.17106318473815918,32.536051750183105,False
-4.319990634918213,-0.17106318473815918,32.536051750183105,False
-4.319990634918213,-0.17106318473815918,32.536051750183105,False
-4.319990634918213,-0.17106318473815918,32.536051750183105,False
-4.319990634918213,-0.17106318473815918,32.536051750183105,False
-4.319990634918213,-0.17106318473815918,32.536051750183105,False
-4.319990634918213,-0.17106318473815918,32.536051750183105,False
-4.319990634918213,-0.17106318473815918,32.536051750183105,False
-4.319990634918213,-0.17106318473815918,32.536051750183105,False
-4.319990634918213,-0.17106318473815918,32.536051750183105,False
-4.319990634918213,-0.17106318473815918,32.536051750183105,False
-4.319990634918213,-0.17106318473815918,32.536051750183105,False
-4.319990634918213,-0.17106318473815918,32.536051750183105,False
-4.319990634918213,-0.17106318473815918,32.536051750183105,False
-4.319990634918213,-0.17106318473815918,32.536051750183105,False
-4.319990634918213,-0.17106318473815918,32.536051750183105,False
-4.319990634918213,-0.17106318473815918,32.536051750183105,False
-4.319990634918213,-0.17106318473815918,32.536051750183105,False
-4.319990634918213,-0.17106318473815918,32.536051750183105,False
-4.319990634918213,-0.17106318473815918,32.536051750183105,False
-4.319990634918213,-0.17106318473815918,32.536051750183105,False
-4.319990634918213,-0.17106318473815918,32.536051750183105,False
-4.319990634918213,-0.17106318473815918,32.536051750183105,False
-4.319990634918213,-0.17106318473815918,32.536051750183105,False
-4.319990634918213,-0.17106318473815918,32.536051750183105,False
-4.319990634918213,-0.17106318473815918,32.536051750183105,False
-4.319990634918213,-0.17106318473815918,32.536051750183105,False
-4.319990634918213,-0.17106318473815918,32.536051750183105,False
-4.319990634918213,-0.17106318473815918,32.536051750183105,False
-4.319990634918213,-0.17106318473815918,32.536051750183105,False
-4.319990634918213,-0.17106318473815918,32.536051750183105,False
-4.319990634918213,-0.17106318473815918,32.536051750183105,False
-4.319990634918213,-0.17106318473815918,32.536051750183105,False
-4.319990634918213,-0.17106318473815918,32.536051750183105,False
-4.319990634918213,-0.17106318473815918,32.536051750183105,False
-4.319990634918213,-0.17106318473815918,32.536051750183105,False
-4.319990634918213,-0.17106318473815918,32.536051750183105,False
-4.319990634918213,-0.17106318473815918,32.536051750183105,False
-4.319990634918213,-0.17106318473815918,32.536051750183105,False
-4.319990634918213,-0.17106318473815918,32.536051750183105,False
-4.319990634918213,-0.17106318473815918,32.536051750183105,False
-4.319990634918213,-0.17106318473815918,32.536051750183105,False
-4.319990634918213,-0.17106318473815918,32.536051750183105,False
-4.319990634918213,-0.17106318473815918,32.536051750183105,False
-4.319990634918213,-0.17106318473815918,32.536051750183105,False
-4.319990634918213,-0.17106318473815918,32.536051750183105,False
-4.319990634918213,-0.17106318473815918,32.536051750183105,False
-4.319990634918213,-0.17106318473815918,32.536051750183105,False
-4.319990634918213,-0.17106318473815918,32.536051750183105,False
-4.319990634918213,-0.17106318473815918,32.536051750183105,False
-4.319990634918213,-0.17106318473815918,32.536051750183105,False
-4.319990634918213,-0.17106318473815918,32.536051750183105,False
-4.319990634918213,-0.17106318473815918,32.536051750183105,False
-4.319990634918213,-0.17106318473815918,32.536051750183105,False
-4.319990634918213,-0.17106318473815918,32.536051750183105,False
-4.319990634918213,-0.17106318473815918,32.536051750183105,False
-4.319990634918213,-0.17106318473815918,32.536051750183105,False
-4.319990634918213,-0.17106318473815918,32.536051750183105,False
-4.319990634918213,-0.17106318473815918,32.536051750183105,False
-4.319990634918213,-0.17106318473815918,32.536051750183105,False
-4.319990634918213,-0.17106318473815918,32.536051750183105,False
-4.319990634918213,-0.17106318473815918,32.536051750183105,False
-4.319990634918213,-0.17106318473815918,32.536051750183105,False
-4.319990634918213,-0.17106318473815918,32.536051750183105,False
-4.319990634918213,-0.17106318473815918,32.536051750183105,False
-4.319990634918213,-0.17106318473815918,32.536051750183105,False
-4.319990634918213,-0.17106318473815918,32.536051750183105,False
-4.319990634918213,-0.17106318473815918,32.536051750183105,False
-4.319990634918213,-0.17106318473815918,32.536051750183105,False
-4.319990634918213,-0.17106318473815918,32.536051750183105,False
-4.319990634918213,-0.17106318473815918,32.536051750183105,False
-4.319990634918213,-0.17106318473815918,32.536051750183105,False
-4.319990634918213,-0.17106318473815918,32.536051750183105,False
-4.319990634918213,-0.17106318473815918,32.536051750183105,False
-4.319990634918213,-0.17106318473815918,32.536051750183105,False
-4.319990634918213,-0.17106318473815918,32.536051750183105,False
-4.319990634918213,-0.17106318473815918,32.536051750183105,False
-4.319990634918213,-0.17106318473815918,32.536051750183105,False
-4.319990634918213,-0.17106318473815918,32.536051750183105,False
-4.319990634918213,-0.17106318473815918,32.536051750183105,False
-4.319990634918213,-0.17106318473815918,32.536051750183105,False
-4.319990634918213,-0.17106318473815918,32.536051750183105,False
-4.319990634918213,-0.17106318473815918,32.536051750183105,False
-4.319990634918213,-0.17106318473815918,32.536051750183105,False
-4.319990634918213,-0.17106318473815918,32.536051750183105,False
-4.319990634918213,-0.17106318473815918,32.536051750183105,False
-4.319990634918213,-0.17106318473815918,32.536051750183105,False
-4.319990634918213,-0.17106318473815918,32.536051750183105,False
-4.319990634918213,-0.17106318473815918,32.536051750183105,False
-4.319990634918213,-0.17106318473815918,32.536051750183105,False
-4.319990634918213,-0.17106318473815918,32.536051750183105,False
-4.319990634918213,-0.17106318473815918,32.536051750183105,False
-4.319990634918213,-0.17106318473815918,32.536051750183105,False
-4.319990634918213,-0.17106318473815918,32.536051750183105,False
-4.319990634918213,-0.17106318473815918,32.536051750183105,False
-4.319990634918213,-0.17106318473815918,32.536051750183105,False
-4.319990634918213,-0.17106318473815918,32.536051750183105,False
-4.319990634918213,-0.17106318473815918,32.536051750183105,False
-4.319990634918213,-0.17106318473815918,32.536051750183105,False
-4.319990634918213,-0.17106318473815918,32.536051750183105,False
-4.319990634918213,-0.17106318473815918,32.536051750183105,False
-4.319990634918213,-0.17106318473815918,32.536051750183105,False
-4.319990634918213,-0.17106318473815918,32.536051750183105,False
-4.319990634918213,-0.17106318473815918,32.536051750183105,False
-4.319990634918213,-0.17106318473815918,32.536051750183105,False
-4.319990634918213,-0.17106318473815918,32.536051750183105,False
-4.319990634918213,-0.17106318473815918,32.536051750183105,False
-4.319990634918213,-0.17106318473815918,32.536051750183105,False
-4.319990634918213,-0.17106318473815918,32.536051750183105,False
-4.319990634918213,-0.17106318473815918,32.536051750183105,False
-4.319990634918213,-0.17106318473815918,32.536051750183105,False
-4.319990634918213,-0.17106318473815918,32.536051750183105,False
-4.319990634918213,-0.17106318473815918,32.536051750183105,False
-4.319990634918213,-0.17106318473815918,32.536051750183105,False
-4.319990634918213,-0.17106318473815918,32.536051750183105,False
-4.319990634918213,-0.17106318473815918,32.536051750183105,False
-4.319990634918213,-0.17106318473815918,32.536051750183105,False
-4.319990634918213,-0.17106318473815918,32.536051750183105,False
-4.319990634918213,-0.17106318473815918,32.536051750183105,False
-4.319990634918213,-0.17106318473815918,32.536051750183105,False
-4.319990634918213,-0.17106318473815918,32.536051750183105,False
-4.319990634918213,-0.17106318473815918,32.536051750183105,False
-4.319990634918213,-0.17106318473815918,32.536051750183105,False
-4.319990634918213,-0.17106318473815918,32.536051750183105,False
-4.319990634918213,-0.17106318473815918,32.536051750183105,False
-4.319990634918213,-0.17106318473815918,32.536051750183105,False
-4.319990634918213,-0.17106318473815918,32.536051750183105,False
-4.319990634918213,-0.17106318473815918,32.536051750183105,False
-4.319990634918213,-0.17106318473815918,32.536051750183105,False
-4.319990634918213,-0.17106318473815918,32.536051750183105,False
-4.319990634918213,-0.17106318473815918,32.536051750183105,False
-4.319990634918213,-0.17106318473815918,32.536051750183105,False
-4.319990634918213,-0.17106318473815918,32.536051750183105,False
-4.319990634918213,-0.17106318473815918,32.536051750183105,False
-4.319990634918213,-0.17106318473815918,32.536051750183105,False
-4.319990634918213,-0.17106318473815918,32.536051750183105,False
-4.319990634918213,-0.17106318473815918,32.536051750183105,False
-4.319990634918213,-0.17106318473815918,32.536051750183105,False
-4.319990634918213,-0.16805338859558105,32.536051750183105,False
-4.319990634918213,-0.16492033004760742,32.536051750183105,False
-4.319990634918213,-0.16144633293151855,32.536051750183105,False
-4.319990634918213,-0.1582784652709961,32.536051750183105,False
-4.319990634918213,-0.15531492233276367,32.536051750183105,False
-4.319990634918213,-0.15166020393371582,32.536051750183105,False
-4.319990634918213,-0.14864253997802734,32.536051750183105,False
-4.319990634918213,-0.14551854133605957,32.536051750183105,False
-4.319990634918213,-0.14264702796936035,32.536051750183105,False
-4.319990634918213,-0.1370558738708496,32.536051750183105,False
-4.319990634918213,-0.134019136428833,32.536051750183105,False
-4.319990634918213,-0.13041067123413086,32.536051750183105,False
-4.319990634918213,-0.12737059593200684,32.536051750183105,False
-4.319990634918213,-0.12438273429870605,32.536051750183105,False
-4.319990634918213,-0.12090229988098145,32.536051750183105,False
-4.319990634918213,-0.11781024932861328,32.536051750183105,False
-4.319990634918213,-0.11477375030517578,32.536051750183105,False
-4.319990634918213,-0.11121201515197754,32.536051750183105,False
-4.319990634918213,-0.10811185836791992,32.536051750183105,False
-4.319990634918213,-0.1050717830657959,32.536051750183105,False
-4.319990634918213,-0.10110974311828613,32.536051750183105,False
-4.319990634918213,-0.09903407096862793,32.536051750183105,False
-4.319990634918213,-0.09603285789489746,32.536051750183105,False
-4.319990634918213,-0.09310436248779297,32.536051750183105,False
-4.319990634918213,-0.09051990509033203,32.536051750183105,False
-4.319990634918213,-0.08751225471496582,32.536051750183105,False
-4.319990634918213,-0.08452463150024414,32.536051750183105,False
-4.319990634918213,-0.0814971923828125,32.536051750183105,False
-4.319990634918213,-0.07586336135864258,32.536051750183105,False
-4.319990634918213,-0.07283282279968262,32.536051750183105,False
-4.319990634918213,-0.06914043426513672,32.536051750183105,False
-4.319990634918213,-0.06516766548156738,32.536051750183105,False
-4.319990634918213,-0.06156277656555176,32.536051750183105,False
-4.319990634918213,-0.05855083465576172,32.536051750183105,False
-4.319990634918213,-0.05454897880554199,32.536051750183105,False
-4.319990634918213,-0.05101799964904785,32.536051750183105,False
-4.319990634918213,-0.04600334167480469,32.536051750183105,False
-4.319990634918213,-0.03946638107299805,32.536051750183105,False
-4.319990634918213,-0.03545951843261719,32.536051750183105,False
-4.319990634918213,-0.03238058090209961,32.536051750183105,False
-4.319990634918213,-0.02793598175048828,32.536051750183105,False
-4.319990634918213,-0.023932933807373047,32.536051750183105,False
-4.319990634918213,-0.020415544509887695,32.536051750183105,False
-4.319990634918213,-0.018315792083740234,32.536051750183105,False
-4.319990634918213,-0.013415813446044922,32.536051750183105,False
-4.319990634918213,-0.009752750396728516,32.536051750183105,False
-4.319990634918213,-0.006639957427978516,32.536051750183105,False
-4.319990634918213,-0.003640413284301758,32.536051750183105,False
-4.319990634918213,0.00045180320739746094,32.536051750183105,False
-4.319990634918213,0.0034601688385009766,32.536051750183105,False
-4.319990634918213,0.006590127944946289,32.536051750183105,False
-4.319990634918213,0.00961613655090332,32.536051750183105,False
-4.319990634918213,0.012580394744873047,32.536051750183105,False
-4.319990634918213,0.01470041275024414,32.536051750183105,False
-4.319990634918213,0.0175783634185791,32.536051750183105,False
-4.319990634918213,0.02094888687133789,32.536051750183105,False
-4.319990634918213,0.024843215942382812,32.536051750183105,False
-4.319990634918213,0.02696847915649414,32.536051750183105,False
-4.319990634918213,0.030575990676879883,32.536051750183105,False
-4.319990634918213,0.035485267639160156,32.536051750183105,True
-4.319990634918213,0.03848457336425781,32.536051750183105,True
-4.319990634918213,0.042081356048583984,32.536051750183105,True
-4.319990634918213,0.045992374420166016,32.536051750183105,True
-4.319990634918213,0.04863739013671875,32.536051750183105,True
-4.319990634918213,0.053708791732788086,32.536051750183105,True
-4.319990634918213,0.0583500862121582,32.536051750183105,True
-4.319990634918213,0.0614931583404541,32.536051750183105,True
-4.319990634918213,0.06447076797485352,32.536051750183105,True
-4.319990634918213,0.06904792785644531,32.536051750183105,True
-4.319990634918213,0.07213902473449707,32.536051750183105,True
-4.319990634918213,0.07614302635192871,32.536051750183105,True
-4.319990634918213,0.0797421932220459,32.536051750183105,True
-4.319990634918213,0.08470416069030762,32.536051750183105,True
-4.319990634918213,0.08995652198791504,32.536051750183105,True
-4.319990634918213,0.09305000305175781,32.536051750183105,True
-4.319990634918213,0.09703302383422852,32.536051750183105,True
-4.319990634918213,0.10024619102478027,32.536051750183105,True
-4.319990634918213,0.10427522659301758,32.536051750183105,True
-4.319990634918213,0.10725736618041992,32.536051750183105,True
-4.319990634918213,0.11077308654785156,32.536051750183105,True
-4.319990634918213,0.11375665664672852,32.536051750183105,True
-4.319990634918213,0.12030673027038574,32.536051750183105,True
-4.319990634918213,0.12341904640197754,32.536051750183105,True
-4.319990634918213,0.12644243240356445,32.536051750183105,True
-4.319990634918213,0.129960298538208,32.536051750183105,True
-4.319990634918213,0.13299345970153809,32.536051750183105,True
-4.319990634918213,0.13596343994140625,32.536051750183105,True
-4.319990634918213,0.13956451416015625,32.536051750183105,True
-4.319990634918213,0.14248037338256836,32.536051750183105,True
-4.319990634918213,0.14560198783874512,32.536051750183105,True
-4.319990634918213,0.14910340309143066,32.536051750183105,True
-4.319990634918213,0.15418434143066406,32.536051750183105,True
-4.319990634918213,0.16066789627075195,32.536051750183105,True
-4.319990634918213,0.16475224494934082,32.536051750183105,True
-4.319990634918213,0.170318603515625,32.536051750183105,True
-4.319990634918213,0.17438888549804688,32.536051750183105,True
-4.319990634918213,0.1788921356201172,32.536051750183105,True
-4.319990634918213,0.18390393257141113,32.536051750183105,True
-4.319990634918213,0.1894993782043457,32.536051750183105,True
-4.319990634918213,0.19441890716552734,32.536051750183105,True
-4.319990634918213,0.19842195510864258,32.536051750183105,True
-4.319990634918213,0.20195937156677246,32.536051750183105,True
-4.319990634918213,0.20597076416015625,32.536051750183105,True
-4.319990634918213,0.21061301231384277,32.536051750183105,True
-4.319990634918213,0.21462154388427734,32.536051750183105,True
-4.319990634918213,0.22118425369262695,32.536051750183105,True
-4.319990634918213,0.22973895072937012,32.536051750183105,True
-4.319990634918213,0.2337510585784912,32.536051750183105,True
-4.319990634918213,0.23679661750793457,32.536051750183105,True
-4.319990634918213,0.24131321907043457,32.536051750183105,True
-4.319990634918213,0.24537038803100586,32.536051750183105,True
-4.319990634918213,0.24988746643066406,32.536051750183105,True
-4.319990634918213,0.25695204734802246,32.536051750183105,True
-4.319990634918213,0.2615213394165039,32.536051750183105,True
-4.319990634918213,0.2645871639251709,32.536051750183105,True
-4.319990634918213,0.2674753665924072,32.536051750183105,True
-4.319990634918213,0.27120161056518555,32.536051750183105,True
-4.319990634918213,0.2741122245788574,32.536051750183105,True
-4.319990634918213,0.2772243022918701,32.536051750183105,True
-4.319990634918213,0.28072214126586914,32.536051750183105,True
-4.319990634918213,0.28568267822265625,32.536051750183105,True
-4.319990634918213,0.29088878631591797,32.536051750183105,True
-4.319990634918213,0.29389429092407227,32.536051750183105,True
-4.319990634918213,0.29688215255737305,32.536051750183105,True
-4.319990634918213,0.3000521659851074,32.536051750183105,True
-4.319990634918213,0.30313754081726074,32.536051750183105,True
-4.319990634918213,0.3061492443084717,32.536051750183105,True
-4.319990634918213,0.3097069263458252,32.536051750183105,True
-4.319990634918213,0.3137538433074951,32.536051750183105,True
-4.319990634918213,0.31931495666503906,32.536051750183105,True
-4.319990634918213,0.3243143558502197,32.536051750183105,True
-4.319990634918213,0.32742834091186523,32.536051750183105,True
-4.319990634918213,0.3308298587799072,32.536051750183105,True
-4.319990634918213,0.33391737937927246,32.536051750183105,True
-4.319990634918213,0.33683013916015625,32.536051750183105,True
-4.319990634918213,0.3404989242553711,32.536051750183105,True
-4.319990634918213,0.3404989242553711,32.536051750183105,True
-4.319990634918213,0.3404989242553711,32.536051750183105,True
-4.319990634918213,0.3404989242553711,32.536051750183105,True
-4.319990634918213,0.3404989242553711,32.536051750183105,True
-4.319990634918213,0.3404989242553711,32.536051750183105,True
-4.319990634918213,0.3404989242553711,32.536051750183105,True
-4.319990634918213,0.3404989242553711,32.536051750183105,True
-4.319990634918213,0.3404989242553711,32.536051750183105,True
-4.319990634918213,0.3404989242553711,32.536051750183105,True
-4.319990634918213,0.3404989242553711,32.536051750183105,True
-4.319990634918213,0.3404989242553711,32.536051750183105,True
-4.319990634918213,0.3404989242553711,32.536051750183105,True
-4.319990634918213,0.3404989242553711,32.536051750183105,True
-4.319990634918213,0.3404989242553711,32.536051750183105,True
-4.319990634918213,0.3404989242553711,32.536051750183105,True
-4.319990634918213,0.3404989242553711,32.536051750183105,True
-4.319990634918213,0.3404989242553711,32.536051750183105,True
-4.319990634918213,0.3404989242553711,32.536051750183105,True
-4.319990634918213,0.3404989242553711,32.536051750183105,True
-4.319990634918213,0.3404989242553711,32.536051750183105,True
-4.319990634918213,0.3404989242553711,32.536051750183105,True
-4.319990634918213,0.3404989242553711,32.536051750183105,True
-4.319990634918213,0.3404989242553711,32.536051750183105,True
-4.319990634918213,0.3404989242553711,32.536051750183105,True
-4.319990634918213,0.3404989242553711,32.536051750183105,True
-4.319990634918213,0.3404989242553711,32.536051750183105,True
-4.319990634918213,0.3404989242553711,32.536051750183105,True
-4.319990634918213,0.3404989242553711,32.536051750183105,True
-4.319990634918213,0.3404989242553711,32.536051750183105,True
-4.319990634918213,0.3404989242553711,32.536051750183105,True
-4.319990634918213,0.3404989242553711,32.536051750183105,True
-4.319990634918213,0.3404989242553711,32.536051750183105,True
-4.319990634918213,0.3404989242553711,32.536051750183105,False
-4.319990634918213,0.3404989242553711,32.536051750183105,False
-4.319990634918213,0.3404989242553711,32.536051750183105,False
-4.319990634918213,0.3404989242553711,32.536051750183105,False
-4.319990634918213,0.3404989242553711,32.536051750183105,False
-4.319990634918213,0.3404989242553711,32.536051750183105,False
-4.319990634918213,0.3404989242553711,32.536051750183105,False
-4.319990634918213,0.3404989242553711,32.536051750183105,False
-4.319990634918213,0.3404989242553711,32.536051750183105,False
-4.319990634918213,0.3404989242553711,32.536051750183105,False
-4.319990634918213,0.3404989242553711,32.536051750183105,False
-4.319990634918213,0.3404989242553711,32.536051750183105,False
-4.319990634918213,0.3404989242553711,32.536051750183105,False
-4.319990634918213,0.3404989242553711,32.536051750183105,False
-4.319990634918213,0.3404989242553711,32.536051750183105,False
-4.319990634918213,0.3404989242553711,32.536051750183105,False
-4.319990634918213,0.3404989242553711,32.536051750183105,False
-4.319990634918213,0.3404989242553711,32.536051750183105,False
-4.319990634918213,0.3404989242553711,32.536051750183105,False
-4.319990634918213,0.3404989242553711,32.536051750183105,False
-4.319990634918213,0.3404989242553711,32.536051750183105,False
-4.319990634918213,0.3404989242553711,32.53303575515747,False
-4.319990634918213,0.3404989242553711,32.52939248085022,False
-4.319990634918213,0.3404989242553711,32.526453495025635,False
-4.319990634918213,0.3404989242553711,32.52082967758179,False
-4.319990634918213,0.3404989242553711,32.5177538394928,False
-4.319990634918213,0.3404989242553711,32.51381063461304,False
-4.319990634918213,0.3404989242553711,32.50977158546448,False
-4.319990634918213,0.3404989242553711,32.505699634552,False
-4.319990634918213,0.3404989242553711,32.50264501571655,False
-4.319990634918213,0.3404989242553711,32.49824857711792,False
-4.319990634918213,0.3404989242553711,32.494171380996704,False
-4.319990634918213,0.3404989242553711,32.49070882797241,False
-4.319990634918213,0.3404989242553711,32.48471260070801,False
-4.319990634918213,0.3404989242553711,32.48008394241333,False
-4.319990634918213,0.3404989242553711,32.47701811790466,False
-4.319990634918213,0.3404989242553711,32.47307538986206,False
-4.319990634918213,0.3404989242553711,32.46854853630066,False
-4.319990634918213,0.3404989242553711,32.46354866027832,False
-4.319990634918213,0.3404989242553711,32.457029819488525,False
-4.319990634918213,0.3404989242553711,32.45047616958618,False
-4.319990634918213,0.3404989242553711,32.44741916656494,False
-4.319990634918213,0.3404989242553711,32.44351935386658,False
-4.319990634918213,0.3404989242553711,32.43800091743469,False
-4.319990634918213,0.3404989242553711,32.433998107910156,False
-4.323544979095459,0.3404989242553711,32.426889419555664,False
-4.330564498901367,0.3404989242553711,32.41285037994385,False
-4.338150978088379,0.3404989242553711,32.397677421569824,False
-4.342730522155762,0.3404989242553711,32.38851833343506,False
-4.345742225646973,0.3404989242553711,32.38249492645264,False
-4.348859548568726,0.3404989242553711,32.37626028060913,False
-4.352395296096802,0.3404989242553711,32.36918878555298,False
-4.355522632598877,0.3404989242553711,32.36293411254883,False
-4.3585193157196045,0.3404989242553711,32.35694074630737,False
-4.3620641231536865,0.3404989242553711,32.34985113143921,False
-4.365077495574951,0.3404989242553711,32.34382438659668,False
-4.368169546127319,0.3404989242553711,32.33764028549194,False
-4.37108039855957,0.3404989242553711,32.33181858062744,False
-4.37425684928894,0.3404989242553711,32.3254656791687,False
-4.377370834350586,0.3404989242553711,32.31923770904541,False
-4.380366086959839,0.3404989242553711,32.313247203826904,False
-4.383387804031372,0.3404989242553711,32.30720376968384,False
-4.386399269104004,0.3404989242553711,32.301180839538574,False
-4.3894126415252686,0.3404989242553711,32.295154094696045,False
-4.394965648651123,0.3404989242553711,32.284048080444336,False
-4.397981882095337,0.3404989242553711,32.27801561355591,False
-4.401024341583252,0.3404989242553711,32.27193069458008,False
-4.40453028678894,0.3404989242553711,32.2649188041687,False
-4.407535791397095,0.3404989242553711,32.25890779495239,False
-4.410545110702515,0.3404989242553711,32.25288915634155,False
-4.414083480834961,0.3404989242553711,32.24581241607666,False
-4.417140245437622,0.3404989242553711,32.23969888687134,False
-4.420056343078613,0.3404989242553711,32.233866691589355,False
-4.42323112487793,0.3404989242553711,32.22751712799072,False
-4.426271200180054,0.3404989242553711,32.221436977386475,False
-4.4381372928619385,0.3404989242553711,32.20363783836365,False
-4.443237543106079,0.3404989242553711,32.19598746299744,False
-4.449421167373657,0.3404989242553711,32.18671202659607,False
-4.455256700515747,0.3404989242553711,32.177958726882935,False
-4.462567090988159,0.3404989242553711,32.166993141174316,False
-4.468402147293091,0.3404989242553711,32.15824055671692,False
-4.476422071456909,0.3404989242553711,32.14621067047119,True
-4.483413457870483,0.3404989242553711,32.13572359085083,True
-4.491414308547974,0.3404989242553711,32.123722314834595,True
-4.500460386276245,0.3404989242553711,32.11015319824219,True
-4.506482362747192,0.3404989242553711,32.10112023353577,True
-4.514487028121948,0.3404989242553711,32.08911323547363,True
-4.522545099258423,0.3404989242553711,32.07702612876892,True
-4.528563737869263,0.3404989242553711,32.06799817085266,True
-4.53857684135437,0.3404989242553711,32.052978515625,True
-4.547610521316528,0.3404989242553711,32.03942799568176,True
-4.55573296546936,0.3404989242553711,32.027244329452515,True
-4.56435751914978,0.3404989242553711,32.014307498931885,True
-4.574376821517944,0.3404989242553711,31.99927854537964,True
-4.587382555007935,0.3404989242553711,31.979769945144653,True
-4.595401048660278,0.3404989242553711,31.967742204666138,True
-4.6045591831207275,0.3404989242553711,31.954005002975464,True
-4.614704370498657,0.3404989242553711,31.93878722190857,True
-4.621910333633423,0.3404989242553711,31.92797827720642,True
-4.625981092453003,0.3404989242553711,31.91576600074768,True
-4.630563735961914,0.3404989242553711,31.902018070220947,True
-4.63657283782959,0.3404989242553711,31.88399076461792,True
-4.6401526927948,0.3404989242553711,31.87325119972229,True
-4.643243789672852,0.3404989242553711,31.863977909088135,True
-4.6462366580963135,0.3404989242553711,31.85499930381775,True
-4.6491687297821045,0.3404989242553711,31.846203088760376,True
-4.652821779251099,0.3404989242553711,31.835243940353394,True
-4.655847549438477,0.3404989242553711,31.82616662979126,True
-4.660337924957275,0.3404989242553711,31.812695503234863,True
-4.66335391998291,0.3404989242553711,31.80364751815796,True
-4.6664862632751465,0.3404989242553711,31.79425048828125,True
-4.669954776763916,0.3404989242553711,31.78384494781494,True
-4.674656867980957,0.3404989242553711,31.76973867416382,True
-4.677657604217529,0.3404989242553711,31.7607364654541,True
-4.681366443634033,0.3404989242553711,31.74960994720459,True
-4.6853415966033936,0.3404989242553711,31.73768448829651,True
-4.688350677490234,0.3404989242553711,31.728657245635986,True
-4.693944454193115,0.3404989242553711,31.711875915527344,True
-4.697028875350952,0.3404989242553711,31.702622652053833,True
-4.70119309425354,0.3404989242553711,31.69012999534607,True
-4.704256057739258,0.3404989242553711,31.680941104888916,True
-4.70822286605835,0.3404989242553711,31.66904067993164,True
-4.711251258850098,0.3404989242553711,31.659955501556396,True
-4.714385986328125,0.3404989242553711,31.650551319122314,True
-4.717388391494751,0.3404989242553711,31.641544103622437,True
-4.720787525177002,0.3404989242553711,31.631346702575684,True
-4.722907543182373,0.3404989242553711,31.62498664855957,True
-4.726863384246826,0.3404989242553711,31.61311912536621,True
-4.7315287590026855,0.3404989242553711,31.599123001098633,True
-4.73757266998291,0.3404989242553711,31.58099126815796,True
-4.7411627769470215,0.3404989242553711,31.570220947265625,True
-4.744182586669922,0.3404989242553711,31.561161518096924,True
-4.747101306915283,0.3404989242553711,31.55240535736084,True
-4.750736474990845,0.3404989242553711,31.541499853134155,True
-4.753737688064575,0.3404989242553711,31.532496213912964,True
-4.7567479610443115,0.3404989242553711,31.523465394973755,True
-4.762307643890381,0.3404989242553711,31.506786346435547,True
-4.765303134918213,0.3404989242553711,31.49779987335205,True
-4.770814418792725,0.3404989242553711,31.481266021728516,True
-4.7749550342559814,0.3404989242553711,31.468844175338745,True
-4.779016494750977,0.3404989242553711,31.45665979385376,True
-4.784466743469238,0.3404989242553711,31.440309047698975,True
-4.788464069366455,0.3404989242553711,31.428317070007324,True
-4.792041778564453,0.3404989242553711,31.41758394241333,True
-4.797976016998291,0.3404989242553711,31.399781227111816,True
-4.8024938106536865,0.3404989242553711,31.38622784614563,True
-4.807493448257446,0.3404989242553711,31.37122893333435,True
-4.811089754104614,0.3404989242553711,31.360440015792847,True
-4.8151023387908936,0.3404989242553711,31.34840226173401,True
-4.819098949432373,0.3404989242553711,31.33641242980957,True
-4.822619438171387,0.3404989242553711,31.32585096359253,True
-4.826625108718872,0.3404989242553711,31.313833951950073,True
-4.834158420562744,0.3404989242553711,31.291234016418457,True
-4.838167428970337,0.3404989242553711,31.27920699119568,True
-4.841850757598877,0.3404989242553711,31.26815700531006,True
-4.846792697906494,0.3404989242553711,31.253331184387207,True
-4.850366592407227,0.3404989242553711,31.24260950088501,True
-4.853383302688599,0.3404989242553711,31.233559370040894,True
-4.856469392776489,0.3404989242553711,31.22430109977722,True
-4.860968112945557,0.3404989242553711,31.21080493927002,True
-4.866968870162964,0.3404989242553711,31.192802667617798,True
-4.8716325759887695,0.3404989242553711,31.17881155014038,True
-4.875260353088379,0.3404989242553711,31.167928218841553,True
-4.878158092498779,0.3404989242553711,31.15923500061035,True
-4.881392002105713,0.3404989242553711,31.14953327178955,True
-4.884418964385986,0.3404989242553711,31.14045238494873,True
-4.887401580810547,0.3404989242553711,31.13150453567505,True
-4.8929173946380615,0.3404989242553711,31.114957094192505,True
-4.8979949951171875,0.3404989242553711,31.099724292755127,True
-4.902117013931274,0.3404989242553711,31.087358236312866,True
-4.905116081237793,0.3404989242553711,31.07836103439331,True
-4.909095525741577,0.3404989242553711,31.066422700881958,True
-4.912612438201904,0.3404989242553711,31.055871963500977,True
-4.915624141693115,0.3404989242553711,31.046836853027344,True
-4.918635845184326,0.3404989242553711,31.03780174255371,True
-4.921148061752319,0.3404989242553711,31.03026509284973,True
-4.925154447555542,0.3404989242553711,31.018245935440063,True
-4.930787086486816,0.3404989242553711,31.00134801864624,True
-4.933803081512451,0.3404989242553711,30.992300033569336,True
-4.936910629272461,0.3404989242553711,30.982977390289307,True
-4.940434694290161,0.3404989242553711,30.972405195236206,True
-4.9435625076293945,0.3404989242553711,30.963021755218506,True
-4.946568250656128,0.3404989242553711,30.954004526138306,True
-4.950067520141602,0.3404989242553711,30.943506717681885,True
-4.953188896179199,0.3404989242553711,30.934142589569092,True
-4.956182479858398,0.3404989242553711,30.925161838531494,True
-4.9591968059539795,0.3404989242553711,30.91611886024475,True
-4.962634801864624,0.3404989242553711,30.905804872512817,True
-4.965675592422485,0.3404989242553711,30.896682500839233,True
-4.968592405319214,0.3404989242553711,30.887932062149048,True
-4.9721808433532715,0.3404989242553711,30.877166748046875,True
-4.9766223430633545,0.3404989242553711,30.863842248916626,True
-4.979206085205078,0.3404989242553711,30.856091022491455,True
-4.979206085205078,0.33598852157592773,30.842559814453125,True
-4.979206085205078,0.33198976516723633,30.83056354522705,True
-4.979206085205078,0.32639217376708984,30.81377077102661,True
-4.979206085205078,0.31868553161621094,30.790650844573975,True
-4.979206085205078,0.3137531280517578,30.775853633880615,True
-4.979206085205078,0.30923962593078613,30.7623131275177,True
-4.979206085205078,0.30622053146362305,30.75325584411621,True
-4.979206085205078,0.3022162914276123,30.74124312400818,True
-4.979206085205078,0.29762840270996094,30.727479457855225,True
-4.979206085205078,0.2946174144744873,30.718446493148804,True
-4.979206085205078,0.2851109504699707,30.689927101135254,True
-4.979206085205078,0.2821013927459717,30.680898427963257,True
-4.979206085205078,0.2765223979949951,30.664161443710327,True
-4.979206085205078,0.2725193500518799,30.65215229988098,True
-4.979206085205078,0.2689497470855713,30.641443490982056,True
-4.979206085205078,0.2639322280883789,30.62639093399048,True
-4.979206085205078,0.2563154697418213,30.603540658950806,True
-4.979206085205078,0.25131797790527344,30.588548183441162,False
-4.979206085205078,0.247725248336792,30.577769994735718,False
-4.979206085205078,0.24319982528686523,30.564193725585938,False
-4.979206085205078,0.23960447311401367,30.553407669067383,False
-4.979206085205078,0.23143529891967773,30.54115390777588,False
-4.979206085205078,0.22559213638305664,30.532389163970947,False
-4.979206085205078,0.21823835372924805,30.521358489990234,False
-4.979206085205078,0.2101149559020996,30.50917339324951,False
-4.979206085205078,0.1990065574645996,30.49251079559326,False
-4.979206085205078,0.19283008575439453,30.483246088027954,False
-4.979206085205078,0.1849966049194336,30.471495866775513,False
-4.979206085205078,0.17995452880859375,30.463932752609253,False
-4.979206085205078,0.1737833023071289,30.454675912857056,False
-4.979206085205078,0.1679220199584961,30.445883989334106,False
-4.979206085205078,0.16373348236083984,30.439601182937622,False
-4.979206085205078,0.15468263626098633,30.426024913787842,False
-4.979206085205078,0.1465296745300293,30.413795471191406,False
-4.979206085205078,0.1391916275024414,30.402788400650024,False
-4.979206085205078,0.13297605514526367,30.393465042114258,False
-4.979206085205078,0.12700414657592773,30.384507179260254,False
-4.979206085205078,0.11982393264770508,30.37373685836792,False
-4.979206085205078,0.11364889144897461,30.364474296569824,False
-4.979206085205078,0.10760736465454102,30.355412006378174,False
-4.979206085205078,0.10178852081298828,30.346683740615845,False
-4.979206085205078,0.09436416625976562,30.33554720878601,False
-4.979206085205078,0.08852338790893555,30.326786041259766,False
-4.979206085205078,0.0825185775756836,30.317778825759888,False
-4.979206085205078,0.07545900344848633,30.307189464569092,False
-4.979206085205078,0.0694732666015625,30.298210859298706,False
-4.979206085205078,0.06346845626831055,30.289203643798828,False
-4.979206085205078,0.05675554275512695,30.279134273529053,False
-4.979206085205078,0.0505828857421875,30.269875288009644,False
-4.979206085205078,0.0446019172668457,30.26090383529663,False
-4.979206085205078,0.03958606719970703,30.253380060195923,False
-4.979206085205078,0.03357839584350586,30.24436855316162,False
-4.979206085205078,0.025557518005371094,30.236347675323486,False
-4.979206085205078,0.018518447875976562,30.229308605194092,False
-4.979206085205078,0.006497383117675781,30.21728754043579,False
-4.979206085205078,-0.0065479278564453125,30.20424222946167,False
-4.979206085205078,-0.014560699462890625,30.196229457855225,False
-4.979206085205078,-0.021585941314697266,30.189204216003418,False
-4.979206085205078,-0.02962017059326172,30.181169986724854,False
-4.979206085205078,-0.03762674331665039,30.173163414001465,False
-4.979206085205078,-0.04467582702636719,30.166114330291748,False
-4.979206085205078,-0.05469369888305664,30.15609645843506,False
-4.979206085205078,-0.06982803344726562,30.14096212387085,False
-4.979206085205078,-0.07766294479370117,30.133127212524414,False
-4.979206085205078,-0.08470439910888672,30.12608575820923,False
-4.979206085205078,-0.09271621704101562,30.1180739402771,False
-4.979206085205078,-0.10069704055786133,30.110093116760254,False
-4.979206085205078,-0.10773706436157227,30.103053092956543,False
-4.979206085205078,-0.11785316467285156,30.092936992645264,False
-4.979206085205078,-0.12885808944702148,30.081932067871094,False
-4.979206085205078,-0.13685894012451172,30.073931217193604,False
-4.979206085205078,-0.14591598510742188,30.064874172210693,False
-4.979206085205078,-0.1529712677001953,30.05781888961792,False
-4.979206085205078,-0.16221952438354492,30.04857063293457,False
-4.979206085205078,-0.16840410232543945,30.042386054992676,False
-4.979206085205078,-0.17642641067504883,30.034363746643066,False
-4.979206085205078,-0.1874375343322754,30.02335262298584,False
-4.979206085205078,-0.1936025619506836,30.01718759536743,False
-4.979206085205078,-0.20086908340454102,30.009921073913574,False
-4.979206085205078,-0.20708799362182617,30.00370216369629,False
-4.979206085205078,-0.21311426162719727,29.997675895690918,False
-4.979206085205078,-0.22024822235107422,29.99054193496704,False
-4.979206085205078,-0.22651100158691406,29.9842791557312,False
-4.979206085205078,-0.23236989974975586,29.97842025756836,False
-4.979206085205078,-0.2384352684020996,29.972354888916016,False
-4.979206085205078,-0.24529409408569336,29.965496063232422,False
-4.979206085205078,-0.25152015686035156,29.959270000457764,False
-4.979206085205078,-0.2574944496154785,29.953295707702637,False
-4.979206085205078,-0.2647285461425781,29.946061611175537,False
-4.979206085205078,-0.27069807052612305,29.940092086791992,False
-4.979206085205078,-0.27360987663269043,29.934268474578857,False
-4.979206085205078,-0.2761995792388916,29.929089069366455,False
-4.979206085205078,-0.2782907485961914,29.924906730651855,False
-4.979206085205078,-0.2819693088531494,29.91754961013794,False
-4.979206085205078,-0.28559231758117676,29.910303592681885,False
-4.979206085205078,-0.2886841297149658,29.904119968414307,False
-4.979206085205078,-0.2917301654815674,29.898027896881104,False
-4.979206085205078,-0.29625558853149414,29.88897705078125,False
-4.979206085205078,-0.3003411293029785,29.88080596923828,False
-4.979206085205078,-0.30325770378112793,29.874972820281982,False
-4.979206085205078,-0.30638980865478516,29.868708610534668,False
-4.979206085205078,-0.30989956855773926,29.86168909072876,False
-4.979206085205078,-0.31290483474731445,29.85567855834961,False
-4.979206085205078,-0.3164501190185547,29.84858798980713,False
-4.979206085205078,-0.31944847106933594,29.842591285705566,False
-4.979206085205078,-0.32245874404907227,29.836570739746094,False
-4.979206085205078,-0.3259577751159668,29.829572677612305,False
-4.979206085205078,-0.33096933364868164,29.819549560546875,False
-4.979206085205078,-0.3330497741699219,29.815388679504395,False
-4.979206085205078,-0.33565235137939453,29.81018352508545,False
-4.979206085205078,-0.3387279510498047,29.80403232574463,False
-4.979206085205078,-0.3417046070098877,29.798079013824463,False
-4.979206085205078,-0.34523534774780273,29.791017532348633,False
-4.979206085205078,-0.3473169803619385,29.78685426712036,False
-4.979206085205078,-0.3508119583129883,29.77986431121826,False
-4.979206085205078,-0.35390734672546387,29.77367353439331,False
-4.979206085205078,-0.35746026039123535,29.766567707061768,False
-4.979206085205078,-0.36142706871032715,29.758634090423584,False
-4.979206085205078,-0.36799168586730957,29.74550485610962,False
-4.979206085205078,-0.3709909915924072,29.739506244659424,False
-4.979206085205078,-0.37410783767700195,29.733272552490234,False
-4.979206085205078,-0.37769222259521484,29.72968816757202,False
-4.979206085205078,-0.3816826343536377,29.7256977558136,False
-4.979206085205078,-0.38562488555908203,29.721755504608154,False
-4.979206085205078,-0.38913702964782715,29.71824336051941,False
-4.979206085205078,-0.39313673973083496,29.7142436504364,False
-4.979206085205078,-0.4006781578063965,29.70670223236084,False
-4.979206085205078,-0.40473127365112305,29.702649116516113,False
-4.979206085205078,-0.4082615375518799,29.699118852615356,False
-4.979206085205078,-0.4118509292602539,29.695529460906982,False
-4.979206085205078,-0.41550397872924805,29.69187641143799,False
-4.979206085205078,-0.4185984134674072,29.68878197669983,False
-4.979206085205078,-0.42162013053894043,29.685760259628296,False
-4.979206085205078,-0.4245147705078125,29.682865619659424,False
-4.979206085205078,-0.4282407760620117,29.679139614105225,False
-4.979206085205078,-0.4311540126800537,29.676226377487183,False
-4.979206085205078,-0.4342668056488037,29.673113584518433,False
-4.979206085205078,-0.43775439262390137,29.669625997543335,False
-4.979206085205078,-0.44078922271728516,29.66659116744995,False
-4.979206085205078,-0.44376587867736816,29.663614511489868,False
-4.979206085205078,-0.4474191665649414,29.659961223602295,False
-4.979206085205078,-0.4503648281097412,29.657015562057495,False
-4.979206085205078,-0.4533522129058838,29.654028177261353,False
-4.979206085205078,-0.4565136432647705,29.650866746902466,False
-4.979206085205078,-0.46051621437072754,29.64686417579651,False
-4.979206085205078,-0.4660813808441162,29.64129900932312,False
-4.979206085205078,-0.46917104721069336,29.638209342956543,False
-4.979206085205078,-0.47220873832702637,29.63517165184021,False
-4.979206085205078,-0.47570180892944336,29.631678581237793,False
-4.979206085205078,-0.4788048267364502,29.628575563430786,False
-4.979206085205078,-0.4788048267364502,29.62559461593628,False
-4.979206085205078,-0.4788048267364502,29.62195920944214,False
-4.979206085205078,-0.4788048267364502,29.618852376937866,False
-4.979206085205078,-0.4788048267364502,29.614903926849365,False
-4.979206085205078,-0.4788048267364502,29.61037039756775,False
-4.979206085205078,-0.4788048267364502,29.608245372772217,False
-4.979206085205078,-0.4788048267364502,29.605287075042725,False
-4.979206085205078,-0.4788048267364502,29.601656913757324,False
-4.979206085205078,-0.4788048267364502,29.597005367279053,False
-4.979206085205078,-0.4788048267364502,29.593918800354004,False
-4.979206085205078,-0.4788048267364502,29.59162926673889,False
-4.979206085205078,-0.4788048267364502,29.58853578567505,False
-4.979206085205078,-0.4788048267364502,29.585620641708374,False
-4.979206085205078,-0.4788048267364502,29.581053733825684,False
-4.979206085205078,-0.4788048267364502,29.577062845230103,False
-4.979206085205078,-0.4788048267364502,29.574063062667847,False
-4.979206085205078,-0.4788048267364502,29.57085371017456,False
-4.979206085205078,-0.4788048267364502,29.567755699157715,False
-4.979206085205078,-0.4788048267364502,29.564744472503662,False
-4.979206085205078,-0.4788048267364502,29.5620276927948,False
-4.979206085205078,-0.4788048267364502,29.5589497089386,False
-4.979206085205078,-0.4788048267364502,29.55594801902771,False
-4.979206085205078,-0.4788048267364502,29.5529465675354,False
-4.979206085205078,-0.4788048267364502,29.550445318222046,False
-4.979206085205078,-0.4788048267364502,29.54650855064392,False
-4.979206085205078,-0.4788048267364502,29.542006015777588,False
-4.979206085205078,-0.4788048267364502,29.539923667907715,False
-4.979206085205078,-0.4788048267364502,29.53696894645691,False
-4.979206085205078,-0.4788048267364502,29.533995389938354,False
-4.979206085205078,-0.4788048267364502,29.529819011688232,False
-4.979206085205078,-0.4788048267364502,29.5267972946167,False
-4.979206085205078,-0.4788048267364502,29.522857189178467,False
-4.979206085205078,-0.4788048267364502,29.518346548080444,False
-4.979206085205078,-0.4788048267364502,29.514285564422607,False
-4.979206085205078,-0.4788048267364502,29.510775566101074,False
-4.979206085205078,-0.4788048267364502,29.50680446624756,False
-4.979206085205078,-0.4788048267364502,29.499269008636475,False
-4.979206085205078,-0.4788048267364502,29.49612331390381,False
-4.979206085205078,-0.4788048267364502,29.493053436279297,False
-4.979206085205078,-0.4788048267364502,29.489418029785156,False
-4.979206085205078,-0.4788048267364502,29.486446619033813,False
-4.979206085205078,-0.4788048267364502,29.48345136642456,False
-4.979206085205078,-0.4788048267364502,29.479840993881226,False
-4.979206085205078,-0.4788048267364502,29.47682762145996,False
-4.979206085205078,-0.4788048267364502,29.47384810447693,False
-4.979206085205078,-0.4788048267364502,29.470624446868896,False
-4.979206085205078,-0.4788048267364502,29.467682123184204,False
-4.979206085205078,-0.4788048267364502,29.46459197998047,False
-4.979206085205078,-0.4788048267364502,29.461796760559082,False
-4.979206085205078,-0.4788048267364502,29.458656072616577,False
-4.979206085205078,-0.4788048267364502,29.4556987285614,False
-4.979206085205078,-0.4788048267364502,29.45270037651062,False
-4.979206085205078,-0.4788048267364502,29.450153589248657,False
-4.979206085205078,-0.4788048267364502,29.44727063179016,False
-4.979206085205078,-0.4788048267364502,29.44169855117798,False
-4.979206085205078,-0.4788048267364502,29.439658403396606,False
-4.979206085205078,-0.4788048267364502,29.436607122421265,False
-4.979206085205078,-0.4788048267364502,29.433608293533325,False
-4.979206085205078,-0.4788048267364502,29.429978370666504,False
-4.979206085205078,-0.4788048267364502,29.42695927619934,False
-4.979206085205078,-0.4788048267364502,29.423954486846924,False
-4.979206085205078,-0.4788048267364502,29.42098879814148,False
-4.979206085205078,-0.4788048267364502,29.41787099838257,False
-4.979206085205078,-0.4788048267364502,29.41398596763611,False
-4.979206085205078,-0.4788048267364502,29.40818166732788,False
-4.979206085205078,-0.4788048267364502,29.40517568588257,False
-4.979206085205078,-0.4788048267364502,29.40158224105835,False
-4.979206085205078,-0.4788048267364502,29.398573398590088,False
-4.979206085205078,-0.4788048267364502,29.39491057395935,False
-4.979206085205078,-0.4788048267364502,29.39143943786621,False
-4.979206085205078,-0.4788048267364502,29.38843011856079,False
-4.979206085205078,-0.4788048267364502,29.384434700012207,False
-4.979206085205078,-0.4788048267364502,29.379894495010376,False
-4.979206085205078,-0.4788048267364502,29.37689447402954,False
-4.979206085205078,-0.4788048267364502,29.373886823654175,False
-4.979206085205078,-0.4788048267364502,29.37080216407776,False
-4.979206085205078,-0.4788048267364502,29.36780047416687,False
-4.979206085205078,-0.4788048267364502,29.364797353744507,False
-4.979206085205078,-0.4788048267364502,29.361295700073242,False
-4.979206085205078,-0.4788048267364502,29.35928463935852,False
-4.979206085205078,-0.4788048267364502,29.35629105567932,False
-4.979206085205078,-0.4788048267364502,29.35328197479248,False
-4.979206085205078,-0.4788048267364502,29.350759744644165,False
-4.979206085205078,-0.4788048267364502,29.34775137901306,False
-4.979206085205078,-0.4788048267364502,29.344753742218018,False
-4.979206085205078,-0.4788048267364502,29.34125852584839,False
-4.979206085205078,-0.4788048267364502,29.338243007659912,False
-4.979206085205078,-0.4788048267364502,29.335235595703125,False
-4.979206085205078,-0.4788048267364502,29.330709218978882,False
-4.979206085205078,-0.4788048267364502,29.32769799232483,False
-4.979206085205078,-0.4788048267364502,29.32769799232483,False
-4.979206085205078,-0.4788048267364502,29.32769799232483,False
-4.979206085205078,-0.4788048267364502,29.32769799232483,False
-4.979206085205078,-0.4788048267364502,29.32769799232483,False
-4.979206085205078,-0.4788048267364502,29.32769799232483,False
-4.979206085205078,-0.4788048267364502,29.32769799232483,False
-4.979206085205078,-0.4788048267364502,29.32769799232483,False
-4.979206085205078,-0.4788048267364502,29.32769799232483,False
-4.979206085205078,-0.4788048267364502,29.32769799232483,False
-4.979206085205078,-0.4788048267364502,29.32769799232483,False
-4.979206085205078,-0.4788048267364502,29.32769799232483,False
-4.979206085205078,-0.4788048267364502,29.32769799232483,False
-4.979206085205078,-0.4788048267364502,29.32769799232483,False
-4.979206085205078,-0.4788048267364502,29.32769799232483,False
-4.979206085205078,-0.4788048267364502,29.32769799232483,False
-4.979206085205078,-0.4788048267364502,29.32769799232483,False
-4.979206085205078,-0.4788048267364502,29.32769799232483,False
-4.979206085205078,-0.4788048267364502,29.32769799232483,False
-4.979206085205078,-0.4788048267364502,29.32769799232483,False
-4.979206085205078,-0.4788048267364502,29.32769799232483,False
-4.979206085205078,-0.4788048267364502,29.32769799232483,False
-4.979206085205078,-0.4788048267364502,29.32769799232483,False
-4.979206085205078,-0.4788048267364502,29.32769799232483,False
-4.979206085205078,-0.4788048267364502,29.32769799232483,False
-4.979206085205078,-0.4788048267364502,29.32769799232483,False
-4.979206085205078,-0.4788048267364502,29.32769799232483,False
-4.979206085205078,-0.4788048267364502,29.32769799232483,False
-4.979206085205078,-0.4788048267364502,29.32769799232483,False
-4.979206085205078,-0.4788048267364502,29.32769799232483,False
-4.979206085205078,-0.4788048267364502,29.32769799232483,False
-4.979206085205078,-0.4788048267364502,29.32769799232483,False
-4.979206085205078,-0.4788048267364502,29.32769799232483,False
-4.979206085205078,-0.4788048267364502,29.32769799232483,False
-4.979206085205078,-0.4788048267364502,29.32769799232483,False
-4.979206085205078,-0.4788048267364502,29.32769799232483,False
-4.979206085205078,-0.4788048267364502,29.32769799232483,False
-4.979206085205078,-0.4788048267364502,29.32769799232483,False
-4.979206085205078,-0.4788048267364502,29.32769799232483,False
-4.979206085205078,-0.4788048267364502,29.32769799232483,False
-4.979206085205078,-0.4788048267364502,29.32769799232483,False
-4.979206085205078,-0.4788048267364502,29.32769799232483,False
-4.979206085205078,-0.4788048267364502,29.32769799232483,False
-4.979206085205078,-0.4788048267364502,29.32769799232483,False
-4.979206085205078,-0.4788048267364502,29.32769799232483,False
-4.979206085205078,-0.4788048267364502,29.32769799232483,False
-4.979206085205078,-0.4788048267364502,29.32769799232483,False
-4.979206085205078,-0.4788048267364502,29.32769799232483,False
-4.979206085205078,-0.4788048267364502,29.32769799232483,False
-4.979206085205078,-0.4788048267364502,29.32769799232483,False
-4.979206085205078,-0.4788048267364502,29.32769799232483,False
-4.979206085205078,-0.4788048267364502,29.32769799232483,False
-4.979206085205078,-0.4788048267364502,29.32769799232483,False
-4.979206085205078,-0.4788048267364502,29.32769799232483,False
-4.979206085205078,-0.4788048267364502,29.32769799232483,False
-4.979206085205078,-0.4788048267364502,29.32769799232483,False
-4.979206085205078,-0.4788048267364502,29.32769799232483,False
-4.979206085205078,-0.4788048267364502,29.32769799232483,False
-4.979206085205078,-0.4788048267364502,29.32769799232483,False
-4.979206085205078,-0.4788048267364502,29.32769799232483,False
-4.979206085205078,-0.4788048267364502,29.32769799232483,False
-4.979206085205078,-0.4788048267364502,29.32769799232483,False
-4.979206085205078,-0.4788048267364502,29.32769799232483,False
-4.979206085205078,-0.4788048267364502,29.32769799232483,False
-4.979206085205078,-0.4788048267364502,29.32769799232483,False
-4.979206085205078,-0.4788048267364502,29.32769799232483,False
-4.979206085205078,-0.4788048267364502,29.32769799232483,False
-4.979206085205078,-0.4788048267364502,29.32769799232483,False
-4.979206085205078,-0.4788048267364502,29.32769799232483,False
-4.979206085205078,-0.4788048267364502,29.32769799232483,False
-4.979206085205078,-0.4788048267364502,29.32769799232483,False
-4.979206085205078,-0.4788048267364502,29.32769799232483,False
-4.979206085205078,-0.4788048267364502,29.32769799232483,False
-4.979206085205078,-0.4788048267364502,29.32769799232483,False
-4.979206085205078,-0.4788048267364502,29.32769799232483,False
-4.979206085205078,-0.4788048267364502,29.32769799232483,False
-4.979206085205078,-0.4788048267364502,29.32769799232483,False
-4.979206085205078,-0.4788048267364502,29.32769799232483,False
-4.979206085205078,-0.4788048267364502,29.32769799232483,False
-4.979206085205078,-0.4788048267364502,29.32769799232483,False
-4.979206085205078,-0.4788048267364502,29.32769799232483,False
-4.979206085205078,-0.4788048267364502,29.32769799232483,False
-4.979206085205078,-0.4788048267364502,29.32769799232483,False
-4.979206085205078,-0.4788048267364502,29.32769799232483,False
-4.979206085205078,-0.4788048267364502,29.32769799232483,False
-4.979206085205078,-0.4788048267364502,29.32769799232483,False
-4.979206085205078,-0.4788048267364502,29.32769799232483,False
-4.979206085205078,-0.4788048267364502,29.32769799232483,False
-4.979206085205078,-0.4788048267364502,29.32769799232483,False
-4.979206085205078,-0.4788048267364502,29.32769799232483,False
-4.979206085205078,-0.4788048267364502,29.32769799232483,False
-4.979206085205078,-0.4788048267364502,29.32769799232483,False
-4.979206085205078,-0.4788048267364502,29.32769799232483,False
-4.979206085205078,-0.4788048267364502,29.32769799232483,False
-4.979206085205078,-0.4788048267364502,29.32769799232483,False
-4.979206085205078,-0.4788048267364502,29.32769799232483,False
-4.979206085205078,-0.4788048267364502,29.32769799232483,False
-4.979206085205078,-0.4788048267364502,29.32769799232483,False
-4.979206085205078,-0.4788048267364502,29.32769799232483,False
-4.979206085205078,-0.4788048267364502,29.32769799232483,False
-4.979206085205078,-0.4788048267364502,29.32769799232483,False
-4.979206085205078,-0.4788048267364502,29.32769799232483,False
-4.979206085205078,-0.4788048267364502,29.32769799232483,False
-4.979206085205078,-0.4788048267364502,29.32769799232483,False
-4.979206085205078,-0.4788048267364502,29.32769799232483,False
-4.979206085205078,-0.4788048267364502,29.32769799232483,False
-4.979206085205078,-0.4788048267364502,29.32769799232483,False
-4.979206085205078,-0.4788048267364502,29.32769799232483,False
-4.979206085205078,-0.4788048267364502,29.32769799232483,False
-4.979206085205078,-0.4788048267364502,29.32769799232483,False
-4.979206085205078,-0.4788048267364502,29.32769799232483,False
-4.979206085205078,-0.4788048267364502,29.32769799232483,False
-4.979206085205078,-0.4788048267364502,29.32769799232483,False
-4.979206085205078,-0.4788048267364502,29.32769799232483,False
-4.979206085205078,-0.4788048267364502,29.32769799232483,False
-4.979206085205078,-0.4788048267364502,29.32769799232483,False
-4.979206085205078,-0.4788048267364502,29.32769799232483,False
-4.979206085205078,-0.4788048267364502,29.32769799232483,False
-4.979206085205078,-0.4788048267364502,29.32769799232483,False
-4.979206085205078,-0.4788048267364502,29.32769799232483,False
-4.979206085205078,-0.4788048267364502,29.32769799232483,False
-4.979206085205078,-0.47444748878479004,29.32769799232483,False
-4.979206085205078,-0.4704470634460449,29.32769799232483,False
-4.979206085205078,-0.46793174743652344,29.32769799232483,False
-4.979206085205078,-0.46391987800598145,29.32769799232483,False
-4.979206085205078,-0.460385799407959,29.32769799232483,False
-4.979206085205078,-0.4558577537536621,29.32769799232483,False
-4.979206085205078,-0.44983935356140137,29.32769799232483,False
-4.979206085205078,-0.4453163146972656,29.32769799232483,False
-4.979206085205078,-0.4413149356842041,29.32769799232483,False
-4.979206085205078,-0.43677234649658203,29.32769799232483,False
-4.979206085205078,-0.43377137184143066,29.32769799232483,False
-4.979206085205078,-0.43077921867370605,29.32769799232483,False
-4.979206085205078,-0.42726683616638184,29.32769799232483,False
-4.979206085205078,-0.42425012588500977,29.32769799232483,False
-4.979206085205078,-0.4212510585784912,29.32769799232483,False
-4.979206085205078,-0.41774702072143555,29.32769799232483,False
-4.979206085205078,-0.4147322177886963,29.32769799232483,False
-4.979206085205078,-0.4117319583892822,29.32769799232483,False
-4.979206085205078,-0.40872883796691895,29.32769799232483,False
-4.979206085205078,-0.40521931648254395,29.32769799232483,False
-4.979206085205078,-0.40221738815307617,29.32769799232483,False
-4.979206085205078,-0.39921998977661133,29.32769799232483,False
-4.979206085205078,-0.3957056999206543,29.32769799232483,False
-4.979206085205078,-0.3927032947540283,29.32769799232483,False
-4.979206085205078,-0.38970303535461426,29.32769799232483,False
-4.979206085205078,-0.3866751194000244,29.32769799232483,False
-4.979206085205078,-0.38367652893066406,29.32769799232483,False
-4.979206085205078,-0.38068389892578125,29.32769799232483,False
-4.979206085205078,-0.3771698474884033,29.32769799232483,False
-4.979206085205078,-0.37414026260375977,29.32769799232483,False
-4.979206085205078,-0.37115931510925293,29.32769799232483,False
-4.979206085205078,-0.36661815643310547,29.32769799232483,False
-4.979206085205078,-0.3636128902435303,29.32769799232483,False
-4.979206085205078,-0.3610999584197998,29.32769799232483,False
-4.979206085205078,-0.35759449005126953,29.32769799232483,False
-4.979206085205078,-0.3545713424682617,29.32769799232483,False
-4.979206085205078,-0.3515808582305908,29.32769799232483,False
-4.979206085205078,-0.3470759391784668,29.32769799232483,False
-4.979206085205078,-0.3430655002593994,29.32769799232483,False
-4.979206085205078,-0.3400700092315674,29.32769799232483,False
-4.979206085205078,-0.336536169052124,29.32769799232483,False
-4.979206085205078,-0.33353638648986816,29.32769799232483,False
-4.979206085205078,-0.33053088188171387,29.32769799232483,False
-4.979206085205078,-0.3280172348022461,29.32769799232483,False
-4.979206085205078,-0.3250010013580322,29.32769799232483,False
-4.979206085205078,-0.3210010528564453,29.32769799232483,False
-4.979206085205078,-0.31749629974365234,29.32769799232483,False
-4.979206085205078,-0.3134770393371582,29.32769799232483,False
-4.979206085205078,-0.30948400497436523,29.32769799232483,False
-4.979206085205078,-0.30694055557250977,29.32769799232483,False
-4.979206085205078,-0.30394625663757324,29.32769799232483,False
-4.979206085205078,-0.30093908309936523,29.32769799232483,False
-4.979206085205078,-0.29742956161499023,29.32769799232483,False
-4.979206085205078,-0.29441356658935547,29.32769799232483,False
-4.979206085205078,-0.29141902923583984,29.32769799232483,False
-4.979206085205078,-0.2878835201263428,29.32769799232483,False
-4.979206085205078,-0.28487467765808105,29.32769799232483,False
-4.979206085205078,-0.28186964988708496,29.32769799232483,False
-4.979206085205078,-0.2773573398590088,29.32769799232483,False
-4.979206085205078,-0.273348331451416,29.32769799232483,False
-4.979206085205078,-0.26935291290283203,29.32769799232483,False
-4.979206085205078,-0.26479172706604004,29.32769799232483,False
-4.979206085205078,-0.2602579593658447,29.32769799232483,False
-4.979206085205078,-0.255720853805542,29.32769799232483,False
-4.979206085205078,-0.25274038314819336,29.32769799232483,False
-4.979206085205078,-0.24874138832092285,29.32769799232483,False
-4.979206085205078,-0.2455458641052246,29.32769799232483,False
-4.979206085205078,-0.24155235290527344,29.32769799232483,False
-4.979206085205078,-0.23794007301330566,29.32769799232483,False
-4.979206085205078,-0.23285150527954102,29.32769799232483,False
-4.979206085205078,-0.23082256317138672,29.32769799232483,False
-4.979206085205078,-0.22733187675476074,29.32769799232483,False
-4.979206085205078,-0.2242143154144287,29.32769799232483,False
-4.979206085205078,-0.2193295955657959,29.32769799232483,False
-4.979206085205078,-0.2147362232208252,29.32769799232483,False
-4.979206085205078,-0.21064138412475586,29.32769799232483,False
-4.979206085205078,-0.20703935623168945,29.32769799232483,False
-4.979206085205078,-0.20490813255310059,29.32769799232483,False
-4.979206085205078,-0.20102953910827637,29.32769799232483,False
-4.979206085205078,-0.19890546798706055,29.32769799232483,False
-4.979206085205078,-0.19452428817749023,29.32769799232483,False
-4.979206085205078,-0.19143891334533691,29.32769799232483,False
-4.979206085205078,-0.1878645420074463,29.32769799232483,False
-4.979206085205078,-0.18472814559936523,29.32769799232483,False
-4.979206085205078,-0.18177199363708496,29.32769799232483,False
-4.979206085205078,-0.17887091636657715,29.32769799232483,False
-4.979206085205078,-0.17673516273498535,29.32769799232483,False
-4.979206085205078,-0.17368197441101074,29.32769799232483,False
-4.979206085205078,-0.17061686515808105,29.32769799232483,False
-4.979206085205078,-0.16762280464172363,29.32769799232483,False
-4.979206085205078,-0.16416668891906738,29.32769799232483,False
-4.979206085205078,-0.15871667861938477,29.32769799232483,False
-4.979206085205078,-0.1551826000213623,29.32769799232483,False
-4.979206085205078,-0.15209555625915527,29.32769799232483,False
-4.979206085205078,-0.14764785766601562,29.32769799232483,False
-4.979206085205078,-0.14255666732788086,29.32769799232483,False
-4.979206085205078,-0.1386425495147705,29.32769799232483,False
-4.979206085205078,-0.13610529899597168,29.32769799232483,False
-4.979206085205078,-0.1330571174621582,29.32769799232483,False
-4.979206085205078,-0.13001394271850586,29.32769799232483,False
-4.979206085205078,-0.12691402435302734,29.32769799232483,False
-4.979206085205078,-0.12393307685852051,29.32769799232483,False
-4.979206085205078,-0.12089204788208008,29.32769799232483,False
-4.979206085205078,-0.1164541244506836,29.32769799232483,False
-4.979206085205078,-0.11238431930541992,29.32769799232483,False
-4.979206085205078,-0.11037516593933105,29.32769799232483,False
-4.979206085205078,-0.10780930519104004,29.32769799232483,False
-4.979206085205078,-0.10474443435668945,29.32769799232483,False
-4.979206085205078,-0.10173320770263672,29.32769799232483,False
-4.979206085205078,-0.09873127937316895,29.32769799232483,False
-4.979206085205078,-0.09624767303466797,29.32769799232483,False
-4.979206085205078,-0.09321856498718262,29.32769799232483,False
-4.979206085205078,-0.09029197692871094,29.32769799232483,False
-4.979206085205078,-0.08777141571044922,29.32769799232483,False
-4.979206085205078,-0.08475542068481445,29.32769799232483,False
-4.979206085205078,-0.08176136016845703,29.32769799232483,False
-4.979206085205078,-0.07975530624389648,29.32769799232483,False
-4.979206085205078,-0.07722353935241699,29.32769799232483,False
-4.979206085205078,-0.07521986961364746,29.32769799232483,False
-4.979206085205078,-0.07521986961364746,29.32769799232483,False
-4.979206085205078,-0.07521986961364746,29.32769799232483,False
-4.979206085205078,-0.07521986961364746,29.32769799232483,False
-4.979206085205078,-0.07521986961364746,29.32769799232483,False
-4.979206085205078,-0.07521986961364746,29.32769799232483,False
-4.979206085205078,-0.07521986961364746,29.32769799232483,False
-4.979206085205078,-0.07521986961364746,29.32769799232483,False
-4.979206085205078,-0.07521986961364746,29.32769799232483,False
-4.979206085205078,-0.07521986961364746,29.32769799232483,False
-4.979206085205078,-0.07521986961364746,29.32769799232483,False
-4.979206085205078,-0.07521986961364746,29.32769799232483,False
-4.979206085205078,-0.07521986961364746,29.32769799232483,False
-4.979206085205078,-0.07521986961364746,29.32769799232483,False
-4.979206085205078,-0.07521986961364746,29.32769799232483,False
-4.979206085205078,-0.07521986961364746,29.32769799232483,False
-4.979206085205078,-0.07521986961364746,29.32769799232483,False
-4.979206085205078,-0.07521986961364746,29.32769799232483,False
-4.979206085205078,-0.07521986961364746,29.32769799232483,False
-4.979206085205078,-0.07521986961364746,29.32769799232483,False
-4.979206085205078,-0.07521986961364746,29.32769799232483,False
-4.979206085205078,-0.07521986961364746,29.32769799232483,False
-4.979206085205078,-0.07521986961364746,29.32769799232483,False
-4.979206085205078,-0.07521986961364746,29.32769799232483,False
-4.979206085205078,-0.07521986961364746,29.32769799232483,False
-4.979206085205078,-0.07521986961364746,29.32769799232483,False
-4.979206085205078,-0.07521986961364746,29.32769799232483,False
-4.979206085205078,-0.07521986961364746,29.32769799232483,False
-4.979206085205078,-0.07521986961364746,29.32769799232483,False
-4.979206085205078,-0.07521986961364746,29.32769799232483,False
-4.979206085205078,-0.07521986961364746,29.32769799232483,False
-4.979206085205078,-0.07521986961364746,29.32769799232483,False
-4.979206085205078,-0.07521986961364746,29.32769799232483,False
-4.979206085205078,-0.07521986961364746,29.32769799232483,False
-4.979206085205078,-0.07521986961364746,29.32769799232483,False
-4.979206085205078,-0.07521986961364746,29.32769799232483,False
-4.979206085205078,-0.07521986961364746,29.32769799232483,False
-4.979206085205078,-0.07521986961364746,29.32769799232483,False
-4.979206085205078,-0.07521986961364746,29.32769799232483,False
-4.979206085205078,-0.07521986961364746,29.32769799232483,False
-4.979206085205078,-0.07521986961364746,29.32769799232483,False
-4.979206085205078,-0.07521986961364746,29.32769799232483,False
-4.979206085205078,-0.07521986961364746,29.32769799232483,False
-4.979206085205078,-0.07521986961364746,29.32769799232483,False
-4.979206085205078,-0.07521986961364746,29.32769799232483,False
-4.979206085205078,-0.07521986961364746,29.32769799232483,False
-4.979206085205078,-0.07521986961364746,29.32769799232483,False
-4.979206085205078,-0.07521986961364746,29.32769799232483,False
-4.979206085205078,-0.07521986961364746,29.32769799232483,False
-4.979206085205078,-0.07521986961364746,29.32769799232483,False
-4.979206085205078,-0.07521986961364746,29.32769799232483,False
-4.979206085205078,-0.07521986961364746,29.32769799232483,False
-4.979206085205078,-0.07521986961364746,29.32769799232483,False
-4.979206085205078,-0.07521986961364746,29.32769799232483,False
-4.979206085205078,-0.07521986961364746,29.32769799232483,False
-4.979206085205078,-0.07521986961364746,29.32769799232483,False
-4.979206085205078,-0.07521986961364746,29.32769799232483,False
-4.979206085205078,-0.07521986961364746,29.32769799232483,False
-4.979206085205078,-0.07521986961364746,29.32769799232483,False
-4.979206085205078,-0.07521986961364746,29.32769799232483,False
-4.979206085205078,-0.07521986961364746,29.32769799232483,False
-4.979206085205078,-0.07521986961364746,29.32769799232483,False
-4.979206085205078,-0.07521986961364746,29.32769799232483,False
-4.979206085205078,-0.07521986961364746,29.32769799232483,False
-4.979206085205078,-0.07521986961364746,29.32769799232483,False
-4.979206085205078,-0.07521986961364746,29.32769799232483,False
-4.979206085205078,-0.07521986961364746,29.32769799232483,False
-4.979206085205078,-0.07521986961364746,29.32769799232483,False
-4.979206085205078,-0.07521986961364746,29.32769799232483,False
-4.979206085205078,-0.07521986961364746,29.32769799232483,False
-4.979206085205078,-0.07521986961364746,29.32769799232483,False
-4.979206085205078,-0.07521986961364746,29.32769799232483,False
-4.979206085205078,-0.07521986961364746,29.32769799232483,False
-4.979206085205078,-0.07521986961364746,29.32769799232483,False
-4.979206085205078,-0.07521986961364746,29.32769799232483,False
-4.979206085205078,-0.07521986961364746,29.32769799232483,False
-4.979206085205078,-0.07521986961364746,29.32769799232483,False
-4.979206085205078,-0.07521986961364746,29.32769799232483,False
-4.979206085205078,-0.07521986961364746,29.32769799232483,False
-4.979206085205078,-0.07521986961364746,29.32769799232483,False
-4.979206085205078,-0.07521986961364746,29.32769799232483,False
-4.979206085205078,-0.07521986961364746,29.32769799232483,False
-4.979206085205078,-0.07521986961364746,29.32769799232483,False
-4.979206085205078,-0.07521986961364746,29.32769799232483,False
-4.979206085205078,-0.07521986961364746,29.32769799232483,False
-4.979206085205078,-0.07521986961364746,29.32769799232483,False
-4.979206085205078,-0.07521986961364746,29.32769799232483,False
-4.979206085205078,-0.07521986961364746,29.32769799232483,False
-4.979206085205078,-0.07521986961364746,29.32769799232483,False
-4.979206085205078,-0.07521986961364746,29.32769799232483,False
-4.979206085205078,-0.07521986961364746,29.32769799232483,False
-4.979206085205078,-0.07521986961364746,29.32769799232483,False
-4.979206085205078,-0.07521986961364746,29.32769799232483,False
-4.979206085205078,-0.07521986961364746,29.32769799232483,False
-4.979206085205078,-0.07521986961364746,29.32769799232483,False
-4.979206085205078,-0.07521986961364746,29.32769799232483,False
-4.979206085205078,-0.07521986961364746,29.32769799232483,False
-4.979206085205078,-0.07521986961364746,29.32769799232483,False
-4.979206085205078,-0.07521986961364746,29.32769799232483,False
-4.979206085205078,-0.07521986961364746,29.32769799232483,False
-4.979206085205078,-0.07521986961364746,29.32769799232483,False
-4.979206085205078,-0.07521986961364746,29.32769799232483,False
-4.979206085205078,-0.07521986961364746,29.32769799232483,False
-4.979206085205078,-0.07521986961364746,29.32769799232483,False
-4.979206085205078,-0.07521986961364746,29.32769799232483,False
-4.979206085205078,-0.07521986961364746,29.32769799232483,False
-4.979206085205078,-0.07521986961364746,29.32769799232483,False
-4.979206085205078,-0.07521986961364746,29.32769799232483,False
-4.979206085205078,-0.07521986961364746,29.32769799232483,False
-4.979206085205078,-0.07521986961364746,29.32769799232483,False
-4.979206085205078,-0.07521986961364746,29.32769799232483,False
-4.979206085205078,-0.07521986961364746,29.32769799232483,False
-4.979206085205078,-0.07521986961364746,29.32769799232483,False
-4.979206085205078,-0.07521986961364746,29.32769799232483,False
-4.979206085205078,-0.07521986961364746,29.32769799232483,False
-4.979206085205078,-0.07521986961364746,29.32769799232483,False
-4.979206085205078,-0.07521986961364746,29.32769799232483,False
-4.979206085205078,-0.07521986961364746,29.32769799232483,False
-4.979206085205078,-0.07521986961364746,29.32769799232483,False
-4.979206085205078,-0.07521986961364746,29.32769799232483,False
-4.979206085205078,-0.07521986961364746,29.32769799232483,False
-4.979206085205078,-0.07521986961364746,29.32769799232483,False
-4.979206085205078,-0.07521986961364746,29.32769799232483,False
-4.979206085205078,-0.07521986961364746,29.32769799232483,False
-4.979206085205078,-0.07521986961364746,29.32769799232483,False
-4.979206085205078,-0.07521986961364746,29.32769799232483,False
-4.979206085205078,-0.07521986961364746,29.32769799232483,False
-4.979206085205078,-0.07521986961364746,29.32769799232483,False
-4.979206085205078,-0.07521986961364746,29.32769799232483,False
-4.979206085205078,-0.07521986961364746,29.32769799232483,False
-4.979206085205078,-0.07521986961364746,29.32769799232483,False
-4.979206085205078,-0.07521986961364746,29.32769799232483,False
-4.979206085205078,-0.07521986961364746,29.32769799232483,False
-4.979206085205078,-0.07521986961364746,29.32769799232483,False
-4.979206085205078,-0.07521986961364746,29.32769799232483,False
-4.979206085205078,-0.07521986961364746,29.32769799232483,False
-4.979206085205078,-0.07521986961364746,29.32769799232483,False
-4.979206085205078,-0.07521986961364746,29.32769799232483,False
-4.979206085205078,-0.07521986961364746,29.32769799232483,False
-4.979206085205078,-0.07521986961364746,29.32769799232483,False
-4.979206085205078,-0.07521986961364746,29.32769799232483,False
-4.979206085205078,-0.07521986961364746,29.32769799232483,False
-4.979206085205078,-0.07521986961364746,29.32769799232483,False
-4.979206085205078,-0.07521986961364746,29.32769799232483,False
-4.979206085205078,-0.07521986961364746,29.32769799232483,False
-4.979206085205078,-0.07521986961364746,29.32769799232483,False
-4.979206085205078,-0.07521986961364746,29.32769799232483,False
-4.979206085205078,-0.07521986961364746,29.32769799232483,False
-4.979206085205078,-0.07521986961364746,29.32769799232483,False
-4.979206085205078,-0.07521986961364746,29.32769799232483,False
-4.979206085205078,-0.07230949401855469,29.32769799232483,False
-4.979206085205078,-0.06971383094787598,29.32769799232483,False
-4.979206085205078,-0.06621003150939941,29.32769799232483,False
-4.979206085205078,-0.06319880485534668,29.32769799232483,False
-4.979206085205078,-0.060285091400146484,29.32769799232483,False
-4.979206085205078,-0.056630849838256836,29.32769799232483,False
-4.979206085205078,-0.05169677734375,29.32769799232483,False
-4.979206085205078,-0.04810738563537598,29.32769799232483,False
-4.979206085205078,-0.04501485824584961,29.32769799232483,False
-4.979206085205078,-0.04200625419616699,29.32769799232483,False
-4.979206085205078,-0.038485050201416016,29.32769799232483,False
-4.979206085205078,-0.035375356674194336,29.32769799232483,False
-4.979206085205078,-0.03247499465942383,29.32769799232483,False
-4.979206085205078,-0.029394149780273438,29.32769799232483,False
-4.979206085205078,-0.0258638858795166,29.32769799232483,False
-4.979206085205078,-0.021966218948364258,29.32769799232483,False
-4.979206085205078,-0.019898414611816406,29.32769799232483,False
-4.979206085205078,-0.015377283096313477,29.32769799232483,False
-4.979206085205078,-0.012257099151611328,29.32769799232483,False
-4.979206085205078,-0.008680343627929688,29.32769799232483,False
-4.979206085205078,-0.005562543869018555,29.32769799232483,False
-4.979206085205078,-0.0029449462890625,29.32769799232483,False
-4.979206085205078,-0.0008103847503662109,29.32769799232483,False
-4.979206085205078,0.0026226043701171875,29.32769799232483,False
-4.979206085205078,0.005681276321411133,29.32769799232483,False
-4.979206085205078,0.011552572250366211,29.32769799232483,False
-4.979206085205078,0.01507568359375,29.32769799232483,False
-4.979206085205078,0.018167734146118164,29.32769799232483,False
-4.979206085205078,0.021761178970336914,29.32769799232483,False
-4.979206085205078,0.023796796798706055,29.32769799232483,False
-4.979206085205078,0.02684783935546875,29.32769799232483,False
-4.979206085205078,0.029427289962768555,29.32769799232483,False
-4.979206085205078,0.03248167037963867,29.32769799232483,False
-4.979206085205078,0.03540802001953125,29.32769799232483,False
-4.979206085205078,0.038407325744628906,29.32769799232483,False
-4.979206085205078,0.04193401336669922,29.32769799232483,False
-4.979206085205078,0.046938419342041016,29.32769799232483,False
-4.979206085205078,0.05145668983459473,29.32769799232483,False
-4.979206085205078,0.0554814338684082,29.32769799232483,False
-4.979206085205078,0.05947232246398926,29.32769799232483,False
-4.979206085205078,0.06199502944946289,29.32769799232483,False
-4.979206085205078,0.06599974632263184,29.32769799232483,False
-4.979206085205078,0.07000064849853516,29.32769799232483,False
-4.979206085205078,0.07453203201293945,29.32769799232483,False
-4.979206085205078,0.07852792739868164,29.32769799232483,False
-4.979206085205078,0.08157825469970703,29.32769799232483,False
-4.979206085205078,0.08466291427612305,29.32769799232483,False
-4.979206085205078,0.08962249755859375,29.32769799232483,False
-4.979206085205078,0.09321451187133789,29.32769799232483,False
-4.979206085205078,0.09629702568054199,29.32769799232483,False
-4.979206085205078,0.09931325912475586,29.32769799232483,False
-4.979206085205078,0.10266518592834473,29.32769799232483,False
-4.979206085205078,0.10574150085449219,29.32769799232483,False
-4.979206085205078,0.10872793197631836,29.32769799232483,False
-4.979206085205078,0.11223793029785156,29.32769799232483,False
-4.979206085205078,0.1173100471496582,29.32769799232483,False
-4.979206085205078,0.12024188041687012,29.32769799232483,False
-4.979206085205078,0.12394142150878906,29.32769799232483,False
-4.979206085205078,0.12686896324157715,29.32769799232483,False
-4.979206085205078,0.13040518760681152,29.32769799232483,False
-4.979206085205078,0.13291358947753906,29.32769799232483,False
-4.979206085205078,0.13490581512451172,29.32769799232483,False
-4.979206085205078,0.13791632652282715,29.32769799232483,False
-4.979206085205078,0.14142584800720215,29.32769799232483,False
-4.979206085205078,0.1454298496246338,29.32769799232483,False
-4.979206085205078,0.14943218231201172,29.32769799232483,False
-4.979206085205078,0.1524977684020996,29.32769799232483,False
-4.979206085205078,0.15549564361572266,29.32769799232483,False
-4.979206085205078,0.15858125686645508,29.32769799232483,False
-4.979206085205078,0.16200757026672363,29.32769799232483,False
-4.979206085205078,0.16501522064208984,29.32769799232483,False
-4.979206085205078,0.16801667213439941,29.32769799232483,False
-4.979206085205078,0.17154216766357422,29.32769799232483,False
-4.979206085205078,0.1745617389678955,29.32769799232483,False
-4.979206085205078,0.17856192588806152,29.32769799232483,False
-4.979206085205078,0.18411970138549805,29.32769799232483,False
-4.979206085205078,0.18711280822753906,29.32769799232483,False
-4.979206085205078,0.19010090827941895,29.32769799232483,False
-4.979206085205078,0.193617582321167,29.32769799232483,False
-4.979206085205078,0.19661498069763184,29.32769799232483,False
-4.979206085205078,0.19962024688720703,29.32769799232483,False
-4.979206085205078,0.20213794708251953,29.32769799232483,False
-4.979206085205078,0.20513081550598145,29.32769799232483,False
-4.979206085205078,0.20813322067260742,29.32769799232483,False
-4.979206085205078,0.21165108680725098,29.32769799232483,False
-4.979206085205078,0.2146587371826172,29.32769799232483,False
-4.979206085205078,0.2176520824432373,29.32769799232483,False
-4.979206085205078,0.22118878364562988,29.32769799232483,False
-4.979206085205078,0.22419953346252441,29.32769799232483,False
-4.979206085205078,0.2272050380706787,29.32769799232483,False
-4.979206085205078,0.2296140193939209,29.32769799232483,False
-4.979206085205078,0.23273205757141113,29.32769799232483,False
-4.979206085205078,0.23572921752929688,29.32769799232483,False
-4.979206085205078,0.23873305320739746,29.32769799232483,False
-4.979206085205078,0.24226617813110352,29.32769799232483,False
-4.979206085205078,0.24526166915893555,29.32769799232483,False
-4.979206085205078,0.24826693534851074,29.32769799232483,False
-4.979206085205078,0.2517728805541992,29.32769799232483,False
-4.979206085205078,0.25579285621643066,29.32769799232483,False
-4.979206085205078,0.2598099708557129,29.32769799232483,False
-4.979206085205078,0.2633340358734131,29.32769799232483,False
-4.979206085205078,0.2673311233520508,29.32769799232483,False
-4.979206085205078,0.2718987464904785,29.32769799232483,False
-4.979206085205078,0.2759847640991211,29.32769799232483,False
-4.979206085205078,0.2799215316772461,29.32769799232483,False
-4.979206085205078,0.2864384651184082,29.32769799232483,False
-4.979206085205078,0.29048800468444824,29.32769799232483,False
-4.979206085205078,0.29394960403442383,29.32769799232483,False
-4.979206085205078,0.29707860946655273,29.32769799232483,False
-4.979206085205078,0.3000526428222656,29.32769799232483,False
-4.979206085205078,0.30375194549560547,29.32769799232483,False
-4.979206085205078,0.3076310157775879,29.32769799232483,False
-4.979206085205078,0.30968594551086426,29.32769799232483,False
-4.979206085205078,0.3152012825012207,29.32769799232483,False
-4.979206085205078,0.3182077407836914,29.32769799232483,False
-4.979206085205078,0.32171130180358887,29.32769799232483,False
-4.979206085205078,0.3247191905975342,29.32769799232483,False
-4.979206085205078,0.32823634147644043,29.32769799232483,False
-4.979206085205078,0.33175206184387207,29.32769799232483,False
-4.979206085205078,0.33175206184387207,29.32769799232483,False
-4.979206085205078,0.33175206184387207,29.32769799232483,False
-4.979206085205078,0.33175206184387207,29.32769799232483,False
-4.979206085205078,0.33175206184387207,29.32769799232483,False
-4.979206085205078,0.33175206184387207,29.32769799232483,False
-4.979206085205078,0.33175206184387207,29.32769799232483,False
-4.979206085205078,0.33175206184387207,29.32769799232483,False
-4.979206085205078,0.33175206184387207,29.32769799232483,False
-4.979206085205078,0.33175206184387207,29.32769799232483,False
-4.979206085205078,0.33175206184387207,29.32769799232483,False
-4.979206085205078,0.33175206184387207,29.32769799232483,False
-4.979206085205078,0.33175206184387207,29.32769799232483,False
-4.979206085205078,0.33175206184387207,29.32769799232483,False
-4.979206085205078,0.33175206184387207,29.32769799232483,False
-4.979206085205078,0.33175206184387207,29.32769799232483,False
-4.979206085205078,0.33175206184387207,29.32769799232483,False
-4.979206085205078,0.33175206184387207,29.32769799232483,False
-4.979206085205078,0.33175206184387207,29.32769799232483,False
-4.979206085205078,0.33175206184387207,29.32769799232483,False
-4.979206085205078,0.33175206184387207,29.32769799232483,False
-4.979206085205078,0.33175206184387207,29.32769799232483,False
-4.979206085205078,0.33175206184387207,29.32769799232483,False
-4.979206085205078,0.33175206184387207,29.32769799232483,False
-4.979206085205078,0.33175206184387207,29.32769799232483,False
-4.979206085205078,0.33175206184387207,29.32769799232483,False
-4.979206085205078,0.33175206184387207,29.32769799232483,False
-4.979206085205078,0.33175206184387207,29.32769799232483,False
-4.979206085205078,0.33175206184387207,29.32769799232483,False
-4.979206085205078,0.33175206184387207,29.32769799232483,False
-4.979206085205078,0.33175206184387207,29.32769799232483,False
-4.979206085205078,0.33175206184387207,29.32769799232483,False
-4.979206085205078,0.33175206184387207,29.32769799232483,False
-4.979206085205078,0.33175206184387207,29.32769799232483,False
-4.979206085205078,0.33175206184387207,29.32769799232483,False
-4.979206085205078,0.33175206184387207,29.32769799232483,False
-4.979206085205078,0.33175206184387207,29.32769799232483,False
-4.979206085205078,0.33175206184387207,29.32769799232483,False
-4.979206085205078,0.33175206184387207,29.32769799232483,False
-4.979206085205078,0.33175206184387207,29.32769799232483,False
-4.979206085205078,0.33175206184387207,29.32769799232483,False
-4.979206085205078,0.33175206184387207,29.32769799232483,False
-4.979206085205078,0.33175206184387207,29.32769799232483,False
-4.979206085205078,0.33175206184387207,29.32769799232483,False
-4.979206085205078,0.33175206184387207,29.32769799232483,False
-4.979206085205078,0.33175206184387207,29.32769799232483,False
-4.979206085205078,0.33175206184387207,29.32769799232483,False
-4.979206085205078,0.33175206184387207,29.32769799232483,False
-4.979206085205078,0.33175206184387207,29.32769799232483,False
-4.979206085205078,0.33175206184387207,29.32769799232483,False
-4.979206085205078,0.33175206184387207,29.32769799232483,False
-4.979206085205078,0.33175206184387207,29.32769799232483,False
-4.979206085205078,0.33175206184387207,29.32769799232483,False
-4.979206085205078,0.33175206184387207,29.32769799232483,False
-4.979206085205078,0.33175206184387207,29.32769799232483,False
-4.979206085205078,0.33175206184387207,29.32769799232483,False
-4.979206085205078,0.33175206184387207,29.32769799232483,False
-4.979206085205078,0.33175206184387207,29.32769799232483,False
-4.979206085205078,0.33175206184387207,29.32769799232483,False
-4.979206085205078,0.33175206184387207,29.32769799232483,False
-4.979206085205078,0.33175206184387207,29.32769799232483,False
-4.979206085205078,0.33175206184387207,29.32769799232483,False
-4.979206085205078,0.33175206184387207,29.32769799232483,False
-4.979206085205078,0.33175206184387207,29.32769799232483,False
-4.979206085205078,0.33175206184387207,29.32769799232483,False
-4.979206085205078,0.33175206184387207,29.32769799232483,False
-4.979206085205078,0.33175206184387207,29.32769799232483,False
-4.979206085205078,0.33175206184387207,29.32769799232483,False
-4.979206085205078,0.33175206184387207,29.32769799232483,False
-4.979206085205078,0.33175206184387207,29.32769799232483,False
-4.979206085205078,0.33175206184387207,29.32769799232483,False
-4.979206085205078,0.33175206184387207,29.32769799232483,False
-4.979206085205078,0.33175206184387207,29.32769799232483,False
-4.979206085205078,0.33175206184387207,29.32769799232483,False
-4.979206085205078,0.33175206184387207,29.32769799232483,False
-4.979206085205078,0.33175206184387207,29.32769799232483,False
-4.979206085205078,0.33175206184387207,29.32769799232483,False
-4.979206085205078,0.33175206184387207,29.32769799232483,False
-4.979206085205078,0.33175206184387207,29.32769799232483,False
-4.979206085205078,0.33175206184387207,29.32769799232483,False
-4.979206085205078,0.33175206184387207,29.32769799232483,False
-4.979206085205078,0.33175206184387207,29.32769799232483,False
-4.979206085205078,0.33175206184387207,29.32769799232483,False
-4.979206085205078,0.33175206184387207,29.32769799232483,False
-4.979206085205078,0.33175206184387207,29.32769799232483,False
-4.979206085205078,0.33175206184387207,29.32769799232483,False
-4.979206085205078,0.33175206184387207,29.32769799232483,False
-4.979206085205078,0.33175206184387207,29.32769799232483,False
-4.979206085205078,0.33175206184387207,29.32769799232483,False
-4.979206085205078,0.33175206184387207,29.32769799232483,False
-4.979206085205078,0.33175206184387207,29.32769799232483,False
-4.979206085205078,0.33175206184387207,29.32769799232483,False
-4.979206085205078,0.33175206184387207,29.32769799232483,False
-4.979206085205078,0.33175206184387207,29.32769799232483,False
-4.979206085205078,0.33175206184387207,29.32769799232483,False
-4.979206085205078,0.33175206184387207,29.32769799232483,False
-4.979206085205078,0.33175206184387207,29.32769799232483,False
-4.979206085205078,0.33175206184387207,29.32769799232483,False
-4.979206085205078,0.33175206184387207,29.32769799232483,False
-4.979206085205078,0.33175206184387207,29.32769799232483,False
-4.979206085205078,0.33175206184387207,29.32769799232483,False
-4.979206085205078,0.33175206184387207,29.32769799232483,False
-4.979206085205078,0.33175206184387207,29.32769799232483,False
-4.979206085205078,0.33175206184387207,29.32769799232483,False
-4.979206085205078,0.33175206184387207,29.32769799232483,False
-4.979206085205078,0.33175206184387207,29.32769799232483,False
-4.979206085205078,0.33175206184387207,29.32769799232483,False
-4.979206085205078,0.33175206184387207,29.32769799232483,False
-4.979206085205078,0.33175206184387207,29.32769799232483,False
-4.979206085205078,0.33175206184387207,29.32769799232483,False
-4.979206085205078,0.33175206184387207,29.32769799232483,False
-4.979206085205078,0.33175206184387207,29.32769799232483,False
-4.979206085205078,0.33175206184387207,29.32769799232483,False
-4.979206085205078,0.33175206184387207,29.32769799232483,False
-4.979206085205078,0.33175206184387207,29.32769799232483,False
-4.979206085205078,0.33175206184387207,29.32769799232483,False
-4.979206085205078,0.33175206184387207,29.32769799232483,False
-4.979206085205078,0.33175206184387207,29.32769799232483,False
-4.979206085205078,0.33175206184387207,29.32769799232483,False
-4.979206085205078,0.33175206184387207,29.32769799232483,False
-4.979206085205078,0.33175206184387207,29.32769799232483,False
-4.979206085205078,0.33175206184387207,29.32769799232483,False
-4.979206085205078,0.33175206184387207,29.32769799232483,False
-4.979206085205078,0.33175206184387207,29.32769799232483,False
-4.979206085205078,0.33175206184387207,29.32769799232483,False
-4.979206085205078,0.33175206184387207,29.32769799232483,False
-4.979206085205078,0.33175206184387207,29.32769799232483,False
-4.979206085205078,0.33175206184387207,29.32769799232483,False
-4.979206085205078,0.33175206184387207,29.32769799232483,False
-4.979206085205078,0.33175206184387207,29.32769799232483,False
-4.979206085205078,0.33175206184387207,29.32769799232483,False
-4.979206085205078,0.33175206184387207,29.32769799232483,False
-4.979206085205078,0.33175206184387207,29.32769799232483,False
-4.979206085205078,0.33175206184387207,29.32769799232483,False
-4.979206085205078,0.33175206184387207,29.32769799232483,False
-4.979206085205078,0.33175206184387207,29.32769799232483,False
-4.979206085205078,0.33175206184387207,29.32769799232483,False
-4.979206085205078,0.33175206184387207,29.32769799232483,False
-4.979206085205078,0.33175206184387207,29.32769799232483,False
-4.979206085205078,0.33175206184387207,29.32769799232483,False
-4.979206085205078,0.33175206184387207,29.32769799232483,False
-4.979206085205078,0.33175206184387207,29.32769799232483,False
-4.979206085205078,0.33175206184387207,29.32769799232483,False
-4.979206085205078,0.33175206184387207,29.32769799232483,False
-4.979206085205078,0.33175206184387207,29.32769799232483,False
-4.979206085205078,0.33175206184387207,29.32769799232483,False
-4.979206085205078,0.33175206184387207,29.32769799232483,False
-4.979206085205078,0.33175206184387207,29.32769799232483,False
-4.979206085205078,0.33175206184387207,29.32769799232483,False
-4.979206085205078,0.33175206184387207,29.32769799232483,False
-4.979206085205078,0.33175206184387207,29.32769799232483,False
-4.979206085205078,0.33175206184387207,29.32769799232483,False
-4.979206085205078,0.33175206184387207,29.32769799232483,False
-4.979206085205078,0.33175206184387207,29.32769799232483,False
-4.979206085205078,0.33175206184387207,29.32769799232483,False
-4.979206085205078,0.33175206184387207,29.32769799232483,False
-4.979206085205078,0.33175206184387207,29.32769799232483,False
-4.979206085205078,0.33175206184387207,29.32769799232483,False
-4.979206085205078,0.33175206184387207,29.32769799232483,False
-4.979206085205078,0.33175206184387207,29.32769799232483,False
-4.979206085205078,0.33175206184387207,29.32769799232483,False
-4.979206085205078,0.33175206184387207,29.32769799232483,False
-4.979206085205078,0.33175206184387207,29.32769799232483,False
-4.979206085205078,0.33175206184387207,29.32769799232483,False
-4.979206085205078,0.33175206184387207,29.32769799232483,False
-4.979206085205078,0.33175206184387207,29.32769799232483,False
-4.979206085205078,0.33175206184387207,29.32769799232483,False
-4.979206085205078,0.33175206184387207,29.32769799232483,False
-4.979206085205078,0.33175206184387207,29.32769799232483,False
-4.979206085205078,0.33175206184387207,29.32769799232483,False
-4.979206085205078,0.33175206184387207,29.32769799232483,False
-4.979206085205078,0.33175206184387207,29.32769799232483,False
-4.979206085205078,0.33175206184387207,29.32769799232483,False
-4.979206085205078,0.33175206184387207,29.32769799232483,False
-4.979206085205078,0.33175206184387207,29.32769799232483,False
-4.979206085205078,0.33175206184387207,29.32769799232483,False
-4.979206085205078,0.33175206184387207,29.32769799232483,False
-4.979206085205078,0.33175206184387207,29.32769799232483,False
-4.979206085205078,0.33175206184387207,29.32769799232483,False
-4.979206085205078,0.33175206184387207,29.32769799232483,False
-4.979206085205078,0.33175206184387207,29.32769799232483,False
-4.979206085205078,0.33175206184387207,29.32769799232483,False
-4.979206085205078,0.33175206184387207,29.32769799232483,False
-4.979206085205078,0.33175206184387207,29.32769799232483,False
-4.979206085205078,0.33175206184387207,29.32769799232483,False
-4.979206085205078,0.33175206184387207,29.32769799232483,False
-4.979206085205078,0.33175206184387207,29.32769799232483,False
-4.979206085205078,0.33175206184387207,29.32769799232483,False
-4.979206085205078,0.33175206184387207,29.32769799232483,False
-4.979206085205078,0.33175206184387207,29.32769799232483,False
-4.979206085205078,0.33175206184387207,29.32769799232483,False
-4.979206085205078,0.33175206184387207,29.32769799232483,False
-4.979206085205078,0.33175206184387207,29.32769799232483,False
-4.979206085205078,0.33175206184387207,29.32769799232483,False
-4.979206085205078,0.33175206184387207,29.32769799232483,False
-4.979206085205078,0.33175206184387207,29.32769799232483,False
-4.979206085205078,0.33175206184387207,29.32769799232483,False
-4.979206085205078,0.33175206184387207,29.32769799232483,False
-4.979206085205078,0.33175206184387207,29.32769799232483,False
-4.979206085205078,0.33175206184387207,29.32769799232483,False
-4.979206085205078,0.33175206184387207,29.32769799232483,False
-4.979206085205078,0.33175206184387207,29.32769799232483,False
-4.979206085205078,0.33175206184387207,29.32769799232483,False
-4.979206085205078,0.33175206184387207,29.32769799232483,False
-4.979206085205078,0.33175206184387207,29.32769799232483,False
-4.979206085205078,0.33175206184387207,29.32769799232483,False
-4.979206085205078,0.33175206184387207,29.32769799232483,False
-4.979206085205078,0.33175206184387207,29.32769799232483,False
-4.979206085205078,0.33175206184387207,29.32769799232483,False
-4.979206085205078,0.33175206184387207,29.32769799232483,False
-4.979206085205078,0.33175206184387207,29.32769799232483,False
-4.979206085205078,0.33175206184387207,29.32769799232483,False
-4.979206085205078,0.33175206184387207,29.32769799232483,False
-4.979206085205078,0.33175206184387207,29.32769799232483,False
-4.979206085205078,0.33175206184387207,29.32769799232483,False
-4.979206085205078,0.33175206184387207,29.32769799232483,False
-4.979206085205078,0.33175206184387207,29.32769799232483,False
-4.979206085205078,0.33175206184387207,29.32769799232483,False
-4.979206085205078,0.33175206184387207,29.32769799232483,False
-4.979206085205078,0.33175206184387207,29.32769799232483,False
-4.979206085205078,0.33175206184387207,29.32769799232483,False
-4.979206085205078,0.33175206184387207,29.32769799232483,False
-4.979206085205078,0.33175206184387207,29.32769799232483,False
-4.979206085205078,0.33175206184387207,29.32769799232483,False
-4.979206085205078,0.33175206184387207,29.32769799232483,False
-4.979206085205078,0.33175206184387207,29.32769799232483,False
-4.979206085205078,0.33175206184387207,29.32769799232483,False
-4.979206085205078,0.33175206184387207,29.32769799232483,False
-4.979206085205078,0.33175206184387207,29.32769799232483,False
-4.979206085205078,0.33175206184387207,29.32769799232483,False
-4.979206085205078,0.33175206184387207,29.32769799232483,False
-4.979206085205078,0.33175206184387207,29.32769799232483,False
-4.979206085205078,0.33175206184387207,29.32769799232483,False
-4.979206085205078,0.33175206184387207,29.32769799232483,False
-4.979206085205078,0.33175206184387207,29.32769799232483,False
-4.979206085205078,0.33175206184387207,29.32769799232483,False
-4.979206085205078,0.33175206184387207,29.32769799232483,False
-4.979206085205078,0.33175206184387207,29.32769799232483,False
-4.979206085205078,0.33175206184387207,29.32769799232483,False
-4.979206085205078,0.33175206184387207,29.32769799232483,False
-4.979206085205078,0.33175206184387207,29.32769799232483,False
-4.979206085205078,0.33175206184387207,29.32769799232483,False
-4.979206085205078,0.33175206184387207,29.32769799232483,False
-4.979206085205078,0.33175206184387207,29.32769799232483,False
-4.979206085205078,0.33175206184387207,29.32769799232483,False
-4.979206085205078,0.33175206184387207,29.32769799232483,False
-4.979206085205078,0.33175206184387207,29.32769799232483,False
-4.979206085205078,0.33175206184387207,29.32769799232483,False
-4.979206085205078,0.33175206184387207,29.32769799232483,False
-4.979206085205078,0.33175206184387207,29.32769799232483,False
-4.979206085205078,0.33175206184387207,29.32769799232483,False
-4.979206085205078,0.33175206184387207,29.32769799232483,False
-4.979206085205078,0.33175206184387207,29.32769799232483,False
-4.979206085205078,0.33175206184387207,29.32769799232483,False
-4.979206085205078,0.33175206184387207,29.32769799232483,False
-4.979206085205078,0.33175206184387207,29.32769799232483,False
-4.979206085205078,0.33175206184387207,29.32769799232483,False
-4.979206085205078,0.33175206184387207,29.32769799232483,False
-4.979206085205078,0.33175206184387207,29.32769799232483,False
-4.979206085205078,0.33175206184387207,29.32769799232483,False
-4.979206085205078,0.33175206184387207,29.32769799232483,False
-4.979206085205078,0.33175206184387207,29.32769799232483,False
-4.979206085205078,0.33175206184387207,29.32769799232483,False
-4.979206085205078,0.33175206184387207,29.32769799232483,False
-4.979206085205078,0.33175206184387207,29.32769799232483,False
-4.979206085205078,0.33175206184387207,29.32769799232483,False
-4.979206085205078,0.33175206184387207,29.32769799232483,False
-4.979206085205078,0.33175206184387207,29.32769799232483,False
-4.979206085205078,0.33175206184387207,29.32769799232483,False
-4.979206085205078,0.33175206184387207,29.32769799232483,False
-4.979206085205078,0.33175206184387207,29.32769799232483,False
-4.979206085205078,0.33175206184387207,29.32769799232483,False
-4.979206085205078,0.33175206184387207,29.32769799232483,False
-4.979206085205078,0.33175206184387207,29.32769799232483,False
-4.979206085205078,0.33175206184387207,29.32769799232483,False
-4.979206085205078,0.33175206184387207,29.32769799232483,False
-4.979206085205078,0.33175206184387207,29.32769799232483,False
-4.979206085205078,0.33175206184387207,29.32769799232483,False
-4.979206085205078,0.33175206184387207,29.32769799232483,False
-4.979206085205078,0.33175206184387207,29.32769799232483,False
-4.979206085205078,0.33175206184387207,29.32769799232483,False
-4.979206085205078,0.33175206184387207,29.32769799232483,False
-4.979206085205078,0.33175206184387207,29.32769799232483,False
-4.979206085205078,0.33175206184387207,29.32769799232483,False
-4.979206085205078,0.33175206184387207,29.32769799232483,False
-4.979206085205078,0.33175206184387207,29.32769799232483,False
-4.979206085205078,0.33175206184387207,29.32769799232483,False
-4.979206085205078,0.33175206184387207,29.32769799232483,False
-4.979206085205078,0.33175206184387207,29.32769799232483,False
-4.979206085205078,0.33175206184387207,29.32769799232483,False
-4.979206085205078,0.33175206184387207,29.32769799232483,False
-4.979206085205078,0.33175206184387207,29.32769799232483,False
-4.979206085205078,0.33175206184387207,29.32769799232483,False
-4.979206085205078,0.33175206184387207,29.32769799232483,False
-4.979206085205078,0.33175206184387207,29.32769799232483,False
-4.979206085205078,0.33175206184387207,29.32769799232483,False
-4.979206085205078,0.33175206184387207,29.32769799232483,False
-4.979206085205078,0.33175206184387207,29.32769799232483,False
-4.979206085205078,0.33175206184387207,29.32769799232483,False
-4.979206085205078,0.33175206184387207,29.32769799232483,False
-4.979206085205078,0.33175206184387207,29.32769799232483,False
-4.979206085205078,0.33175206184387207,29.32769799232483,False
-4.979206085205078,0.33175206184387207,29.32769799232483,False
-4.979206085205078,0.33175206184387207,29.32769799232483,False
-4.979206085205078,0.33175206184387207,29.32769799232483,False
-4.979206085205078,0.33175206184387207,29.32769799232483,False
-4.979206085205078,0.33175206184387207,29.32769799232483,False
-4.979206085205078,0.33175206184387207,29.32769799232483,False
-4.979206085205078,0.33175206184387207,29.32769799232483,False
-4.979206085205078,0.33175206184387207,29.32769799232483,False
-4.979206085205078,0.33175206184387207,29.32769799232483,False
-4.979206085205078,0.33175206184387207,29.32769799232483,False
-4.979206085205078,0.33175206184387207,29.32769799232483,False
-4.979206085205078,0.33175206184387207,29.32769799232483,False
-4.979206085205078,0.33175206184387207,29.32769799232483,False
-4.979206085205078,0.33175206184387207,29.32769799232483,False
-4.979206085205078,0.33175206184387207,29.32769799232483,False
-4.979206085205078,0.33175206184387207,29.32769799232483,False
-4.979206085205078,0.33175206184387207,29.32769799232483,False
-4.979206085205078,0.33175206184387207,29.32769799232483,False
-4.979206085205078,0.33175206184387207,29.32769799232483,False
-4.979206085205078,0.33175206184387207,29.32769799232483,False
-4.979206085205078,0.33175206184387207,29.32769799232483,False
-4.979206085205078,0.33175206184387207,29.32769799232483,False
-4.979206085205078,0.33175206184387207,29.32769799232483,False
-4.979206085205078,0.33175206184387207,29.32769799232483,False
-4.979206085205078,0.33175206184387207,29.32769799232483,False
-4.979206085205078,0.33175206184387207,29.32769799232483,False
-4.979206085205078,0.33175206184387207,29.32769799232483,False
-4.979206085205078,0.33175206184387207,29.32769799232483,False
-4.979206085205078,0.33175206184387207,29.32769799232483,False
-4.979206085205078,0.33175206184387207,29.32769799232483,False
-4.979206085205078,0.33175206184387207,29.32769799232483,False
-4.979206085205078,0.33175206184387207,29.32769799232483,False
-4.979206085205078,0.33175206184387207,29.32769799232483,False
-4.979206085205078,0.33175206184387207,29.32769799232483,False
-4.979206085205078,0.33175206184387207,29.32769799232483,False
-4.979206085205078,0.33175206184387207,29.32769799232483,False
-4.979206085205078,0.33175206184387207,29.32769799232483,False
-4.979206085205078,0.33175206184387207,29.32769799232483,False
-4.979206085205078,0.33175206184387207,29.32769799232483,False
-4.979206085205078,0.33175206184387207,29.32769799232483,False
-4.979206085205078,0.33175206184387207,29.32769799232483,False
-4.979206085205078,0.33175206184387207,29.32769799232483,False
-4.979206085205078,0.33175206184387207,29.32769799232483,False
-4.979206085205078,0.33175206184387207,29.32769799232483,False
-4.979206085205078,0.33175206184387207,29.32769799232483,False
-4.979206085205078,0.33175206184387207,29.32769799232483,False
-4.979206085205078,0.33175206184387207,29.32769799232483,False
-4.979206085205078,0.33175206184387207,29.32769799232483,False
-4.979206085205078,0.33175206184387207,29.32769799232483,False
-4.979206085205078,0.33175206184387207,29.32769799232483,False
-4.979206085205078,0.33175206184387207,29.32769799232483,False
-4.979206085205078,0.33175206184387207,29.32769799232483,False
-4.979206085205078,0.33175206184387207,29.32769799232483,False
-4.979206085205078,0.33175206184387207,29.32769799232483,False
-4.979206085205078,0.33175206184387207,29.32769799232483,False
-4.979206085205078,0.33175206184387207,29.32769799232483,False
-4.979206085205078,0.33175206184387207,29.32769799232483,False
-4.979206085205078,0.33175206184387207,29.32769799232483,False
-4.979206085205078,0.33175206184387207,29.32769799232483,False
-4.979206085205078,0.33175206184387207,29.32769799232483,False
-4.979206085205078,0.33175206184387207,29.32769799232483,False
-4.979206085205078,0.33175206184387207,29.32769799232483,False
-4.979206085205078,0.33175206184387207,29.32769799232483,False
-4.979206085205078,0.33175206184387207,29.32769799232483,False
-4.979206085205078,0.33175206184387207,29.32769799232483,False
-4.979206085205078,0.33175206184387207,29.32769799232483,False
-4.979206085205078,0.33175206184387207,29.32769799232483,False
-4.979206085205078,0.33175206184387207,29.32769799232483,False
-4.979206085205078,0.33175206184387207,29.32769799232483,False
-4.979206085205078,0.33175206184387207,29.32769799232483,False
-4.979206085205078,0.33175206184387207,29.32769799232483,False
-4.979206085205078,0.33175206184387207,29.32769799232483,False
-4.979206085205078,0.33175206184387207,29.32769799232483,False
-4.979206085205078,0.33175206184387207,29.32769799232483,False
-4.979206085205078,0.33175206184387207,29.32769799232483,False
-4.979206085205078,0.33175206184387207,29.32769799232483,False
-4.979206085205078,0.33175206184387207,29.32769799232483,False
-4.979206085205078,0.33175206184387207,29.32769799232483,False
-4.979206085205078,0.33175206184387207,29.32769799232483,False
-4.979206085205078,0.33175206184387207,29.32769799232483,False
-4.979206085205078,0.33175206184387207,29.32769799232483,False
-4.979206085205078,0.33175206184387207,29.32769799232483,False
-4.979206085205078,0.33175206184387207,29.32769799232483,False
-4.979206085205078,0.33175206184387207,29.32769799232483,False
-4.979206085205078,0.33175206184387207,29.32769799232483,False
-4.979206085205078,0.33175206184387207,29.32769799232483,False
-4.979206085205078,0.33175206184387207,29.32769799232483,False
-4.979206085205078,0.33175206184387207,29.32769799232483,False
-4.979206085205078,0.33175206184387207,29.32769799232483,False
-4.979206085205078,0.33175206184387207,29.32769799232483,False
-4.979206085205078,0.33175206184387207,29.32769799232483,False
-4.979206085205078,0.33175206184387207,29.32769799232483,False
-4.979206085205078,0.33175206184387207,29.32769799232483,False
-4.979206085205078,0.33175206184387207,29.32769799232483,False
-4.979206085205078,0.33175206184387207,29.32769799232483,False
-4.979206085205078,0.33175206184387207,29.32769799232483,False
-4.979206085205078,0.33175206184387207,29.32769799232483,False
-4.979206085205078,0.33175206184387207,29.32769799232483,False
-4.979206085205078,0.33175206184387207,29.32769799232483,False
-4.979206085205078,0.33175206184387207,29.32769799232483,False
-4.979206085205078,0.33175206184387207,29.32769799232483,False
-4.979206085205078,0.33175206184387207,29.32769799232483,False
-4.979206085205078,0.33175206184387207,29.32769799232483,False
-4.979206085205078,0.33175206184387207,29.32769799232483,False
-4.979206085205078,0.33175206184387207,29.32769799232483,False
-4.979206085205078,0.33175206184387207,29.32769799232483,False
-4.979206085205078,0.33175206184387207,29.32769799232483,False
-4.979206085205078,0.33175206184387207,29.32769799232483,False
-4.979206085205078,0.33175206184387207,29.32769799232483,False
-4.979206085205078,0.33175206184387207,29.32769799232483,False
-4.979206085205078,0.33175206184387207,29.32769799232483,False
-4.979206085205078,0.33175206184387207,29.32769799232483,False
-4.979206085205078,0.33175206184387207,29.32769799232483,False
-4.979206085205078,0.33175206184387207,29.32769799232483,False
-4.979206085205078,0.33175206184387207,29.32769799232483,False
-4.979206085205078,0.33175206184387207,29.32769799232483,False
-4.979206085205078,0.33175206184387207,29.32769799232483,False
-4.979206085205078,0.33175206184387207,29.32769799232483,False
-4.979206085205078,0.33175206184387207,29.32769799232483,False
-4.979206085205078,0.33175206184387207,29.32769799232483,False
-4.979206085205078,0.33175206184387207,29.32769799232483,False
-4.979206085205078,0.33175206184387207,29.32769799232483,False
-4.979206085205078,0.33175206184387207,29.32769799232483,False
-4.979206085205078,0.33175206184387207,29.32769799232483,False
-4.979206085205078,0.33175206184387207,29.32769799232483,False
-4.979206085205078,0.33175206184387207,29.32769799232483,False
-4.979206085205078,0.33175206184387207,29.32769799232483,False
-4.979206085205078,0.33175206184387207,29.32769799232483,False
-4.979206085205078,0.33175206184387207,29.32769799232483,False
-4.979206085205078,0.33175206184387207,29.32769799232483,False
-4.979206085205078,0.33175206184387207,29.32769799232483,False
-4.979206085205078,0.33175206184387207,29.32769799232483,False
-4.979206085205078,0.33175206184387207,29.32769799232483,False
-4.979206085205078,0.33175206184387207,29.32769799232483,False
-4.979206085205078,0.33175206184387207,29.32769799232483,False
-4.979206085205078,0.33175206184387207,29.32769799232483,False
-4.979206085205078,0.33175206184387207,29.32769799232483,False
-4.979206085205078,0.33175206184387207,29.32769799232483,False
-4.979206085205078,0.33175206184387207,29.32769799232483,False
-4.979206085205078,0.33175206184387207,29.32769799232483,False
-4.979206085205078,0.33175206184387207,29.32769799232483,False
-4.979206085205078,0.33175206184387207,29.32769799232483,False
-4.979206085205078,0.33175206184387207,29.32769799232483,False
-4.979206085205078,0.33175206184387207,29.32769799232483,False
-4.979206085205078,0.33175206184387207,29.32769799232483,False
-4.979206085205078,0.33175206184387207,29.32769799232483,False
-4.979206085205078,0.33175206184387207,29.32769799232483,False
-4.979206085205078,0.33175206184387207,29.32769799232483,False
-4.979206085205078,0.33175206184387207,29.32769799232483,False
-4.979206085205078,0.33175206184387207,29.32769799232483,False
-4.979206085205078,0.33175206184387207,29.32769799232483,False
-4.979206085205078,0.33175206184387207,29.32769799232483,False
-4.979206085205078,0.33175206184387207,29.32769799232483,False
-4.979206085205078,0.33175206184387207,29.32769799232483,False
-4.979206085205078,0.33175206184387207,29.32769799232483,False
-4.979206085205078,0.33175206184387207,29.32769799232483,False
-4.979206085205078,0.33175206184387207,29.32769799232483,False
-4.979206085205078,0.33175206184387207,29.32769799232483,False
-4.979206085205078,0.33175206184387207,29.32769799232483,False
-4.979206085205078,0.33175206184387207,29.32769799232483,False
-4.979206085205078,0.33175206184387207,29.32769799232483,False
-4.979206085205078,0.33175206184387207,29.32769799232483,False
-4.979206085205078,0.33175206184387207,29.32769799232483,False
-4.979206085205078,0.33175206184387207,29.32769799232483,False
-4.979206085205078,0.33175206184387207,29.32769799232483,False
-4.979206085205078,0.33175206184387207,29.32769799232483,False
-4.979206085205078,0.33175206184387207,29.32769799232483,False
-4.979206085205078,0.33175206184387207,29.32769799232483,False
-4.979206085205078,0.33175206184387207,29.32769799232483,False
-4.979206085205078,0.33175206184387207,29.32769799232483,False
-4.979206085205078,0.33175206184387207,29.32769799232483,False
-4.979206085205078,0.33175206184387207,29.32769799232483,False
-4.979206085205078,0.33175206184387207,29.32769799232483,False
-4.979206085205078,0.33175206184387207,29.32769799232483,False
-4.979206085205078,0.33175206184387207,29.32769799232483,False
-4.979206085205078,0.33175206184387207,29.32769799232483,False
-4.979206085205078,0.33175206184387207,29.32769799232483,False
-4.979206085205078,0.33175206184387207,29.32769799232483,False
-4.979206085205078,0.33175206184387207,29.32769799232483,False
-4.979206085205078,0.33175206184387207,29.32769799232483,False
-4.979206085205078,0.33175206184387207,29.32769799232483,False
-4.979206085205078,0.33175206184387207,29.32769799232483,False
-4.979206085205078,0.33175206184387207,29.32769799232483,False
-4.979206085205078,0.33175206184387207,29.32769799232483,False
-4.979206085205078,0.33175206184387207,29.32769799232483,False
-4.979206085205078,0.33175206184387207,29.32769799232483,False
-4.979206085205078,0.33175206184387207,29.32769799232483,False
-4.979206085205078,0.33175206184387207,29.32769799232483,False
-4.979206085205078,0.33175206184387207,29.32769799232483,False
-4.979206085205078,0.33175206184387207,29.32769799232483,False
-4.979206085205078,0.33175206184387207,29.32769799232483,False
-4.979206085205078,0.33175206184387207,29.32769799232483,False
-4.979206085205078,0.33175206184387207,29.32769799232483,False
-4.979206085205078,0.33175206184387207,29.32769799232483,False
-4.979206085205078,0.33175206184387207,29.32769799232483,False
-4.979206085205078,0.33175206184387207,29.32769799232483,False
-4.979206085205078,0.33175206184387207,29.32769799232483,False
-4.979206085205078,0.33175206184387207,29.32769799232483,False
-4.979206085205078,0.33175206184387207,29.32769799232483,False
-4.979206085205078,0.33175206184387207,29.32769799232483,False
-4.979206085205078,0.33175206184387207,29.32769799232483,False
-4.979206085205078,0.33175206184387207,29.32769799232483,False
-4.979206085205078,0.33175206184387207,29.32769799232483,False
-4.979206085205078,0.33175206184387207,29.32769799232483,False
-4.979206085205078,0.33175206184387207,29.32769799232483,False
-4.979206085205078,0.33175206184387207,29.32769799232483,False
-4.979206085205078,0.33175206184387207,29.32769799232483,False
-4.979206085205078,0.33175206184387207,29.32769799232483,False
-4.979206085205078,0.3258535861968994,29.32769799232483,False
-4.979206085205078,0.3186771869659424,29.32769799232483,False
-4.979206085205078,0.3126685619354248,29.32769799232483,False
-4.979206085205078,0.3068215847015381,29.32769799232483,False
-4.979206085205078,0.30048155784606934,29.32769799232483,False
-4.979206085205078,0.2945706844329834,29.32769799232483,False
-4.979206085205078,0.2884833812713623,29.32769799232483,False
-4.979206085205078,0.2794497013092041,29.32769799232483,False
-4.979206085205078,0.27117228507995605,29.32769799232483,False
-4.979206085205078,0.2650487422943115,29.32769799232483,False
-4.979206085205078,0.25986456871032715,29.32769799232483,False
-4.979206085205078,0.25385308265686035,29.32769799232483,False
-4.979206085205078,0.25385308265686035,29.32769799232483,False
-4.979206085205078,0.25385308265686035,29.32769799232483,False
-4.979206085205078,0.25385308265686035,29.32769799232483,False
-4.979206085205078,0.25385308265686035,29.32769799232483,False
-4.979206085205078,0.25385308265686035,29.32769799232483,False
-4.979206085205078,0.25385308265686035,29.32769799232483,False
-4.979206085205078,0.25385308265686035,29.32769799232483,False
-4.979206085205078,0.25385308265686035,29.32769799232483,False
-4.979206085205078,0.25385308265686035,29.32769799232483,False
-4.979206085205078,0.25385308265686035,29.32769799232483,False
-4.979206085205078,0.25385308265686035,29.32769799232483,False
-4.979206085205078,0.25385308265686035,29.32769799232483,False
-4.979206085205078,0.25385308265686035,29.32769799232483,False
-4.979206085205078,0.25385308265686035,29.32769799232483,False
-4.979206085205078,0.25385308265686035,29.32769799232483,False
-4.979206085205078,0.25385308265686035,29.32769799232483,False
-4.979206085205078,0.25385308265686035,29.32769799232483,False
-4.979206085205078,0.25385308265686035,29.32769799232483,False
-4.979206085205078,0.25385308265686035,29.32769799232483,False
-4.979206085205078,0.25385308265686035,29.32769799232483,False
-4.979206085205078,0.25385308265686035,29.32769799232483,False
-4.979206085205078,0.25385308265686035,29.32769799232483,False
-4.979206085205078,0.25385308265686035,29.32769799232483,False
-4.979206085205078,0.25385308265686035,29.32769799232483,False
-4.979206085205078,0.25385308265686035,29.32769799232483,False
-4.979206085205078,0.25385308265686035,29.32769799232483,False
-4.979206085205078,0.25385308265686035,29.32769799232483,False
-4.979206085205078,0.25385308265686035,29.32769799232483,False
-4.979206085205078,0.25385308265686035,29.32769799232483,False
-4.979206085205078,0.25385308265686035,29.32769799232483,False
-4.979206085205078,0.25385308265686035,29.32769799232483,False
-4.979206085205078,0.25385308265686035,29.32769799232483,False
-4.979206085205078,0.24661469459533691,29.32769799232483,False
-4.979206085205078,0.2405998706817627,29.32769799232483,False
-4.979206085205078,0.23282265663146973,29.32769799232483,False
-4.979206085205078,0.22877907752990723,29.32769799232483,False
-4.979206085205078,0.22278952598571777,29.32769799232483,False
-4.979206085205078,0.21679186820983887,29.32769799232483,False
-4.979206085205078,0.2054131031036377,29.32769799232483,False
-4.979206085205078,0.1994001865386963,29.32769799232483,False
-4.979206085205078,0.19334864616394043,29.32769799232483,False
-4.979206085205078,0.1860802173614502,29.32769799232483,False
-4.979206085205078,0.1799166202545166,29.32769799232483,False
-4.979206085205078,0.17388701438903809,29.32769799232483,False
-4.979206085205078,0.16584467887878418,29.32769799232483,False
-4.979206085205078,0.15969395637512207,29.32769799232483,False
-4.979206085205078,0.14855647087097168,29.32769799232483,False
-4.979206085205078,0.14055371284484863,29.32769799232483,False
-4.979206085205078,0.13632845878601074,29.32769799232483,False
-4.979206085205078,0.12940049171447754,29.32769799232483,False
-4.979206085205078,0.12124037742614746,29.32769799232483,False
-4.979206085205078,0.1133568286895752,29.32769799232483,False
-4.979206085205078,0.10832571983337402,29.32769799232483,False
-4.979206085205078,0.10031962394714355,29.32769799232483,False
-4.979206085205078,0.08884119987487793,29.32769799232483,False
-4.979206085205078,0.08097434043884277,29.32769799232483,False
-4.979206085205078,0.06996750831604004,29.32769799232483,False
-4.979206085205078,0.06381392478942871,29.32769799232483,False
-4.979206085205078,0.05794167518615723,29.32769799232483,False
-4.979206085205078,0.05067276954650879,29.32769799232483,False
-4.979206085205078,0.05067276954650879,29.32467746734619,False
-4.979206085205078,0.05067276954650879,29.321539878845215,False
-4.979206085205078,0.05067276954650879,29.31858730316162,False
-4.979206085205078,0.05067276954650879,29.316306352615356,False
-4.979206085205078,0.05067276954650879,29.31319499015808,False
-4.979206085205078,0.05067276954650879,29.310296297073364,False
-4.979206085205078,0.05067276954650879,29.3066349029541,False
-4.979206085205078,0.05067276954650879,29.303669214248657,False
-4.979206085205078,0.05067276954650879,29.300533056259155,False
-4.979206085205078,0.05067276954650879,29.29706120491028,False
-4.979206085205078,0.05067276954650879,29.29390859603882,False
-4.979206085205078,0.05067276954650879,29.290935277938843,False
-4.979206085205078,0.05067276954650879,29.289047479629517,False
-4.979206085205078,0.05067276954650879,29.28577756881714,False
-4.979206085205078,0.05067276954650879,29.28276538848877,False
-4.979206085205078,0.05067276954650879,29.279649019241333,False
-4.979206085205078,0.05067276954650879,29.276427507400513,False
-4.979206085205078,0.05067276954650879,29.273335933685303,False
-4.979206085205078,0.05067276954650879,29.270353317260742,False
-4.979206085205078,0.05067276954650879,29.26677370071411,False
-4.979206085205078,0.05067276954650879,29.263795137405396,False
-4.979206085205078,0.05067276954650879,29.260839462280273,False
-4.979206085205078,0.05067276954650879,29.257328033447266,False
-4.979206085205078,0.05067276954650879,29.2521870136261,False
-4.979206085205078,0.05067276954650879,29.249204635620117,False
-4.979206085205078,0.05067276954650879,29.245585680007935,False
-4.979206085205078,0.05067276954650879,29.242587089538574,False
-4.979206085205078,0.05067276954650879,29.23953652381897,False
-4.979206085205078,0.05067276954650879,29.236176252365112,False
-4.979206085205078,0.05067276954650879,29.23309063911438,False
-4.979206085205078,0.05067276954650879,29.23004388809204,False
-4.979206085205078,0.05067276954650879,29.226588249206543,False
-4.979206085205078,0.05067276954650879,29.222647666931152,False
-4.979206085205078,0.05067276954650879,29.217055320739746,False
-4.979206085205078,0.05067276954650879,29.214922666549683,False
-4.979206085205078,0.05067276954650879,29.212045192718506,False
-4.979206085205078,0.05067276954650879,29.20892858505249,False
-4.979206085205078,0.05067276954650879,29.205469369888306,False
-4.979206085205078,0.05067276954650879,29.20244526863098,False
-4.979206085205078,0.05067276954650879,29.199527978897095,False
-4.979206085205078,0.05067276954650879,29.196775197982788,False
-4.979206085205078,0.05067276954650879,29.192837953567505,False
-4.979206085205078,0.05067276954650879,29.18880271911621,False
-4.979206085205078,0.05067276954650879,29.185880422592163,False
-4.979206085205078,0.05067276954650879,29.182788372039795,False
-4.979206085205078,0.05067276954650879,29.17976403236389,False
-4.979206085205078,0.05067276954650879,29.176208019256592,False
-4.979206085205078,0.05067276954650879,29.173211097717285,False
-4.979206085205078,0.05067276954650879,29.170125246047974,False
-4.979206085205078,0.05067276954650879,29.167462587356567,False
-4.979206085205078,0.05067276954650879,29.164323329925537,False
-4.979206085205078,0.05067276954650879,29.161230325698853,False
-4.979206085205078,0.05067276954650879,29.156696319580078,False
-4.979206085205078,0.05067276954650879,29.151695489883423,False
-4.979206085205078,0.05067276954650879,29.148596048355103,False
-4.979206085205078,0.05067276954650879,29.14509153366089,False
-4.979206085205078,0.05067276954650879,29.14207887649536,False
-4.979206085205078,0.05067276954650879,29.139079809188843,False
-4.979206085205078,0.05067276954650879,29.13546061515808,False
-4.979206085205078,0.05067276954650879,29.13248085975647,False
-4.979206085205078,0.05067276954650879,29.129499912261963,False
-4.979206085205078,0.05067276954650879,29.126128911972046,False
-4.979206085205078,0.05067276954650879,29.122214555740356,False
-4.979206085205078,0.05067276954650879,29.11921000480652,False
-4.979206085205078,0.05067276954650879,29.116694927215576,False
-4.979206085205078,0.05067276954650879,29.113690614700317,False
-4.979206085205078,0.05067276954650879,29.110690593719482,False
-4.979206085205078,0.05067276954650879,29.10718560218811,False
-4.979206085205078,0.05067276954650879,29.104169607162476,False
-4.979206085205078,0.05067276954650879,29.10116720199585,False
-4.979206085205078,0.05067276954650879,29.097648859024048,False
-4.979206085205078,0.05067276954650879,29.094631671905518,False
-4.979206085205078,0.05067276954650879,29.091633558273315,False
-4.979206085205078,0.05067276954650879,29.085599422454834,False
-4.979206085205078,0.05067276954650879,29.082581996917725,False
-4.979206085205078,0.05067276954650879,29.079583883285522,False
-4.979206085205078,0.05067276954650879,29.07648515701294,False
-4.979206085205078,0.05067276954650879,29.073477029800415,False
-4.979206085205078,0.05067276954650879,29.070478200912476,False
-4.979206085205078,0.05067276954650879,29.067962884902954,False
-4.979206085205078,0.05067276954650879,29.06395173072815,False
-4.979206085205078,0.05067276954650879,29.060954570770264,False
-4.979206085205078,0.05067276954650879,29.05744504928589,False
-4.979206085205078,0.05067276954650879,29.05243444442749,False
-4.979206085205078,0.05067276954650879,29.0494282245636,False
-4.979206085205078,0.05067276954650879,29.04691457748413,False
-4.979206085205078,0.05067276954650879,29.043904542922974,False
-4.979206085205078,0.05067276954650879,29.040905237197876,False
-4.979206085205078,0.05067276954650879,29.03740119934082,False
-4.979206085205078,0.05067276954650879,29.035390615463257,False
-4.979206085205078,0.05067276954650879,29.032387018203735,False
-4.979206085205078,0.05067276954650879,29.029388666152954,False
-4.979206085205078,0.05067276954650879,29.0258731842041,False
-4.979206085205078,0.05067276954650879,29.02087092399597,False
-4.979206085205078,0.05067276954650879,29.01736617088318,False
-4.979206085205078,0.05067276954650879,29.015355110168457,False
-4.979206085205078,0.05067276954650879,29.01235795021057,False
-4.979206085205078,0.05067276954650879,29.009356021881104,False
-4.979206085205078,0.05067276954650879,29.00683617591858,False
-4.979206085205078,0.05067276954650879,29.003841638565063,False
-4.979206085205078,0.05067276954650879,29.000834226608276,False
-4.979206085205078,0.05067276954650879,28.9973247051239,False
-4.979206085205078,0.05067276954650879,28.994308948516846,False
-4.979206085205078,0.05067276954650879,28.99131178855896,False
-4.979206085205078,0.05067276954650879,28.98678946495056,False
-4.979206085205078,0.05067276954650879,28.983279943466187,False
-4.979206085205078,0.05067276954650879,28.98027229309082,False
-4.979206085205078,0.05067276954650879,28.97777247428894,False
-4.979206085205078,0.05067276954650879,28.9747576713562,False
-4.979206085205078,0.05067276954650879,28.971760988235474,False
-4.979206085205078,0.05067276954650879,28.968757390975952,False
-4.979206085205078,0.05067276954650879,28.965251922607422,False
-4.979206085205078,0.05067276954650879,28.962252378463745,False
-4.979206085205078,0.05067276954650879,28.95925259590149,False
-4.979206085205078,0.05067276954650879,28.956738233566284,False
-4.979206085205078,0.05067276954650879,28.953735828399658,False
-4.979206085205078,0.05067276954650879,28.950735092163086,False
-4.979206085205078,0.05067276954650879,28.947225332260132,False
-4.979206085205078,0.05067276954650879,28.944218397140503,False
-4.979206085205078,0.05067276954650879,28.941216468811035,False
-4.979206085205078,0.05067276954650879,28.93771481513977,False
-4.979206085205078,0.05067276954650879,28.93470811843872,False
-4.979206085205078,0.05067276954650879,28.931700468063354,False
-4.979206085205078,0.05067276954650879,28.928706645965576,False
-4.979206085205078,0.05067276954650879,28.92567253112793,False
-4.979206085205078,0.05067276954650879,28.919679403305054,False
-4.979206085205078,0.05067276954650879,28.91660976409912,False
-4.979206085205078,0.05067276954650879,28.913605451583862,False
-4.979206085205078,0.05067276954650879,28.91060519218445,False
-4.979206085205078,0.05067276954650879,28.907097101211548,False
-4.979206085205078,0.05067276954650879,28.904080390930176,False
-4.979206085205078,0.05067276954650879,28.901087045669556,False
-4.979206085205078,0.05067276954650879,28.897550106048584,False
-4.979206085205078,0.05067276954650879,28.89453411102295,False
-4.979206085205078,0.05067276954650879,28.889529943466187,False
-4.979206085205078,0.05067276954650879,28.88612413406372,False
-4.979206085205078,0.05067276954650879,28.88261866569519,False
-4.979206085205078,0.05067276954650879,28.87962532043457,False
-4.979206085205078,0.05067276954650879,28.87655997276306,False
-4.979206085205078,0.05067276954650879,28.873562812805176,False
-4.979206085205078,0.05067276954650879,28.87056064605713,False
-4.979206085205078,0.05067276954650879,28.86705708503723,False
-4.979206085205078,0.05067276954650879,28.864041090011597,False
-4.979206085205078,0.05067276954650879,28.85902762413025,False
-4.979206085205078,0.05067276954650879,28.855485916137695,False
-4.979206085205078,0.05067276954650879,28.85249352455139,False
-4.979206085205078,0.05067276954650879,28.849486351013184,False
-4.979206085205078,0.05067276954650879,28.846470832824707,False
-4.979206085205078,0.05067276954650879,28.84346318244934,False
-4.979206085205078,0.05067276954650879,28.840462923049927,False
-4.979206085205078,0.05067276954650879,28.83796262741089,False
-4.979206085205078,0.05067276954650879,28.834952116012573,False
-4.979206085205078,0.05067276954650879,28.831954956054688,False
-4.979206085205078,0.05067276954650879,28.82895278930664,False
-4.979206085205078,0.05067276954650879,28.825445890426636,False
-4.979206085205078,0.05067276954650879,28.822443962097168,False
-4.979206085205078,0.05067276954650879,28.817933797836304,False
-4.979206085205078,0.05067276954650879,28.813915014266968,False
-4.979206085205078,0.05067276954650879,28.810917854309082,False
-4.979206085205078,0.05067276954650879,28.807405471801758,False
-4.979206085205078,0.05067276954650879,28.8053982257843,False
-4.979206085205078,0.05067276954650879,28.802398204803467,False
-4.979206085205078,0.05067276954650879,28.79939866065979,False
-4.979206085205078,0.05067276954650879,28.796886682510376,False
-4.979206085205078,0.05067276954650879,28.79387378692627,False
-4.979206085205078,0.05067276954650879,28.790873527526855,False
-4.979206085205078,0.05067276954650879,28.78736925125122,False
-4.979206085205078,0.05067276954650879,28.784852266311646,False
-4.979206085205078,0.05067276954650879,28.781750440597534,False
-4.979206085205078,0.05067276954650879,28.779699563980103,False
-4.979206085205078,0.05067276954650879,28.776628732681274,False
-4.979206085205078,0.05067276954650879,28.773313999176025,False
-4.979206085205078,0.05067276954650879,28.770301580429077,False
-4.979206085205078,0.05067276954650879,28.766775369644165,False
-4.979206085205078,0.05067276954650879,28.76377034187317,False
-4.979206085205078,0.05067276954650879,28.76077151298523,False
-4.979206085205078,0.05067276954650879,28.757267236709595,False
-4.979206085205078,0.05067276954650879,28.75325345993042,False
-4.979206085205078,0.05067276954650879,28.750248193740845,False
-4.979206085205078,0.05067276954650879,28.746739387512207,False
-4.979206085205078,0.05067276954650879,28.74373722076416,False
-4.979206085205078,0.05067276954650879,28.740739583969116,False
-4.979206085205078,0.05067276954650879,28.737234830856323,False
-4.979206085205078,0.05067276954650879,28.73522973060608,False
-4.979206085205078,0.05067276954650879,28.73223114013672,False
-4.979206085205078,0.05067276954650879,28.72922444343567,False
-4.979206085205078,0.05067276954650879,28.72652554512024,False
-4.979206085205078,0.05067276954650879,28.72251844406128,False
-4.979206085205078,0.05067276954650879,28.71791172027588,False
-4.979206085205078,0.05067276954650879,28.714900732040405,False
-4.979206085205078,0.05067276954650879,28.71190094947815,False
-4.979206085205078,0.05067276954650879,28.708900690078735,False
-4.979206085205078,0.05067276954650879,28.70639991760254,False
-4.979206085205078,0.05067276954650879,28.70339298248291,False
-4.979206085205078,0.05067276954650879,28.700397968292236,False
-4.979206085205078,0.05067276954650879,28.69685435295105,False
-4.979206085205078,0.05067276954650879,28.692848682403564,False
-4.979206085205078,0.05067276954650879,28.689847230911255,False
-4.979206085205078,0.05067276954650879,28.685828685760498,False
-4.979206085205078,0.05067276954650879,28.683791637420654,False
-4.979206085205078,0.05067276954650879,28.68078637123108,False
-4.979206085205078,0.05067276954650879,28.67728567123413,False
-4.979206085205078,0.05067276954650879,28.67527484893799,False
-4.979206085205078,0.05067276954650879,28.672277450561523,False
-4.979206085205078,0.05067276954650879,28.66927456855774,False
-4.979206085205078,0.05067276954650879,28.666757345199585,False
-4.979206085205078,0.05067276954650879,28.66375184059143,False
-4.979206085205078,0.05067276954650879,28.660751342773438,False
-4.979206085205078,0.05067276954650879,28.657254934310913,False
-4.979206085205078,0.05067276954650879,28.652247190475464,False
-4.979206085205078,0.05067276954650879,28.650246381759644,False
-4.979206085205078,0.05067276954650879,28.647727966308594,False
-4.979206085205078,0.05067276954650879,28.644716024398804,False
-4.979206085205078,0.05067276954650879,28.6417133808136,False
-4.979206085205078,0.05067276954650879,28.638705730438232,False
-4.979206085205078,0.05067276954650879,28.635687112808228,False
-4.979206085205078,0.05067276954650879,28.632687091827393,False
-4.979206085205078,0.05067276954650879,28.629685640335083,False
-4.979206085205078,0.05067276954650879,28.626625776290894,False
-4.979206085205078,0.05067276954650879,28.62362504005432,False
-4.979206085205078,0.05067276954650879,28.62062120437622,False
-4.979206085205078,0.05067276954650879,28.617117166519165,False
-4.979206085205078,0.05067276954650879,28.61410665512085,False
-4.979206085205078,0.05067276954650879,28.611114263534546,False
-4.979206085205078,0.05067276954650879,28.60760235786438,False
-4.979206085205078,0.05067276954650879,28.604586362838745,False
-4.979206085205078,0.05067276954650879,28.601587533950806,False
-4.979206085205078,0.05067276954650879,28.59858751296997,False
-4.979206085205078,0.05067276954650879,28.59593367576599,False
-4.979206085205078,0.05067276954650879,28.59286856651306,False
-4.979206085205078,0.05067276954650879,28.589863777160645,False
-4.979206085205078,0.05067276954650879,28.58482336997986,False
-4.979206085205078,0.05067276954650879,28.58080744743347,False
-4.979206085205078,0.05067276954650879,28.577301740646362,False
-4.979206085205078,0.05067276954650879,28.574289798736572,False
-4.979206085205078,0.05067276954650879,28.571293354034424,False
-4.979206085205078,0.05067276954650879,28.56777000427246,False
-4.979206085205078,0.05067276954650879,28.564754247665405,False
-4.979206085205078,0.05067276954650879,28.561760187149048,False
-4.979206085205078,0.05067276954650879,28.558754205703735,False
-4.979206085205078,0.05067276954650879,28.554238319396973,False
-4.979206085205078,0.05067276954650879,28.550246000289917,False
-4.979206085205078,0.05067276954650879,28.546732187271118,False
-4.979206085205078,0.05067276954650879,28.543726205825806,False
-4.979206085205078,0.05067276954650879,28.540732622146606,False
-4.979206085205078,0.05067276954650879,28.537216424942017,False
-4.979206085205078,0.05067276954650879,28.53419804573059,False
-4.979206085205078,0.05067276954650879,28.53119921684265,False
-4.979206085205078,0.05067276954650879,28.52754831314087,False
-4.979206085205078,0.05067276954650879,28.523471355438232,False
-4.979206085205078,0.05067276954650879,28.518537044525146,False
-4.979206085205078,0.05067276954650879,28.515920162200928,False
-4.979206085205078,0.05067276954650879,28.513025522232056,False
-4.982202768325806,0.05067276954650879,28.510028839111328,False
-4.984833002090454,0.05067276954650879,28.50739860534668,False
-4.987987279891968,0.05067276954650879,28.504244327545166,False
-4.990037679672241,0.05067276954650879,28.502193927764893,False
-4.992913007736206,0.05067276954650879,28.499318599700928,False
-4.996604681015015,0.05067276954650879,28.49562692642212,False
-5.000615119934082,0.05067276954650879,28.49161648750305,False
-5.003615379333496,0.05067276954650879,28.488616228103638,False
-5.008888483047485,0.05067276954650879,28.48334312438965,False
-5.011902809143066,0.05067276954650879,28.480328798294067,False
-5.015382289886475,0.05067276954650879,28.47684931755066,False
-5.018436431884766,0.05067276954650879,28.473795175552368,False
-5.021349906921387,0.05067276954650879,28.470881700515747,False
-5.024939060211182,0.05067276954650879,28.467292547225952,False
-5.027952194213867,0.05067276954650879,28.464279413223267,False
-5.031068563461304,0.05067276954650879,28.46116304397583,False
-5.034559726715088,0.05067276954650879,28.457671880722046,False
-5.037701845169067,0.05067276954650879,28.454529762268066,False
-5.041566371917725,0.05067276954650879,28.45066523551941,False
-5.045083045959473,0.05067276954650879,28.44714856147766,False
-5.048145294189453,0.05067276954650879,28.44408631324768,False
-5.051586151123047,0.05067276954650879,28.440645456314087,False
-5.05366325378418,0.05067276954650879,28.438568353652954,False
-5.056150674819946,0.05067276954650879,28.436080932617188,False
-5.059176445007324,0.05067276954650879,28.43305516242981,False
-5.0621795654296875,0.05067276954650879,28.430052042007446,False
-5.065877914428711,0.05067276954650879,28.426353693008423,False
-5.06978702545166,0.05067276954650879,28.422444581985474,False
-5.074399709701538,0.05067276954650879,28.417831897735596,False
-5.077493190765381,0.05067276954650879,28.414738416671753,False
-5.080502510070801,0.05067276954650879,28.411729097366333,False
-5.083410978317261,0.05067276954650879,28.408820629119873,False
-5.08807373046875,0.05067276954650879,28.404157876968384,False
-5.090075969696045,0.05067276954650879,28.40215563774109,False
-5.093165397644043,0.05067276954650879,28.39906620979309,False
-5.096800327301025,0.05067276954650879,28.39543128013611,False
-5.099761486053467,0.05067276954650879,28.392470121383667,False
-5.1027491092681885,0.05067276954650879,28.389482498168945,False
-5.109045505523682,0.05067276954650879,28.383186101913452,False
-5.111958265304565,0.05067276954650879,28.38027334213257,False
-5.114575624465942,0.05067276954650879,28.37765598297119,False
-5.117690324783325,0.05067276954650879,28.37454128265381,False
-5.121701955795288,0.05067276954650879,28.370529651641846,False
-5.125179290771484,0.05067276954650879,28.36705231666565,False
-5.128267765045166,0.05067276954650879,28.363963842391968,False
-5.131271839141846,0.05067276954650879,28.360959768295288,False
-5.136766672134399,0.05067276954650879,28.355464935302734,False
-5.140831232070923,0.05067276954650879,28.35140037536621,False
-5.142827272415161,0.05067276954650879,28.349404335021973,False
-5.148339033126831,0.05067276954650879,28.343892574310303,False
-5.1514270305633545,0.05067276954650879,28.34080457687378,False
-5.154950380325317,0.05067276954650879,28.337281227111816,False
-5.1580541133880615,0.05067276954650879,28.334177494049072,False
-5.161416292190552,0.05067276954650879,28.330815315246582,False
-5.164938688278198,0.05067276954650879,28.327292919158936,False
-5.168030738830566,0.05067276954650879,28.324200868606567,False
-5.171115159988403,0.05067276954650879,28.32111644744873,False
-5.174676418304443,0.05067276954650879,28.31755518913269,False
-5.177755117416382,0.05067276954650879,28.314476490020752,False
-5.180687427520752,0.05067276954650879,28.311544179916382,False
-5.1842570304870605,0.05067276954650879,28.307974576950073,False
-5.186262369155884,0.05067276954650879,28.303963899612427,False
-5.189126253128052,0.05067276954650879,28.29823613166809,False
-5.191139221191406,0.05067276954650879,28.294210195541382,False
-5.195655822753906,0.05067276954650879,28.285176992416382,False
-5.197803974151611,0.05067276954650879,28.28088068962097,False
-5.201661109924316,0.05067276954650879,28.27316641807556,False
-5.2043187618255615,0.05067276954650879,28.26785111427307,False
-5.207835674285889,0.05067276954650879,28.260817289352417,False
-5.210846185684204,0.05067276954650879,28.254796266555786,False
-5.214361906051636,0.05067276954650879,28.247764825820923,False
-5.217487096786499,0.05067276954650879,28.241514444351196,False
-5.220568418502808,0.05067276954650879,28.23535180091858,False
-5.223496198654175,0.05067276954650879,28.229496240615845,False
-5.2260801792144775,0.05067276954650879,28.22432827949524,False
-5.229008197784424,0.05067276954650879,28.218472242355347,False
-5.232116222381592,0.05067276954650879,28.21225619316101,False
-5.235604286193848,0.05067276954650879,28.2052800655365,False
-5.238732576370239,0.05067276954650879,28.199023485183716,False
-5.242609739303589,0.05067276954650879,28.191269159317017,False
-5.247154235839844,0.05067276954650879,28.182180166244507,False
-5.250157117843628,0.05067276954650879,28.17617440223694,False
-5.2531609535217285,0.05067276954650879,28.170166730880737,False
-5.255687713623047,0.05067276954650879,28.1651132106781,False
-5.258682489395142,0.05067276954650879,28.15912365913391,False
-5.261678695678711,0.05067276954650879,28.153131246566772,False
-5.2651872634887695,0.05067276954650879,28.146114110946655,False
-5.268202304840088,0.05067276954650879,28.14008402824402,False
-5.271245002746582,0.05067276954650879,28.13399863243103,False
-5.275723457336426,0.05067276954650879,28.125041723251343,False
-5.280728816986084,0.05067276954650879,28.115031003952026,False
-5.2842512130737305,0.05067276954650879,28.107986211776733,False
-5.287262916564941,0.05067276954650879,28.10196280479431,False
-5.290263652801514,0.05067276954650879,28.095961332321167,False
-5.293262481689453,0.05067276954650879,28.089963674545288,False
-5.296039819717407,0.05067276954650879,28.08440899848938,False
-5.299038887023926,0.05067276954650879,28.078410863876343,False
-5.302997589111328,0.05067276954650879,28.070493459701538,False
-5.306506872177124,0.05067276954650879,28.063474893569946,False
-5.309051036834717,0.05067276954650879,28.05838656425476,False
-5.312060356140137,0.05067276954650879,28.05236792564392,False
-5.315612077713013,0.05067276954650879,28.04526448249817,False
-5.318610906600952,0.05067276954650879,28.03926682472229,False
-5.321603536605835,0.05067276954650879,28.033281564712524,False
-5.325115442276001,0.05067276954650879,28.026257753372192,False
-5.327118873596191,0.05067276954650879,28.02225089073181,False
-5.33012580871582,0.05067276954650879,28.016237020492554,False
-5.333125829696655,0.05067276954650879,28.010236978530884,False
-5.338650941848755,0.05067276954650879,27.999186754226685,False
-5.341658353805542,0.05067276954650879,27.99317193031311,False
-5.345162391662598,0.05067276954650879,27.986163854599,False
-5.347171068191528,0.05067276954650879,27.982146501541138,False
-5.350172996520996,0.05067276954650879,27.976142644882202,False
-5.353177785873413,0.05067276954650879,27.970133066177368,False
-5.356695652008057,0.05067276954650879,27.96309733390808,False
-5.359695911407471,0.05067276954650879,27.957096815109253,False
-5.362553119659424,0.05067276954650879,27.951382398605347,False
-5.36515998840332,0.05067276954650879,27.946168661117554,False
-5.367258787155151,0.05067276954650879,27.94197106361389,False
-5.371198892593384,0.05067276954650879,27.934090852737427,False
-5.374724864959717,0.05067276954650879,27.92703890800476,False
-5.377735376358032,0.05067276954650879,27.92101788520813,False
-5.380735635757446,0.05067276954650879,27.9150173664093,False
-5.384248495101929,0.05067276954650879,27.907991647720337,False
-5.3872644901275635,0.05067276954650879,27.901959657669067,False
-5.390255928039551,0.05067276954650879,27.895976781845093,False
-5.393264532089233,0.05067276954650879,27.889959573745728,False
-5.396124839782715,0.05067276954650879,27.884238958358765,False
-5.4001545906066895,0.05067276954650879,27.876179456710815,False
-5.403150796890259,0.05067276954650879,27.870187044143677,False
-5.406669855117798,0.05067276954650879,27.8631489276886,False
-5.410225868225098,0.05067276954650879,27.856036901474,False
-5.4132397174835205,0.05067276954650879,27.850009202957153,False
-5.415754079818726,0.05067276954650879,27.844980478286743,False
-5.418760776519775,0.05067276954650879,27.838967084884644,False
-5.42176079750061,0.05067276954650879,27.832967042922974,False
-5.424266338348389,0.05067276954650879,27.827955961227417,False
-5.42728853225708,0.05067276954650879,27.821911573410034,False
-5.430285930633545,0.05067276954650879,27.815916776657104,False
-5.433287858963013,0.05067276954650879,27.80991291999817,False
-5.438791275024414,0.05067276954650879,27.798906087875366,False
-5.441795825958252,0.05067276954650879,27.79289698600769,False
-5.444295883178711,0.05067276954650879,27.787896871566772,False
-5.4473114013671875,0.05067276954650879,27.78186583518982,False
-5.45030665397644,0.05067276954650879,27.775875329971313,False
-5.4533069133758545,0.05067276954650879,27.769874811172485,False
-5.456334114074707,0.05067276954650879,27.76382040977478,False
-5.459326505661011,0.05067276954650879,27.757835626602173,False
-5.462335824966431,0.05067276954650879,27.751816987991333,False
-5.465874671936035,0.05067276954650879,27.744739294052124,False
-5.470862865447998,0.05067276954650879,27.7347629070282,False
-5.472867012023926,0.05067276954650879,27.730754613876343,False
-5.475384473800659,0.05067276954650879,27.725719690322876,False
-5.478389739990234,0.05067276954650879,27.719709157943726,False
-5.481389045715332,0.05067276954650879,27.71371054649353,False
-5.484894275665283,0.05067276954650879,27.706700086593628,False
-5.486905336380005,0.05067276954650879,27.702677965164185,False
-5.489904880523682,0.05067276954650879,27.69667887687683,False
-5.492901086807251,0.053668975830078125,27.690686464309692,False
-5.495425462722778,0.05619335174560547,27.685637712478638,False
-5.498422622680664,0.05919051170349121,27.679643392562866,False
-5.501416206359863,0.06218409538269043,27.673656225204468,False
-5.505947828292847,0.06671571731567383,27.6645929813385,False
-5.50846004486084,0.06922793388366699,27.659568548202515,False
-5.511476039886475,0.07224392890930176,27.653536558151245,False
-5.514972448348999,0.07574033737182617,27.646543741226196,False
-5.517988443374634,0.07875633239746094,27.640511751174927,False
-5.520981311798096,0.08174920082092285,27.634526014328003,False
-5.524511814117432,0.08527970314025879,27.62746500968933,False
-5.527522325515747,0.08829021453857422,27.6214439868927,False
-5.530526161193848,0.0912940502166748,27.6154363155365,False
-5.5335259437561035,0.09429383277893066,27.609436750411987,False
-5.536028146743774,0.09679603576660156,27.604432344436646,False
-5.539035081863403,0.09980297088623047,27.598418474197388,False
-5.542034149169922,0.10280203819274902,27.59242033958435,False
-5.545574426651001,0.10634231567382812,27.585339784622192,False
-5.548571348190308,0.10933923721313477,27.57934594154358,False
-5.551577806472778,0.11234569549560547,27.573333024978638,False
-5.555082082748413,0.11584997177124023,27.566324472427368,False
-5.558095932006836,0.11886382102966309,27.560296773910522,False
-5.561092853546143,0.12186074256896973,27.55430293083191,False
-5.564595937728882,0.12536382675170898,27.54729676246643,False
-5.568606376647949,0.12937426567077637,27.539275884628296,False
-5.572611570358276,0.13337945938110352,27.53126549720764,False
-5.575656175613403,0.13642406463623047,27.525176286697388,False
-5.57869291305542,0.13946080207824707,27.519102811813354,False
-5.581722974777222,0.14249086380004883,27.51304268836975,False
-5.584228277206421,0.14499616622924805,27.508032083511353,False
-5.587244987487793,0.14801287651062012,27.50199866294861,False
-5.590237379074097,0.15100526809692383,27.496013879776,False
-5.593243837356567,0.15401172637939453,27.49000096321106,False
-5.59674859046936,0.1575164794921875,27.482991456985474,False
-5.599750518798828,0.16051840782165527,27.476987600326538,False
-5.602756023406982,0.16352391242980957,27.47097659111023,False
-5.6087846755981445,0.16955256462097168,27.458919286727905,False
-5.611791610717773,0.17255949974060059,27.452905416488647,False
-5.615304231643677,0.1760721206665039,27.44588017463684,False
-5.617310285568237,0.17807817459106445,27.44186806678772,False
-5.620314359664917,0.18108224868774414,27.43585991859436,False
-5.62331485748291,0.1840827465057373,27.429858922958374,False
-5.625774621963501,0.18654251098632812,27.424939393997192,False
-5.628784656524658,0.18955254554748535,27.418919324874878,False
-5.6317784786224365,0.19254636764526367,27.41293168067932,False
-5.635308265686035,0.1960761547088623,27.405872106552124,False
-5.64030122756958,0.20106911659240723,27.395886182785034,False
-5.6433069705963135,0.20407485961914062,27.389874696731567,False
-5.645823001861572,0.20659089088439941,27.38484263420105,False
-5.648814916610718,0.20958280563354492,27.37885880470276,False
-5.651822090148926,0.21258997917175293,27.372844457626343,False
-5.6553380489349365,0.21610593795776367,27.36581254005432,False
-5.658342361450195,0.21911025047302246,27.359803915023804,False
-5.661341667175293,0.22210955619812012,27.35380530357361,False
-5.664846181869507,0.22561407089233398,27.34679627418518,False
-5.666858434677124,0.22762632369995117,27.342771768569946,False
-5.670856237411499,0.23162412643432617,27.334776163101196,False
-5.674376010894775,0.23514389991760254,27.327736616134644,False
-5.6773903369903564,0.2381582260131836,27.32170796394348,False
-5.680384397506714,0.24115228652954102,27.315719842910767,False
-5.683393955230713,0.24416184425354004,27.30970072746277,False
-5.686895847320557,0.2476637363433838,27.30269694328308,False
-5.68989896774292,0.25066685676574707,27.296690702438354,False
-5.692898988723755,0.25366687774658203,27.290690660476685,False
-5.692898988723755,0.2587094306945801,27.290690660476685,False
-5.692898988723755,0.26471900939941406,27.290690660476685,False
-5.692898988723755,0.27073001861572266,27.290690660476685,False
-5.692898988723755,0.2777271270751953,27.290690660476685,False
-5.692898988723755,0.28174829483032227,27.290690660476685,False
-5.692898988723755,0.2878437042236328,27.290690660476685,False
-5.692898988723755,0.2938704490661621,27.290690660476685,False
-5.692898988723755,0.30089712142944336,27.290690660476685,False
-5.692898988723755,0.3049192428588867,27.290690660476685,False
-5.692898988723755,0.310910701751709,27.290690660476685,False
-5.692898988723755,0.3179306983947754,27.290690660476685,False
-5.692898988723755,0.32195281982421875,27.290690660476685,False
-5.692898988723755,0.3279547691345215,27.290690660476685,False
-5.692898988723755,0.3339529037475586,27.290690660476685,False
-5.692898988723755,0.33899784088134766,27.290690660476685,False
-5.692898988723755,0.3469862937927246,27.290690660476685,False
-5.692898988723755,0.35497188568115234,27.290690660476685,False
-5.692898988723755,0.3620023727416992,27.290690660476685,False
-5.692898988723755,0.368009090423584,27.290690660476685,False
-5.692898988723755,0.3740096092224121,27.290690660476685,False
-5.692898988723755,0.3790440559387207,27.290690660476685,False
-5.692898988723755,0.3850574493408203,27.290690660476685,False
-5.692898988723755,0.39105987548828125,27.290690660476685,False
-5.692898988723755,0.39804840087890625,27.290690660476685,False
-5.692898988723755,0.40207862854003906,27.290690660476685,False
-5.692898988723755,0.41205835342407227,27.290690660476685,False
-5.692898988723755,0.4191474914550781,27.290690660476685,False
-5.692898988723755,0.4251518249511719,27.290690660476685,False
-5.692898988723755,0.43115234375,27.290690660476685,False
-5.692898988723755,0.43814516067504883,27.290690660476685,False
-5.692898988723755,0.4441804885864258,27.290690660476685,False
-5.692898988723755,0.45017385482788086,27.290690660476685,False
-5.692898988723755,0.457216739654541,27.290690660476685,False
-5.692898988723755,0.46324729919433594,27.290690660476685,False
-5.692898988723755,0.4693789482116699,27.290690660476685,False
-5.692898988723755,0.4806036949157715,27.290690660476685,False
-5.692898988723755,0.4898362159729004,27.290690660476685,False
-5.692898988723755,0.4971303939819336,27.290690660476685,False
-5.692898988723755,0.5033860206604004,27.290690660476685,False
-5.692898988723755,0.5094056129455566,27.290690660476685,False
-5.692898988723755,0.5164408683776855,27.290690660476685,False
-5.692898988723755,0.5225973129272461,27.290690660476685,False
-5.692898988723755,0.5285911560058594,27.290690660476685,False
-5.692898988723755,0.534548282623291,27.290690660476685,False
-5.692898988723755,0.5415949821472168,27.290690660476685,False
-5.692898988723755,0.5516023635864258,27.290690660476685,False
-5.692898988723755,0.5589823722839355,27.290690660476685,False
-5.692898988723755,0.5651006698608398,27.290690660476685,False
-5.692898988723755,0.5710487365722656,27.290690660476685,False
-5.692898988723755,0.5779633522033691,27.290690660476685,False
-5.692898988723755,0.5841569900512695,27.290690660476685,False
-5.692898988723755,0.5901436805725098,27.290690660476685,False
-5.692898988723755,0.5974912643432617,27.290690660476685,False
-5.692898988723755,0.6035699844360352,27.290690660476685,False
-5.692898988723755,0.6097354888916016,27.290690660476685,False
-5.692898988723755,0.6186800003051758,27.290690660476685,False
-5.692898988723755,0.6227989196777344,27.290690660476685,False
-5.692898988723755,0.6287679672241211,27.290690660476685,False
-5.692898988723755,0.6348080635070801,27.290690660476685,False
-5.692898988723755,0.6418652534484863,27.290690660476685,False
-5.692898988723755,0.6478152275085449,27.290690660476685,False
-5.692898988723755,0.6537847518920898,27.290690660476685,False
-5.692898988723755,0.6609659194946289,27.290690660476685,False
-5.692898988723755,0.6669597625732422,27.290690660476685,False
-5.692898988723755,0.6748161315917969,27.290690660476685,False
-5.692898988723755,0.6748161315917969,27.290690660476685,False
-5.692898988723755,0.6748161315917969,27.290690660476685,False
-5.692898988723755,0.6748161315917969,27.290690660476685,False
-5.692898988723755,0.6748161315917969,27.290690660476685,False
-5.692898988723755,0.6748161315917969,27.290690660476685,False
-5.692898988723755,0.6748161315917969,27.290690660476685,False
-5.692898988723755,0.6748161315917969,27.290690660476685,False
-5.692898988723755,0.6748161315917969,27.290690660476685,False
-5.692898988723755,0.6748161315917969,27.290690660476685,False
-5.692898988723755,0.6748161315917969,27.290690660476685,False
-5.692898988723755,0.6748161315917969,27.290690660476685,False
-5.692898988723755,0.6748161315917969,27.290690660476685,False
-5.692898988723755,0.6748161315917969,27.290690660476685,False
-5.692898988723755,0.6748161315917969,27.290690660476685,False
-5.692898988723755,0.6748161315917969,27.290690660476685,False
-5.692898988723755,0.6748161315917969,27.290690660476685,False
-5.692898988723755,0.6748161315917969,27.290690660476685,False
-5.692898988723755,0.6748161315917969,27.290690660476685,False
-5.692898988723755,0.6748161315917969,27.290690660476685,False
-5.692898988723755,0.6748161315917969,27.290690660476685,False
-5.692898988723755,0.6748161315917969,27.290690660476685,False
-5.692898988723755,0.6748161315917969,27.290690660476685,False
-5.692898988723755,0.6748161315917969,27.290690660476685,False
-5.692898988723755,0.6748161315917969,27.290690660476685,False
-5.692898988723755,0.6748161315917969,27.290690660476685,False
-5.692898988723755,0.6748161315917969,27.290690660476685,False
-5.692898988723755,0.6748161315917969,27.290690660476685,False
-5.692898988723755,0.6748161315917969,27.290690660476685,False
-5.692898988723755,0.6748161315917969,27.290690660476685,False
-5.692898988723755,0.6748161315917969,27.290690660476685,False
-5.692898988723755,0.6748161315917969,27.290690660476685,False
-5.692898988723755,0.6748161315917969,27.290690660476685,False
-5.692898988723755,0.6748161315917969,27.290690660476685,False
-5.692898988723755,0.6748161315917969,27.290690660476685,False
-5.692898988723755,0.6748161315917969,27.290690660476685,False
-5.692898988723755,0.6748161315917969,27.290690660476685,False
-5.692898988723755,0.6748161315917969,27.290690660476685,False
-5.692898988723755,0.6748161315917969,27.290690660476685,False
-5.692898988723755,0.6748161315917969,27.290690660476685,False
-5.692898988723755,0.6748161315917969,27.290690660476685,False
-5.692898988723755,0.6748161315917969,27.290690660476685,False
-5.692898988723755,0.6748161315917969,27.290690660476685,False
-5.692898988723755,0.6748161315917969,27.290690660476685,False
-5.692898988723755,0.6748161315917969,27.290690660476685,False
-5.692898988723755,0.6748161315917969,27.290690660476685,False
-5.692898988723755,0.6748161315917969,27.290690660476685,False
-5.692898988723755,0.6748161315917969,27.290690660476685,False
-5.692898988723755,0.6748161315917969,27.290690660476685,False
-5.692898988723755,0.6748161315917969,27.290690660476685,False
-5.692898988723755,0.6748161315917969,27.290690660476685,False
-5.692898988723755,0.6748161315917969,27.290690660476685,False
-5.692898988723755,0.6748161315917969,27.290690660476685,False
-5.692898988723755,0.6748161315917969,27.290690660476685,False
-5.692898988723755,0.6748161315917969,27.290690660476685,False
-5.692898988723755,0.6748161315917969,27.290690660476685,False
-5.692898988723755,0.6748161315917969,27.290690660476685,False
-5.692898988723755,0.6748161315917969,27.290690660476685,False
-5.692898988723755,0.6748161315917969,27.290690660476685,False
-5.692898988723755,0.6748161315917969,27.290690660476685,False
-5.692898988723755,0.6748161315917969,27.290690660476685,False
-5.692898988723755,0.6748161315917969,27.290690660476685,False
-5.692898988723755,0.6748161315917969,27.290690660476685,False
-5.692898988723755,0.6748161315917969,27.290690660476685,False
-5.692898988723755,0.6748161315917969,27.290690660476685,False
-5.692898988723755,0.6748161315917969,27.290690660476685,False
-5.692898988723755,0.6748161315917969,27.290690660476685,False
-5.692898988723755,0.6748161315917969,27.290690660476685,False
-5.692898988723755,0.6748161315917969,27.290690660476685,False
-5.692898988723755,0.6748161315917969,27.290690660476685,False
-5.692898988723755,0.6748161315917969,27.290690660476685,False
-5.692898988723755,0.6748161315917969,27.290690660476685,False
-5.692898988723755,0.6748161315917969,27.290690660476685,False
-5.692898988723755,0.6748161315917969,27.290690660476685,False
-5.692898988723755,0.6748161315917969,27.290690660476685,False
-5.692898988723755,0.6748161315917969,27.290690660476685,False
-5.692898988723755,0.6748161315917969,27.290690660476685,False
-5.692898988723755,0.6748161315917969,27.290690660476685,False
-5.692898988723755,0.6748161315917969,27.290690660476685,False
-5.692898988723755,0.6748161315917969,27.290690660476685,False
-5.692898988723755,0.6748161315917969,27.290690660476685,False
-5.692898988723755,0.6748161315917969,27.290690660476685,False
-5.692898988723755,0.6748161315917969,27.290690660476685,False
-5.692898988723755,0.6748161315917969,27.290690660476685,False
-5.692898988723755,0.6748161315917969,27.290690660476685,False
-5.692898988723755,0.6748161315917969,27.290690660476685,False
-5.692898988723755,0.6748161315917969,27.290690660476685,False
-5.692898988723755,0.6748161315917969,27.290690660476685,False
-5.692898988723755,0.6748161315917969,27.290690660476685,False
-5.692898988723755,0.6748161315917969,27.290690660476685,False
-5.692898988723755,0.6748161315917969,27.290690660476685,False
-5.692898988723755,0.6748161315917969,27.290690660476685,False
-5.692898988723755,0.6748161315917969,27.290690660476685,False
-5.692898988723755,0.6748161315917969,27.290690660476685,False
-5.692898988723755,0.6748161315917969,27.290690660476685,False
-5.692898988723755,0.6748161315917969,27.290690660476685,False
-5.692898988723755,0.6748161315917969,27.290690660476685,False
-5.692898988723755,0.6748161315917969,27.290690660476685,False
-5.692898988723755,0.6748161315917969,27.290690660476685,False
-5.692898988723755,0.6748161315917969,27.290690660476685,False
-5.692898988723755,0.6748161315917969,27.290690660476685,False
-5.692898988723755,0.6748161315917969,27.290690660476685,False
-5.692898988723755,0.6748161315917969,27.290690660476685,False
-5.692898988723755,0.6748161315917969,27.290690660476685,False
-5.692898988723755,0.6748161315917969,27.290690660476685,False
-5.692898988723755,0.6748161315917969,27.290690660476685,False
-5.692898988723755,0.6748161315917969,27.290690660476685,False
-5.692898988723755,0.6748161315917969,27.290690660476685,False
-5.692898988723755,0.6748161315917969,27.290690660476685,False
-5.692898988723755,0.6748161315917969,27.290690660476685,False
-5.692898988723755,0.6748161315917969,27.290690660476685,False
-5.692898988723755,0.6748161315917969,27.290690660476685,False
-5.692898988723755,0.6748161315917969,27.290690660476685,False
-5.692898988723755,0.6748161315917969,27.290690660476685,False
-5.692898988723755,0.6748161315917969,27.290690660476685,False
-5.692898988723755,0.6748161315917969,27.290690660476685,False
-5.692898988723755,0.6748161315917969,27.290690660476685,False
-5.692898988723755,0.6748161315917969,27.290690660476685,False
-5.692898988723755,0.6748161315917969,27.290690660476685,False
-5.692898988723755,0.6748161315917969,27.290690660476685,False
-5.692898988723755,0.6748161315917969,27.290690660476685,False
-5.692898988723755,0.6748161315917969,27.290690660476685,False
-5.692898988723755,0.6748161315917969,27.290690660476685,False
-5.692898988723755,0.6748161315917969,27.290690660476685,False
-5.692898988723755,0.6748161315917969,27.290690660476685,False
-5.692898988723755,0.6748161315917969,27.290690660476685,False
-5.692898988723755,0.6748161315917969,27.290690660476685,False
-5.692898988723755,0.6748161315917969,27.290690660476685,False
-5.692898988723755,0.6748161315917969,27.290690660476685,False
-5.692898988723755,0.6748161315917969,27.290690660476685,False
-5.692898988723755,0.6748161315917969,27.290690660476685,False
-5.692898988723755,0.6748161315917969,27.290690660476685,False
-5.692898988723755,0.6748161315917969,27.290690660476685,False
-5.692898988723755,0.6748161315917969,27.290690660476685,False
-5.692898988723755,0.6748161315917969,27.290690660476685,False
-5.692898988723755,0.6748161315917969,27.290690660476685,False
-5.692898988723755,0.6748161315917969,27.290690660476685,False
-5.692898988723755,0.6748161315917969,27.290690660476685,False
-5.692898988723755,0.6748161315917969,27.290690660476685,False
-5.692898988723755,0.6748161315917969,27.290690660476685,False
-5.692898988723755,0.6748161315917969,27.290690660476685,False
-5.692898988723755,0.6748161315917969,27.290690660476685,False
-5.692898988723755,0.6748161315917969,27.290690660476685,False
-5.692898988723755,0.6748161315917969,27.290690660476685,False
-5.692898988723755,0.6748161315917969,27.290690660476685,False
-5.692898988723755,0.6748161315917969,27.290690660476685,False
-5.692898988723755,0.6748161315917969,27.290690660476685,False
-5.692898988723755,0.6748161315917969,27.290690660476685,False
-5.692898988723755,0.6748161315917969,27.290690660476685,False
-5.692898988723755,0.6748161315917969,27.290690660476685,False
-5.692898988723755,0.6748161315917969,27.290690660476685,False
-5.692898988723755,0.6748161315917969,27.290690660476685,False
-5.692898988723755,0.6748161315917969,27.290690660476685,False
-5.692898988723755,0.6748161315917969,27.290690660476685,False
-5.692898988723755,0.6748161315917969,27.290690660476685,False
-5.692898988723755,0.6748161315917969,27.290690660476685,False
-5.692898988723755,0.6748161315917969,27.290690660476685,False
-5.692898988723755,0.6748161315917969,27.290690660476685,False
-5.692898988723755,0.6748161315917969,27.290690660476685,False
-5.692898988723755,0.6748161315917969,27.290690660476685,False
-5.692898988723755,0.6748161315917969,27.290690660476685,False
-5.692898988723755,0.6748161315917969,27.290690660476685,False
-5.692898988723755,0.6748161315917969,27.290690660476685,False
-5.692898988723755,0.6748161315917969,27.290690660476685,False
-5.692898988723755,0.6748161315917969,27.290690660476685,False
-5.692898988723755,0.6748161315917969,27.290690660476685,False
-5.692898988723755,0.6748161315917969,27.290690660476685,False
-5.692898988723755,0.6748161315917969,27.290690660476685,False
-5.692898988723755,0.6748161315917969,27.290690660476685,False
-5.692898988723755,0.6748161315917969,27.290690660476685,False
-5.692898988723755,0.6748161315917969,27.290690660476685,False
-5.692898988723755,0.6748161315917969,27.290690660476685,False
-5.692898988723755,0.6748161315917969,27.290690660476685,False
-5.692898988723755,0.6748161315917969,27.290690660476685,False
-5.692898988723755,0.6748161315917969,27.290690660476685,False
-5.692898988723755,0.6748161315917969,27.290690660476685,False
-5.692898988723755,0.6748161315917969,27.290690660476685,False
-5.692898988723755,0.6748161315917969,27.290690660476685,False
-5.692898988723755,0.6748161315917969,27.290690660476685,False
-5.692898988723755,0.6748161315917969,27.290690660476685,False
-5.692898988723755,0.6748161315917969,27.290690660476685,False
-5.692898988723755,0.6748161315917969,27.290690660476685,False
-5.692898988723755,0.6748161315917969,27.290690660476685,False
-5.692898988723755,0.6748161315917969,27.290690660476685,False
-5.692898988723755,0.6748161315917969,27.290690660476685,False
-5.692898988723755,0.6748161315917969,27.290690660476685,False
-5.692898988723755,0.6748161315917969,27.290690660476685,False
-5.692898988723755,0.6748161315917969,27.290690660476685,False
-5.692898988723755,0.6748161315917969,27.290690660476685,False
-5.692898988723755,0.6748161315917969,27.290690660476685,False
-5.692898988723755,0.6748161315917969,27.290690660476685,False
-5.692898988723755,0.6748161315917969,27.290690660476685,False
-5.692898988723755,0.6748161315917969,27.290690660476685,False
-5.692898988723755,0.6748161315917969,27.290690660476685,False
-5.692898988723755,0.6748161315917969,27.290690660476685,False
-5.692898988723755,0.6748161315917969,27.290690660476685,False
-5.692898988723755,0.6748161315917969,27.290690660476685,False
-5.692898988723755,0.6748161315917969,27.290690660476685,False
-5.692898988723755,0.6748161315917969,27.290690660476685,False
-5.692898988723755,0.6748161315917969,27.290690660476685,False
-5.692898988723755,0.6748161315917969,27.290690660476685,False
-5.692898988723755,0.6748161315917969,27.290690660476685,False
-5.692898988723755,0.6748161315917969,27.290690660476685,False
-5.692898988723755,0.6748161315917969,27.290690660476685,False
-5.692898988723755,0.6748161315917969,27.290690660476685,False
-5.692898988723755,0.6748161315917969,27.290690660476685,False
-5.692898988723755,0.6748161315917969,27.290690660476685,False
-5.692898988723755,0.6748161315917969,27.290690660476685,False
-5.692898988723755,0.6748161315917969,27.290690660476685,False
-5.692898988723755,0.6748161315917969,27.290690660476685,False
-5.692898988723755,0.6748161315917969,27.290690660476685,False
-5.692898988723755,0.6748161315917969,27.290690660476685,False
-5.692898988723755,0.6748161315917969,27.290690660476685,False
-5.692898988723755,0.6748161315917969,27.290690660476685,False
-5.692898988723755,0.6748161315917969,27.290690660476685,False
-5.692898988723755,0.6748161315917969,27.290690660476685,False
-5.692898988723755,0.6748161315917969,27.290690660476685,False
-5.692898988723755,0.6748161315917969,27.290690660476685,False
-5.692898988723755,0.6748161315917969,27.290690660476685,False
-5.692898988723755,0.6748161315917969,27.290690660476685,False
-5.692898988723755,0.6748161315917969,27.290690660476685,False
-5.692898988723755,0.6748161315917969,27.290690660476685,False
-5.692898988723755,0.6748161315917969,27.290690660476685,False
-5.692898988723755,0.6748161315917969,27.290690660476685,False
-5.692898988723755,0.6748161315917969,27.290690660476685,False
-5.692898988723755,0.6748161315917969,27.290690660476685,False
-5.692898988723755,0.6748161315917969,27.290690660476685,False
-5.692898988723755,0.6748161315917969,27.290690660476685,False
-5.692898988723755,0.6748161315917969,27.290690660476685,False
-5.692898988723755,0.6748161315917969,27.290690660476685,False
-5.692898988723755,0.6748161315917969,27.290690660476685,False
-5.692898988723755,0.6748161315917969,27.290690660476685,False
-5.692898988723755,0.6748161315917969,27.290690660476685,False
-5.692898988723755,0.6748161315917969,27.290690660476685,False
-5.692898988723755,0.6748161315917969,27.290690660476685,False
-5.692898988723755,0.6748161315917969,27.290690660476685,False
-5.692898988723755,0.6748161315917969,27.290690660476685,False
-5.692898988723755,0.6748161315917969,27.290690660476685,False
-5.692898988723755,0.6748161315917969,27.290690660476685,False
-5.692898988723755,0.6748161315917969,27.290690660476685,False
-5.692898988723755,0.6748161315917969,27.290690660476685,False
-5.692898988723755,0.6748161315917969,27.290690660476685,False
-5.692898988723755,0.6748161315917969,27.290690660476685,False
-5.692898988723755,0.6748161315917969,27.290690660476685,False
-5.692898988723755,0.6748161315917969,27.290690660476685,False
-5.692898988723755,0.6748161315917969,27.290690660476685,False
-5.692898988723755,0.6748161315917969,27.290690660476685,False
-5.692898988723755,0.6748161315917969,27.290690660476685,False
-5.692898988723755,0.6748161315917969,27.290690660476685,False
-5.692898988723755,0.6748161315917969,27.290690660476685,False
-5.692898988723755,0.6748161315917969,27.290690660476685,False
-5.692898988723755,0.6748161315917969,27.290690660476685,False
-5.692898988723755,0.6748161315917969,27.290690660476685,False
-5.692898988723755,0.6748161315917969,27.290690660476685,False
-5.692898988723755,0.6748161315917969,27.290690660476685,False
-5.692898988723755,0.6748161315917969,27.290690660476685,False
-5.692898988723755,0.6748161315917969,27.290690660476685,False
-5.692898988723755,0.6748161315917969,27.290690660476685,False
-5.692898988723755,0.6748161315917969,27.290690660476685,False
-5.692898988723755,0.6748161315917969,27.290690660476685,False
-5.692898988723755,0.6748161315917969,27.290690660476685,False
-5.692898988723755,0.6748161315917969,27.290690660476685,False
-5.692898988723755,0.6748161315917969,27.290690660476685,False
-5.692898988723755,0.6748161315917969,27.290690660476685,False
-5.692898988723755,0.6748161315917969,27.290690660476685,False
-5.692898988723755,0.6748161315917969,27.290690660476685,False
-5.692898988723755,0.6748161315917969,27.290690660476685,False
-5.692898988723755,0.6748161315917969,27.290690660476685,False
-5.692898988723755,0.6748161315917969,27.290690660476685,False
-5.692898988723755,0.6748161315917969,27.290690660476685,False
-5.692898988723755,0.6748161315917969,27.290690660476685,False
-5.692898988723755,0.6748161315917969,27.290690660476685,False
-5.692898988723755,0.6748161315917969,27.290690660476685,False
-5.692898988723755,0.6748161315917969,27.290690660476685,False
-5.692898988723755,0.6748161315917969,27.290690660476685,False
-5.692898988723755,0.6748161315917969,27.290690660476685,False
-5.692898988723755,0.6748161315917969,27.290690660476685,False
-5.692898988723755,0.6748161315917969,27.290690660476685,False
-5.692898988723755,0.6748161315917969,27.290690660476685,False
-5.692898988723755,0.6748161315917969,27.290690660476685,False
-5.692898988723755,0.6748161315917969,27.290690660476685,False
-5.692898988723755,0.6748161315917969,27.290690660476685,False
-5.692898988723755,0.6748161315917969,27.290690660476685,False
-5.692898988723755,0.6748161315917969,27.290690660476685,False
-5.692898988723755,0.6748161315917969,27.290690660476685,False
-5.692898988723755,0.6748161315917969,27.290690660476685,False
-5.692898988723755,0.6748161315917969,27.290690660476685,False
-5.692898988723755,0.6748161315917969,27.290690660476685,False
-5.692898988723755,0.6748161315917969,27.290690660476685,False
-5.692898988723755,0.6748161315917969,27.290690660476685,False
-5.692898988723755,0.6748161315917969,27.290690660476685,False
-5.692898988723755,0.6748161315917969,27.290690660476685,False
-5.692898988723755,0.6748161315917969,27.290690660476685,False
-5.692898988723755,0.6748161315917969,27.290690660476685,False
-5.692898988723755,0.6748161315917969,27.290690660476685,False
-5.692898988723755,0.6748161315917969,27.290690660476685,False
-5.692898988723755,0.6748161315917969,27.290690660476685,False
-5.692898988723755,0.6748161315917969,27.290690660476685,False
-5.692898988723755,0.6748161315917969,27.290690660476685,False
-5.692898988723755,0.6748161315917969,27.290690660476685,False
-5.692898988723755,0.6748161315917969,27.290690660476685,False
-5.692898988723755,0.6748161315917969,27.290690660476685,False
-5.692898988723755,0.6748161315917969,27.290690660476685,False
-5.692898988723755,0.6748161315917969,27.290690660476685,False
-5.692898988723755,0.6748161315917969,27.290690660476685,False
-5.692898988723755,0.6748161315917969,27.290690660476685,False
-5.692898988723755,0.6748161315917969,27.290690660476685,False
-5.692898988723755,0.6748161315917969,27.290690660476685,False
-5.692898988723755,0.6748161315917969,27.290690660476685,False
-5.692898988723755,0.6748161315917969,27.290690660476685,False
-5.692898988723755,0.6748161315917969,27.290690660476685,False
-5.692898988723755,0.6748161315917969,27.290690660476685,False
-5.692898988723755,0.6748161315917969,27.290690660476685,False
-5.692898988723755,0.6748161315917969,27.290690660476685,False
-5.692898988723755,0.6748161315917969,27.290690660476685,False
-5.692898988723755,0.6748161315917969,27.290690660476685,False
-5.692898988723755,0.6748161315917969,27.290690660476685,False
-5.692898988723755,0.6748161315917969,27.290690660476685,False
-5.692898988723755,0.6748161315917969,27.290690660476685,False
-5.692898988723755,0.6748161315917969,27.290690660476685,False
-5.692898988723755,0.6748161315917969,27.290690660476685,False
-5.692898988723755,0.6748161315917969,27.290690660476685,False
-5.692898988723755,0.6748161315917969,27.290690660476685,False
-5.692898988723755,0.6748161315917969,27.290690660476685,False
-5.692898988723755,0.6748161315917969,27.290690660476685,False
-5.692898988723755,0.6748161315917969,27.290690660476685,False
-5.692898988723755,0.6748161315917969,27.290690660476685,False
-5.692898988723755,0.6748161315917969,27.290690660476685,False
-5.692898988723755,0.6748161315917969,27.290690660476685,False
-5.692898988723755,0.6748161315917969,27.290690660476685,False
-5.692898988723755,0.6748161315917969,27.290690660476685,False
-5.692898988723755,0.6748161315917969,27.290690660476685,False
-5.692898988723755,0.6748161315917969,27.290690660476685,False
-5.692898988723755,0.6748161315917969,27.290690660476685,False
-5.692898988723755,0.6748161315917969,27.290690660476685,False
-5.692898988723755,0.6748161315917969,27.290690660476685,False
-5.692898988723755,0.6748161315917969,27.290690660476685,False
-5.692898988723755,0.6748161315917969,27.290690660476685,False
-5.692898988723755,0.6748161315917969,27.290690660476685,False
-5.692898988723755,0.6748161315917969,27.290690660476685,False
-5.692898988723755,0.6748161315917969,27.290690660476685,False
-5.692898988723755,0.6748161315917969,27.290690660476685,False
-5.692898988723755,0.6748161315917969,27.290690660476685,False
-5.692898988723755,0.6748161315917969,27.290690660476685,False
-5.692898988723755,0.6748161315917969,27.290690660476685,False
-5.692898988723755,0.6748161315917969,27.290690660476685,False
-5.692898988723755,0.6748161315917969,27.290690660476685,False
-5.692898988723755,0.6748161315917969,27.290690660476685,False
-5.692898988723755,0.6748161315917969,27.290690660476685,False
-5.692898988723755,0.6748161315917969,27.290690660476685,False
-5.692898988723755,0.6748161315917969,27.290690660476685,False
-5.692898988723755,0.6748161315917969,27.290690660476685,False
-5.692898988723755,0.6748161315917969,27.290690660476685,False
-5.692898988723755,0.6748161315917969,27.290690660476685,False
-5.692898988723755,0.6748161315917969,27.290690660476685,False
-5.692898988723755,0.6748161315917969,27.290690660476685,False
-5.692898988723755,0.6748161315917969,27.290690660476685,False
-5.692898988723755,0.6748161315917969,27.290690660476685,False
-5.692898988723755,0.6748161315917969,27.290690660476685,False
-5.692898988723755,0.6748161315917969,27.290690660476685,False
-5.692898988723755,0.6748161315917969,27.290690660476685,False
-5.692898988723755,0.6748161315917969,27.290690660476685,False
-5.692898988723755,0.6748161315917969,27.290690660476685,False
-5.692898988723755,0.6748161315917969,27.290690660476685,False
-5.692898988723755,0.6748161315917969,27.290690660476685,False
-5.692898988723755,0.6748161315917969,27.290690660476685,False
-5.692898988723755,0.6748161315917969,27.290690660476685,False
-5.692898988723755,0.6748161315917969,27.290690660476685,False
-5.692898988723755,0.6748161315917969,27.290690660476685,False
-5.692898988723755,0.6748161315917969,27.290690660476685,False
-5.692898988723755,0.6748161315917969,27.290690660476685,False
-5.692898988723755,0.6748161315917969,27.290690660476685,False
-5.692898988723755,0.6748161315917969,27.290690660476685,False
-5.692898988723755,0.6748161315917969,27.290690660476685,False
-5.692898988723755,0.6748161315917969,27.290690660476685,False
-5.692898988723755,0.6748161315917969,27.290690660476685,False
-5.692898988723755,0.6748161315917969,27.290690660476685,False
-5.692898988723755,0.6748161315917969,27.290690660476685,False
-5.692898988723755,0.6748161315917969,27.290690660476685,False
-5.692898988723755,0.6748161315917969,27.290690660476685,False
-5.692898988723755,0.6748161315917969,27.290690660476685,False
-5.692898988723755,0.6748161315917969,27.290690660476685,False
-5.692898988723755,0.6748161315917969,27.290690660476685,False
-5.692898988723755,0.6748161315917969,27.290690660476685,False
-5.692898988723755,0.6748161315917969,27.290690660476685,False
-5.692898988723755,0.6748161315917969,27.290690660476685,False
-5.692898988723755,0.6748161315917969,27.290690660476685,False
-5.692898988723755,0.6748161315917969,27.290690660476685,False
-5.692898988723755,0.6748161315917969,27.290690660476685,False
-5.692898988723755,0.6748161315917969,27.290690660476685,False
-5.692898988723755,0.6748161315917969,27.290690660476685,False
-5.692898988723755,0.6748161315917969,27.290690660476685,False
-5.692898988723755,0.6748161315917969,27.290690660476685,False
-5.692898988723755,0.6748161315917969,27.290690660476685,False
-5.692898988723755,0.6748161315917969,27.290690660476685,False
-5.692898988723755,0.6748161315917969,27.290690660476685,False
-5.692898988723755,0.6748161315917969,27.290690660476685,False
-5.692898988723755,0.6748161315917969,27.290690660476685,False
-5.692898988723755,0.6748161315917969,27.290690660476685,False
-5.692898988723755,0.6748161315917969,27.290690660476685,False
-5.692898988723755,0.6748161315917969,27.290690660476685,False
-5.692898988723755,0.6748161315917969,27.290690660476685,False
-5.692898988723755,0.6748161315917969,27.290690660476685,False
-5.692898988723755,0.6748161315917969,27.290690660476685,False
-5.692898988723755,0.6748161315917969,27.290690660476685,False
-5.692898988723755,0.6748161315917969,27.290690660476685,False
-5.692898988723755,0.6748161315917969,27.290690660476685,False
-5.692898988723755,0.6748161315917969,27.290690660476685,False
-5.692898988723755,0.6748161315917969,27.290690660476685,False
-5.692898988723755,0.6748161315917969,27.290690660476685,False
-5.692898988723755,0.6748161315917969,27.290690660476685,False
-5.692898988723755,0.6748161315917969,27.290690660476685,False
-5.692898988723755,0.6748161315917969,27.290690660476685,False
-5.692898988723755,0.6748161315917969,27.290690660476685,False
-5.692898988723755,0.6748161315917969,27.290690660476685,False
-5.692898988723755,0.6748161315917969,27.290690660476685,False
-5.692898988723755,0.6748161315917969,27.290690660476685,False
-5.692898988723755,0.6748161315917969,27.290690660476685,False
-5.692898988723755,0.6748161315917969,27.290690660476685,False
-5.692898988723755,0.6748161315917969,27.290690660476685,False
-5.692898988723755,0.6748161315917969,27.290690660476685,False
-5.692898988723755,0.6748161315917969,27.290690660476685,False
-5.692898988723755,0.6748161315917969,27.290690660476685,False
-5.692898988723755,0.6748161315917969,27.290690660476685,False
-5.692898988723755,0.6748161315917969,27.290690660476685,False
-5.692898988723755,0.6748161315917969,27.290690660476685,False
-5.692898988723755,0.6748161315917969,27.290690660476685,False
-5.692898988723755,0.6748161315917969,27.290690660476685,False
-5.692898988723755,0.6748161315917969,27.290690660476685,False
-5.692898988723755,0.6748161315917969,27.290690660476685,False
-5.692898988723755,0.6748161315917969,27.290690660476685,False
-5.692898988723755,0.6748161315917969,27.290690660476685,False
-5.692898988723755,0.6748161315917969,27.290690660476685,False
-5.692898988723755,0.6748161315917969,27.290690660476685,False
-5.692898988723755,0.6748161315917969,27.290690660476685,False
-5.692898988723755,0.6748161315917969,27.290690660476685,False
-5.692898988723755,0.6748161315917969,27.290690660476685,False
-5.692898988723755,0.6748161315917969,27.290690660476685,False
-5.692898988723755,0.6748161315917969,27.290690660476685,False
-5.692898988723755,0.6748161315917969,27.290690660476685,False
-5.692898988723755,0.6748161315917969,27.290690660476685,False
-5.692898988723755,0.6748161315917969,27.290690660476685,False
-5.692898988723755,0.6748161315917969,27.290690660476685,False
-5.692898988723755,0.6748161315917969,27.290690660476685,False
-5.692898988723755,0.6748161315917969,27.290690660476685,False
-5.692898988723755,0.6748161315917969,27.290690660476685,False
-5.692898988723755,0.6748161315917969,27.290690660476685,False
-5.692898988723755,0.6748161315917969,27.290690660476685,False
-5.692898988723755,0.6748161315917969,27.290690660476685,False
-5.692898988723755,0.6748161315917969,27.290690660476685,False
-5.692898988723755,0.6748161315917969,27.290690660476685,False
-5.692898988723755,0.6748161315917969,27.290690660476685,False
-5.692898988723755,0.6748161315917969,27.290690660476685,False
-5.692898988723755,0.6748161315917969,27.290690660476685,False
-5.692898988723755,0.6748161315917969,27.290690660476685,False
-5.692898988723755,0.6748161315917969,27.290690660476685,False
-5.692898988723755,0.6748161315917969,27.290690660476685,False
-5.692898988723755,0.6748161315917969,27.290690660476685,False
-5.692898988723755,0.6748161315917969,27.290690660476685,False
-5.692898988723755,0.6748161315917969,27.290690660476685,False
-5.692898988723755,0.6748161315917969,27.290690660476685,False
-5.692898988723755,0.6748161315917969,27.290690660476685,False
-5.692898988723755,0.6748161315917969,27.290690660476685,False
-5.692898988723755,0.6748161315917969,27.290690660476685,False
-5.692898988723755,0.6748161315917969,27.290690660476685,False
-5.692898988723755,0.6748161315917969,27.290690660476685,False
-5.692898988723755,0.6748161315917969,27.290690660476685,False
-5.692898988723755,0.6748161315917969,27.290690660476685,False
-5.692898988723755,0.6748161315917969,27.290690660476685,False
-5.692898988723755,0.6748161315917969,27.290690660476685,False
-5.692898988723755,0.6748161315917969,27.290690660476685,False
-5.692898988723755,0.6748161315917969,27.290690660476685,False
-5.692898988723755,0.6748161315917969,27.290690660476685,False
-5.692898988723755,0.6748161315917969,27.290690660476685,False
-5.692898988723755,0.6748161315917969,27.290690660476685,False
-5.692898988723755,0.6748161315917969,27.290690660476685,False
-5.692898988723755,0.6748161315917969,27.290690660476685,False
-5.692898988723755,0.6748161315917969,27.290690660476685,False
-5.692898988723755,0.6748161315917969,27.290690660476685,False
-5.692898988723755,0.6748161315917969,27.290690660476685,False
-5.692898988723755,0.6748161315917969,27.290690660476685,False
-5.692898988723755,0.6748161315917969,27.290690660476685,False
-5.692898988723755,0.6748161315917969,27.290690660476685,False
-5.692898988723755,0.6748161315917969,27.290690660476685,False
-5.692898988723755,0.6748161315917969,27.290690660476685,False
-5.692898988723755,0.6748161315917969,27.290690660476685,False
-5.692898988723755,0.6748161315917969,27.290690660476685,False
-5.692898988723755,0.6748161315917969,27.290690660476685,False
-5.692898988723755,0.6748161315917969,27.290690660476685,False
-5.692898988723755,0.6748161315917969,27.290690660476685,False
-5.692898988723755,0.6748161315917969,27.290690660476685,False
-5.692898988723755,0.6748161315917969,27.290690660476685,False
-5.692898988723755,0.6748161315917969,27.290690660476685,False
-5.692898988723755,0.6748161315917969,27.290690660476685,False
-5.692898988723755,0.6748161315917969,27.290690660476685,False
-5.692898988723755,0.6748161315917969,27.290690660476685,False
-5.692898988723755,0.6748161315917969,27.290690660476685,False
-5.692898988723755,0.6748161315917969,27.290690660476685,False
-5.692898988723755,0.6748161315917969,27.290690660476685,False
-5.692898988723755,0.6748161315917969,27.290690660476685,False
-5.692898988723755,0.6748161315917969,27.290690660476685,False
-5.692898988723755,0.6748161315917969,27.290690660476685,False
-5.692898988723755,0.6748161315917969,27.290690660476685,False
-5.692898988723755,0.6748161315917969,27.290690660476685,False
-5.692898988723755,0.6748161315917969,27.290690660476685,False
-5.692898988723755,0.6748161315917969,27.290690660476685,False
-5.692898988723755,0.6748161315917969,27.290690660476685,False
-5.692898988723755,0.6748161315917969,27.290690660476685,False
-5.692898988723755,0.6748161315917969,27.290690660476685,False
-5.692898988723755,0.6748161315917969,27.290690660476685,False
-5.692898988723755,0.6748161315917969,27.290690660476685,False
-5.692898988723755,0.6748161315917969,27.290690660476685,False
-5.692898988723755,0.6748161315917969,27.290690660476685,False
-5.692898988723755,0.6748161315917969,27.290690660476685,False
-5.692898988723755,0.6748161315917969,27.290690660476685,False
-5.692898988723755,0.6748161315917969,27.290690660476685,False
-5.692898988723755,0.6748161315917969,27.290690660476685,False
-5.692898988723755,0.6748161315917969,27.290690660476685,False
-5.692898988723755,0.6748161315917969,27.290690660476685,False
-5.692898988723755,0.6748161315917969,27.290690660476685,False
-5.692898988723755,0.6748161315917969,27.290690660476685,False
-5.692898988723755,0.6748161315917969,27.290690660476685,False
-5.692898988723755,0.6748161315917969,27.290690660476685,False
-5.692898988723755,0.6748161315917969,27.290690660476685,False
-5.692898988723755,0.6748161315917969,27.290690660476685,False
-5.692898988723755,0.6748161315917969,27.290690660476685,False
-5.692898988723755,0.6748161315917969,27.290690660476685,False
-5.692898988723755,0.6748161315917969,27.290690660476685,False
-5.692898988723755,0.6748161315917969,27.290690660476685,False
-5.692898988723755,0.6748161315917969,27.290690660476685,False
-5.692898988723755,0.6748161315917969,27.290690660476685,False
-5.692898988723755,0.6748161315917969,27.290690660476685,False
-5.692898988723755,0.6748161315917969,27.290690660476685,False
-5.692898988723755,0.6748161315917969,27.290690660476685,False
-5.692898988723755,0.6748161315917969,27.290690660476685,False
-5.692898988723755,0.6748161315917969,27.290690660476685,False
-5.692898988723755,0.6748161315917969,27.290690660476685,False
-5.692898988723755,0.6748161315917969,27.290690660476685,False
-5.692898988723755,0.6748161315917969,27.290690660476685,False
-5.692898988723755,0.6748161315917969,27.290690660476685,False
-5.692898988723755,0.6748161315917969,27.290690660476685,False
-5.692898988723755,0.6748161315917969,27.290690660476685,False
-5.692898988723755,0.6748161315917969,27.290690660476685,False
-5.692898988723755,0.6748161315917969,27.290690660476685,False
-5.692898988723755,0.6748161315917969,27.290690660476685,False
-5.692898988723755,0.6748161315917969,27.290690660476685,False
-5.692898988723755,0.6748161315917969,27.290690660476685,False
-5.692898988723755,0.6748161315917969,27.290690660476685,False
-5.692898988723755,0.6748161315917969,27.290690660476685,False
-5.692898988723755,0.6748161315917969,27.290690660476685,False
-5.692898988723755,0.6748161315917969,27.290690660476685,False
-5.692898988723755,0.6748161315917969,27.290690660476685,False
-5.692898988723755,0.6748161315917969,27.290690660476685,False
-5.692898988723755,0.6748161315917969,27.290690660476685,False
-5.692898988723755,0.6748161315917969,27.290690660476685,False
-5.692898988723755,0.6748161315917969,27.290690660476685,False
-5.692898988723755,0.6748161315917969,27.290690660476685,False
-5.692898988723755,0.6748161315917969,27.290690660476685,False
-5.692898988723755,0.6748161315917969,27.290690660476685,False
-5.692898988723755,0.6748161315917969,27.290690660476685,False
-5.692898988723755,0.6748161315917969,27.290690660476685,False
-5.692898988723755,0.6748161315917969,27.290690660476685,False
-5.692898988723755,0.6748161315917969,27.290690660476685,False
-5.692898988723755,0.6748161315917969,27.290690660476685,False
-5.692898988723755,0.6748161315917969,27.290690660476685,False
-5.692898988723755,0.6748161315917969,27.290690660476685,False
-5.692898988723755,0.6748161315917969,27.290690660476685,False
-5.692898988723755,0.6748161315917969,27.290690660476685,False
-5.692898988723755,0.6748161315917969,27.290690660476685,False
-5.692898988723755,0.6748161315917969,27.290690660476685,False
-5.692898988723755,0.6748161315917969,27.290690660476685,False
-5.692898988723755,0.6748161315917969,27.290690660476685,False
-5.692898988723755,0.6748161315917969,27.290690660476685,False
-5.692898988723755,0.6748161315917969,27.290690660476685,False
-5.692898988723755,0.6748161315917969,27.290690660476685,False
-5.692898988723755,0.6748161315917969,27.290690660476685,False
-5.692898988723755,0.6748161315917969,27.290690660476685,False
-5.692898988723755,0.6748161315917969,27.290690660476685,False
-5.692898988723755,0.6748161315917969,27.290690660476685,False
-5.692898988723755,0.6748161315917969,27.290690660476685,False
-5.692898988723755,0.6748161315917969,27.290690660476685,False
-5.692898988723755,0.6748161315917969,27.290690660476685,False
-5.692898988723755,0.6748161315917969,27.290690660476685,False
-5.692898988723755,0.6748161315917969,27.290690660476685,False
-5.692898988723755,0.6748161315917969,27.290690660476685,False
-5.692898988723755,0.6748161315917969,27.290690660476685,False
-5.692898988723755,0.6748161315917969,27.290690660476685,False
-5.692898988723755,0.6748161315917969,27.290690660476685,False
-5.692898988723755,0.6748161315917969,27.290690660476685,False
-5.692898988723755,0.6748161315917969,27.290690660476685,False
-5.692898988723755,0.6748161315917969,27.290690660476685,False
-5.692898988723755,0.6748161315917969,27.290690660476685,False
-5.692898988723755,0.6748161315917969,27.290690660476685,False
-5.692898988723755,0.6748161315917969,27.290690660476685,False
-5.692898988723755,0.6748161315917969,27.290690660476685,False
-5.692898988723755,0.6748161315917969,27.290690660476685,False
-5.692898988723755,0.6748161315917969,27.290690660476685,False
-5.692898988723755,0.6748161315917969,27.290690660476685,False
-5.692898988723755,0.6748161315917969,27.290690660476685,False
-5.692898988723755,0.6748161315917969,27.290690660476685,False
-5.692898988723755,0.6748161315917969,27.290690660476685,False
-5.692898988723755,0.6748161315917969,27.290690660476685,False
-5.692898988723755,0.6748161315917969,27.290690660476685,False
-5.692898988723755,0.6748161315917969,27.290690660476685,False
-5.692898988723755,0.6748161315917969,27.290690660476685,False
-5.692898988723755,0.6748161315917969,27.290690660476685,False
-5.692898988723755,0.6748161315917969,27.290690660476685,False
-5.692898988723755,0.6748161315917969,27.290690660476685,False
-5.692898988723755,0.6748161315917969,27.290690660476685,False
-5.692898988723755,0.6748161315917969,27.290690660476685,False
-5.692898988723755,0.6748161315917969,27.290690660476685,False
-5.692898988723755,0.6748161315917969,27.290690660476685,False
-5.692898988723755,0.6748161315917969,27.290690660476685,False
-5.692898988723755,0.6748161315917969,27.290690660476685,False
-5.692898988723755,0.6748161315917969,27.290690660476685,False
-5.692898988723755,0.6748161315917969,27.290690660476685,False
-5.692898988723755,0.6748161315917969,27.290690660476685,False
-5.692898988723755,0.6748161315917969,27.290690660476685,False
-5.692898988723755,0.6748161315917969,27.290690660476685,False
-5.692898988723755,0.6748161315917969,27.290690660476685,False
-5.692898988723755,0.6748161315917969,27.290690660476685,False
-5.692898988723755,0.6748161315917969,27.290690660476685,False
-5.692898988723755,0.6748161315917969,27.290690660476685,False
-5.692898988723755,0.6748161315917969,27.290690660476685,False
-5.692898988723755,0.6748161315917969,27.290690660476685,False
-5.692898988723755,0.6748161315917969,27.290690660476685,False
-5.692898988723755,0.6748161315917969,27.290690660476685,False
-5.692898988723755,0.6748161315917969,27.290690660476685,False
-5.692898988723755,0.6748161315917969,27.290690660476685,False
-5.692898988723755,0.6748161315917969,27.290690660476685,False
-5.692898988723755,0.6748161315917969,27.290690660476685,False
-5.692898988723755,0.6748161315917969,27.290690660476685,False
-5.692898988723755,0.6748161315917969,27.290690660476685,False
-5.692898988723755,0.6748161315917969,27.290690660476685,False
-5.692898988723755,0.6748161315917969,27.290690660476685,False
-5.692898988723755,0.6748161315917969,27.290690660476685,False
-5.692898988723755,0.6748161315917969,27.290690660476685,False
-5.692898988723755,0.6748161315917969,27.290690660476685,False
-5.692898988723755,0.6748161315917969,27.290690660476685,False
-5.692898988723755,0.6748161315917969,27.290690660476685,False
-5.692898988723755,0.6748161315917969,27.290690660476685,False
-5.692898988723755,0.6748161315917969,27.290690660476685,False
-5.692898988723755,0.6748161315917969,27.290690660476685,False
-5.692898988723755,0.6748161315917969,27.290690660476685,False
-5.692898988723755,0.6748161315917969,27.290690660476685,False
-5.692898988723755,0.6748161315917969,27.290690660476685,False
-5.692898988723755,0.6748161315917969,27.290690660476685,False
-5.692898988723755,0.6748161315917969,27.290690660476685,False
-5.692898988723755,0.6748161315917969,27.290690660476685,False
-5.692898988723755,0.6748161315917969,27.290690660476685,False
-5.692898988723755,0.6748161315917969,27.290690660476685,False
-5.692898988723755,0.6748161315917969,27.290690660476685,False
-5.692898988723755,0.6748161315917969,27.290690660476685,False
-5.692898988723755,0.6748161315917969,27.290690660476685,False
-5.692898988723755,0.6748161315917969,27.290690660476685,False
-5.692898988723755,0.6748161315917969,27.290690660476685,False
-5.692898988723755,0.6748161315917969,27.290690660476685,False
-5.692898988723755,0.6748161315917969,27.290690660476685,False
-5.692898988723755,0.6748161315917969,27.290690660476685,False
-5.692898988723755,0.6748161315917969,27.290690660476685,False
-5.692898988723755,0.6748161315917969,27.290690660476685,False
-5.692898988723755,0.6748161315917969,27.290690660476685,False
-5.692898988723755,0.6748161315917969,27.290690660476685,False
-5.692898988723755,0.6748161315917969,27.290690660476685,False
-5.692898988723755,0.6748161315917969,27.290690660476685,False
-5.692898988723755,0.6748161315917969,27.290690660476685,False
-5.692898988723755,0.6748161315917969,27.290690660476685,False
-5.692898988723755,0.6748161315917969,27.290690660476685,False
-5.692898988723755,0.6748161315917969,27.290690660476685,False
-5.692898988723755,0.6748161315917969,27.290690660476685,False
-5.692898988723755,0.6748161315917969,27.290690660476685,False
-5.692898988723755,0.6748161315917969,27.290690660476685,False
-5.692898988723755,0.6748161315917969,27.290690660476685,False
-5.692898988723755,0.6748161315917969,27.290690660476685,False
-5.692898988723755,0.6748161315917969,27.290690660476685,False
-5.692898988723755,0.6748161315917969,27.290690660476685,False
-5.692898988723755,0.6748161315917969,27.290690660476685,False
-5.692898988723755,0.6748161315917969,27.290690660476685,False
-5.692898988723755,0.6748161315917969,27.290690660476685,False
-5.692898988723755,0.6748161315917969,27.290690660476685,False
-5.692898988723755,0.6748161315917969,27.290690660476685,False
-5.692898988723755,0.6748161315917969,27.290690660476685,False
-5.692898988723755,0.6748161315917969,27.290690660476685,False
-5.692898988723755,0.6748161315917969,27.290690660476685,False
-5.692898988723755,0.6748161315917969,27.290690660476685,False
-5.692898988723755,0.6748161315917969,27.290690660476685,False
-5.692898988723755,0.6748161315917969,27.290690660476685,False
-5.692898988723755,0.6748161315917969,27.290690660476685,False
-5.692898988723755,0.6748161315917969,27.290690660476685,False
-5.692898988723755,0.6748161315917969,27.290690660476685,False
-5.692898988723755,0.6748161315917969,27.290690660476685,False
-5.692898988723755,0.6748161315917969,27.290690660476685,False
-5.692898988723755,0.6748161315917969,27.290690660476685,False
-5.692898988723755,0.6748161315917969,27.290690660476685,False
-5.692898988723755,0.6748161315917969,27.290690660476685,False
-5.692898988723755,0.6748161315917969,27.290690660476685,False
-5.692898988723755,0.6748161315917969,27.290690660476685,False
-5.692898988723755,0.6748161315917969,27.290690660476685,False
-5.692898988723755,0.6748161315917969,27.290690660476685,False
-5.692898988723755,0.6748161315917969,27.290690660476685,False
-5.692898988723755,0.6748161315917969,27.290690660476685,False
-5.692898988723755,0.6748161315917969,27.290690660476685,False
-5.692898988723755,0.6748161315917969,27.290690660476685,False
-5.692898988723755,0.6748161315917969,27.290690660476685,False
-5.692898988723755,0.6748161315917969,27.290690660476685,False
-5.692898988723755,0.6748161315917969,27.290690660476685,False
-5.692898988723755,0.6748161315917969,27.290690660476685,False
-5.692898988723755,0.6748161315917969,27.290690660476685,False
-5.692898988723755,0.6748161315917969,27.290690660476685,False
-5.692898988723755,0.6748161315917969,27.290690660476685,False
-5.692898988723755,0.6748161315917969,27.290690660476685,False
-5.692898988723755,0.6748161315917969,27.290690660476685,False
-5.692898988723755,0.6748161315917969,27.290690660476685,False
-5.692898988723755,0.6748161315917969,27.290690660476685,False
-5.692898988723755,0.6748161315917969,27.290690660476685,False
-5.692898988723755,0.6748161315917969,27.290690660476685,False
-5.692898988723755,0.6748161315917969,27.290690660476685,False
-5.692898988723755,0.6748161315917969,27.290690660476685,False
-5.692898988723755,0.6748161315917969,27.290690660476685,False
-5.692898988723755,0.6748161315917969,27.290690660476685,False
-5.692898988723755,0.6748161315917969,27.290690660476685,False
-5.692898988723755,0.6748161315917969,27.290690660476685,False
-5.692898988723755,0.6748161315917969,27.290690660476685,False
-5.692898988723755,0.6748161315917969,27.290690660476685,False
-5.692898988723755,0.6748161315917969,27.290690660476685,False
-5.692898988723755,0.6748161315917969,27.290690660476685,False
-5.692898988723755,0.6748161315917969,27.290690660476685,False
-5.692898988723755,0.6748161315917969,27.290690660476685,False
-5.692898988723755,0.6748161315917969,27.290690660476685,False
-5.692898988723755,0.6748161315917969,27.290690660476685,False
-5.692898988723755,0.6748161315917969,27.290690660476685,False
-5.692898988723755,0.6748161315917969,27.290690660476685,False
-5.692898988723755,0.6748161315917969,27.290690660476685,False
-5.692898988723755,0.6748161315917969,27.290690660476685,False
-5.692898988723755,0.6748161315917969,27.290690660476685,False
-5.692898988723755,0.6748161315917969,27.290690660476685,False
-5.692898988723755,0.6748161315917969,27.290690660476685,False
-5.692898988723755,0.6748161315917969,27.290690660476685,False
-5.692898988723755,0.6748161315917969,27.290690660476685,False
-5.692898988723755,0.6748161315917969,27.290690660476685,False
-5.692898988723755,0.6748161315917969,27.290690660476685,False
-5.692898988723755,0.6748161315917969,27.290690660476685,False
-5.692898988723755,0.6748161315917969,27.290690660476685,False
-5.692898988723755,0.6748161315917969,27.290690660476685,False
-5.692898988723755,0.6748161315917969,27.290690660476685,False
-5.692898988723755,0.6748161315917969,27.290690660476685,False
-5.692898988723755,0.6748161315917969,27.290690660476685,False
-5.692898988723755,0.6748161315917969,27.290690660476685,False
-5.692898988723755,0.6748161315917969,27.290690660476685,False
-5.692898988723755,0.6748161315917969,27.290690660476685,False
-5.692898988723755,0.6748161315917969,27.290690660476685,False
-5.692898988723755,0.6748161315917969,27.290690660476685,False
-5.692898988723755,0.6748161315917969,27.290690660476685,False
-5.692898988723755,0.6748161315917969,27.290690660476685,False
-5.692898988723755,0.6748161315917969,27.290690660476685,False
-5.692898988723755,0.6748161315917969,27.290690660476685,False
-5.692898988723755,0.6748161315917969,27.290690660476685,False
-5.692898988723755,0.6748161315917969,27.290690660476685,False
-5.692898988723755,0.6748161315917969,27.290690660476685,False
-5.692898988723755,0.6748161315917969,27.290690660476685,False
-5.692898988723755,0.6748161315917969,27.290690660476685,False
-5.692898988723755,0.6748161315917969,27.290690660476685,False
-5.692898988723755,0.6748161315917969,27.290690660476685,False
-5.692898988723755,0.6748161315917969,27.290690660476685,False
-5.692898988723755,0.6748161315917969,27.290690660476685,False
-5.692898988723755,0.6748161315917969,27.290690660476685,False
-5.692898988723755,0.6748161315917969,27.290690660476685,False
-5.692898988723755,0.6748161315917969,27.290690660476685,False
-5.692898988723755,0.6748161315917969,27.290690660476685,False
-5.692898988723755,0.6748161315917969,27.290690660476685,False
-5.692898988723755,0.6748161315917969,27.290690660476685,False
-5.692898988723755,0.6748161315917969,27.290690660476685,False
-5.692898988723755,0.6748161315917969,27.290690660476685,False
-5.692898988723755,0.6748161315917969,27.290690660476685,False
-5.692898988723755,0.6748161315917969,27.290690660476685,False
-5.692898988723755,0.6748161315917969,27.290690660476685,False
-5.692898988723755,0.6748161315917969,27.290690660476685,False
-5.692898988723755,0.6748161315917969,27.290690660476685,False
-5.692898988723755,0.6748161315917969,27.290690660476685,False
-5.692898988723755,0.6748161315917969,27.290690660476685,False
-5.692898988723755,0.6748161315917969,27.290690660476685,False
-5.692898988723755,0.6748161315917969,27.290690660476685,False
-5.692898988723755,0.6748161315917969,27.290690660476685,False
-5.692898988723755,0.6748161315917969,27.290690660476685,False
-5.692898988723755,0.6748161315917969,27.290690660476685,False
-5.692898988723755,0.6748161315917969,27.290690660476685,False
-5.692898988723755,0.6748161315917969,27.290690660476685,False
-5.692898988723755,0.6748161315917969,27.290690660476685,False
-5.692898988723755,0.6748161315917969,27.290690660476685,False
-5.692898988723755,0.6748161315917969,27.290690660476685,False
-5.692898988723755,0.6748161315917969,27.290690660476685,False
-5.692898988723755,0.6748161315917969,27.290690660476685,False
-5.692898988723755,0.6748161315917969,27.290690660476685,False
-5.692898988723755,0.6748161315917969,27.290690660476685,False
-5.692898988723755,0.6748161315917969,27.290690660476685,False
-5.692898988723755,0.6748161315917969,27.290690660476685,False
-5.692898988723755,0.6748161315917969,27.290690660476685,False
-5.692898988723755,0.6748161315917969,27.290690660476685,False
-5.692898988723755,0.6748161315917969,27.290690660476685,False
-5.692898988723755,0.6748161315917969,27.290690660476685,False
-5.692898988723755,0.6748161315917969,27.290690660476685,False
-5.692898988723755,0.6748161315917969,27.290690660476685,False
-5.692898988723755,0.6748161315917969,27.290690660476685,False
-5.692898988723755,0.6748161315917969,27.290690660476685,False
-5.692898988723755,0.6748161315917969,27.290690660476685,False
-5.692898988723755,0.6748161315917969,27.290690660476685,False
-5.692898988723755,0.6748161315917969,27.290690660476685,False
-5.692898988723755,0.6748161315917969,27.290690660476685,False
-5.692898988723755,0.6748161315917969,27.290690660476685,False
-5.692898988723755,0.6748161315917969,27.290690660476685,False
-5.692898988723755,0.6748161315917969,27.290690660476685,False
-5.692898988723755,0.6748161315917969,27.290690660476685,False
-5.692898988723755,0.6748161315917969,27.290690660476685,False
-5.692898988723755,0.6748161315917969,27.290690660476685,False
-5.692898988723755,0.6748161315917969,27.290690660476685,False
-5.692898988723755,0.6748161315917969,27.290690660476685,False
-5.692898988723755,0.6748161315917969,27.290690660476685,False
-5.692898988723755,0.6748161315917969,27.290690660476685,False
-5.692898988723755,0.6748161315917969,27.290690660476685,False
-5.692898988723755,0.6748161315917969,27.290690660476685,False
-5.692898988723755,0.6748161315917969,27.290690660476685,False
-5.692898988723755,0.6748161315917969,27.290690660476685,False
-5.692898988723755,0.6748161315917969,27.290690660476685,False
-5.692898988723755,0.6748161315917969,27.290690660476685,False
-5.692898988723755,0.6748161315917969,27.290690660476685,False
-5.692898988723755,0.6748161315917969,27.290690660476685,False
-5.692898988723755,0.6748161315917969,27.290690660476685,False
-5.692898988723755,0.6748161315917969,27.290690660476685,False
-5.692898988723755,0.6748161315917969,27.290690660476685,False
-5.692898988723755,0.6748161315917969,27.290690660476685,False
-5.692898988723755,0.6748161315917969,27.290690660476685,False
-5.692898988723755,0.6748161315917969,27.290690660476685,False
-5.692898988723755,0.6748161315917969,27.290690660476685,False
-5.692898988723755,0.6748161315917969,27.290690660476685,False
-5.692898988723755,0.6748161315917969,27.290690660476685,False
-5.692898988723755,0.6748161315917969,27.290690660476685,False
-5.692898988723755,0.6748161315917969,27.290690660476685,False
-5.692898988723755,0.6748161315917969,27.290690660476685,False
-5.692898988723755,0.6748161315917969,27.290690660476685,False
-5.692898988723755,0.6748161315917969,27.290690660476685,False
-5.692898988723755,0.6748161315917969,27.290690660476685,False
-5.692898988723755,0.6748161315917969,27.290690660476685,False
-5.692898988723755,0.6748161315917969,27.290690660476685,False
-5.692898988723755,0.6748161315917969,27.290690660476685,False
-5.692898988723755,0.6748161315917969,27.290690660476685,False
-5.692898988723755,0.6748161315917969,27.290690660476685,False
-5.692898988723755,0.6748161315917969,27.290690660476685,False
-5.692898988723755,0.6748161315917969,27.290690660476685,False
-5.692898988723755,0.6748161315917969,27.290690660476685,False
-5.692898988723755,0.6748161315917969,27.290690660476685,False
-5.692898988723755,0.6748161315917969,27.290690660476685,False
-5.692898988723755,0.6748161315917969,27.290690660476685,False
-5.692898988723755,0.6748161315917969,27.290690660476685,False
-5.692898988723755,0.6748161315917969,27.290690660476685,False
-5.692898988723755,0.6748161315917969,27.290690660476685,False
-5.692898988723755,0.6748161315917969,27.290690660476685,False
-5.692898988723755,0.6748161315917969,27.290690660476685,False
-5.692898988723755,0.6748161315917969,27.290690660476685,False
-5.692898988723755,0.6748161315917969,27.290690660476685,False
-5.692898988723755,0.6748161315917969,27.290690660476685,False
-5.692898988723755,0.6748161315917969,27.290690660476685,False
-5.692898988723755,0.6748161315917969,27.290690660476685,False
-5.692898988723755,0.6748161315917969,27.290690660476685,False
-5.692898988723755,0.6748161315917969,27.290690660476685,False
-5.692898988723755,0.6748161315917969,27.290690660476685,False
-5.692898988723755,0.6748161315917969,27.290690660476685,False
-5.692898988723755,0.6748161315917969,27.290690660476685,False
-5.692898988723755,0.6748161315917969,27.290690660476685,False
-5.692898988723755,0.6748161315917969,27.290690660476685,False
-5.692898988723755,0.6748161315917969,27.290690660476685,False
-5.692898988723755,0.6748161315917969,27.290690660476685,False
-5.692898988723755,0.6748161315917969,27.290690660476685,False
-5.692898988723755,0.6748161315917969,27.290690660476685,False
-5.692898988723755,0.6748161315917969,27.290690660476685,False
-5.692898988723755,0.6748161315917969,27.290690660476685,False
-5.692898988723755,0.6748161315917969,27.290690660476685,False
-5.692898988723755,0.6748161315917969,27.290690660476685,False
-5.692898988723755,0.6748161315917969,27.290690660476685,False
-5.692898988723755,0.6748161315917969,27.290690660476685,False
-5.692898988723755,0.6748161315917969,27.290690660476685,False
-5.692898988723755,0.6748161315917969,27.290690660476685,False
-5.692898988723755,0.6748161315917969,27.290690660476685,False
-5.692898988723755,0.6748161315917969,27.290690660476685,False
-5.692898988723755,0.6748161315917969,27.290690660476685,False
-5.692898988723755,0.6748161315917969,27.290690660476685,False
-5.692898988723755,0.6748161315917969,27.290690660476685,False
-5.692898988723755,0.6748161315917969,27.290690660476685,False
-5.692898988723755,0.6748161315917969,27.290690660476685,False
-5.692898988723755,0.6748161315917969,27.290690660476685,False
-5.692898988723755,0.6748161315917969,27.290690660476685,False
-5.692898988723755,0.6748161315917969,27.290690660476685,False
-5.692898988723755,0.6748161315917969,27.290690660476685,False
-5.692898988723755,0.6748161315917969,27.290690660476685,False
-5.692898988723755,0.6748161315917969,27.290690660476685,False
-5.692898988723755,0.6748161315917969,27.290690660476685,False
-5.692898988723755,0.6748161315917969,27.290690660476685,False
-5.692898988723755,0.6748161315917969,27.290690660476685,False
-5.692898988723755,0.6748161315917969,27.290690660476685,False
-5.692898988723755,0.6748161315917969,27.290690660476685,False
-5.692898988723755,0.6748161315917969,27.290690660476685,False
-5.692898988723755,0.6748161315917969,27.290690660476685,False
-5.692898988723755,0.6748161315917969,27.290690660476685,False
-5.692898988723755,0.6748161315917969,27.290690660476685,False
-5.692898988723755,0.6748161315917969,27.290690660476685,False
-5.692898988723755,0.6748161315917969,27.290690660476685,False
-5.692898988723755,0.6748161315917969,27.290690660476685,False
-5.692898988723755,0.6748161315917969,27.290690660476685,False
-5.692898988723755,0.6748161315917969,27.290690660476685,False
-5.692898988723755,0.6748161315917969,27.290690660476685,False
-5.692898988723755,0.6748161315917969,27.290690660476685,False
-5.692898988723755,0.6748161315917969,27.290690660476685,False
-5.692898988723755,0.6748161315917969,27.290690660476685,False
-5.692898988723755,0.6748161315917969,27.290690660476685,False
-5.692898988723755,0.6748161315917969,27.290690660476685,False
-5.692898988723755,0.6748161315917969,27.290690660476685,False
-5.692898988723755,0.6748161315917969,27.290690660476685,False
-5.692898988723755,0.6748161315917969,27.290690660476685,False
-5.692898988723755,0.6748161315917969,27.290690660476685,False
-5.692898988723755,0.6748161315917969,27.290690660476685,False
-5.692898988723755,0.6748161315917969,27.290690660476685,False
-5.692898988723755,0.6748161315917969,27.290690660476685,False
-5.692898988723755,0.6748161315917969,27.290690660476685,False
-5.692898988723755,0.6748161315917969,27.290690660476685,False
-5.692898988723755,0.6748161315917969,27.290690660476685,False
-5.692898988723755,0.6748161315917969,27.290690660476685,False
-5.692898988723755,0.6748161315917969,27.290690660476685,False
-5.692898988723755,0.6748161315917969,27.290690660476685,False
-5.692898988723755,0.6748161315917969,27.290690660476685,False
-5.692898988723755,0.6748161315917969,27.290690660476685,False
-5.692898988723755,0.6748161315917969,27.290690660476685,False
-5.692898988723755,0.6748161315917969,27.290690660476685,False
-5.692898988723755,0.6748161315917969,27.290690660476685,False
-5.692898988723755,0.6748161315917969,27.290690660476685,False
-5.692898988723755,0.6748161315917969,27.290690660476685,False
-5.692898988723755,0.6748161315917969,27.290690660476685,False
-5.692898988723755,0.6748161315917969,27.290690660476685,False
-5.692898988723755,0.6748161315917969,27.290690660476685,False
-5.692898988723755,0.6748161315917969,27.290690660476685,False
-5.692898988723755,0.6748161315917969,27.290690660476685,False
-5.692898988723755,0.6748161315917969,27.290690660476685,False
-5.692898988723755,0.6748161315917969,27.290690660476685,False
-5.692898988723755,0.6748161315917969,27.290690660476685,False
-5.692898988723755,0.6748161315917969,27.290690660476685,False
-5.692898988723755,0.6748161315917969,27.290690660476685,False
-5.692898988723755,0.6748161315917969,27.290690660476685,False
-5.692898988723755,0.6748161315917969,27.290690660476685,False
-5.692898988723755,0.6748161315917969,27.290690660476685,False
-5.692898988723755,0.6748161315917969,27.290690660476685,False
-5.692898988723755,0.6748161315917969,27.290690660476685,False
-5.692898988723755,0.6748161315917969,27.290690660476685,False
-5.692898988723755,0.6748161315917969,27.290690660476685,False
-5.692898988723755,0.6748161315917969,27.290690660476685,False
-5.692898988723755,0.6748161315917969,27.290690660476685,False
-5.692898988723755,0.6748161315917969,27.290690660476685,False
-5.692898988723755,0.6748161315917969,27.290690660476685,False
-5.692898988723755,0.6748161315917969,27.290690660476685,False
-5.692898988723755,0.6748161315917969,27.290690660476685,False
-5.692898988723755,0.6748161315917969,27.290690660476685,False
-5.692898988723755,0.6748161315917969,27.290690660476685,False
-5.692898988723755,0.6748161315917969,27.290690660476685,False
-5.692898988723755,0.6748161315917969,27.290690660476685,False
-5.692898988723755,0.6748161315917969,27.290690660476685,False
-5.692898988723755,0.6748161315917969,27.290690660476685,False
-5.692898988723755,0.6748161315917969,27.290690660476685,False
-5.692898988723755,0.6748161315917969,27.290690660476685,False
-5.692898988723755,0.6748161315917969,27.290690660476685,False
-5.692898988723755,0.6748161315917969,27.290690660476685,False
-5.692898988723755,0.6748161315917969,27.290690660476685,False
-5.692898988723755,0.6748161315917969,27.290690660476685,False
-5.692898988723755,0.6748161315917969,27.290690660476685,False
-5.692898988723755,0.6748161315917969,27.290690660476685,False
-5.692898988723755,0.6748161315917969,27.290690660476685,False
-5.692898988723755,0.6748161315917969,27.290690660476685,False
-5.692898988723755,0.6748161315917969,27.290690660476685,False
-5.692898988723755,0.6748161315917969,27.290690660476685,False
-5.692898988723755,0.6748161315917969,27.290690660476685,False
-5.692898988723755,0.6748161315917969,27.290690660476685,False
-5.692898988723755,0.6748161315917969,27.290690660476685,False
-5.692898988723755,0.6748161315917969,27.290690660476685,False
-5.692898988723755,0.6748161315917969,27.290690660476685,False
-5.692898988723755,0.6748161315917969,27.290690660476685,False
-5.692898988723755,0.6748161315917969,27.290690660476685,False
-5.692898988723755,0.6748161315917969,27.290690660476685,False
-5.692898988723755,0.6748161315917969,27.290690660476685,False
-5.692898988723755,0.6748161315917969,27.290690660476685,False
-5.692898988723755,0.6748161315917969,27.290690660476685,False
-5.692898988723755,0.6748161315917969,27.290690660476685,False
-5.692898988723755,0.6748161315917969,27.290690660476685,False
-5.692898988723755,0.6748161315917969,27.290690660476685,False
-5.692898988723755,0.6748161315917969,27.290690660476685,False
-5.692898988723755,0.6748161315917969,27.290690660476685,False
-5.692898988723755,0.6748161315917969,27.290690660476685,False
-5.692898988723755,0.6748161315917969,27.290690660476685,False
-5.692898988723755,0.6748161315917969,27.290690660476685,False
-5.692898988723755,0.6748161315917969,27.290690660476685,False
-5.692898988723755,0.6748161315917969,27.290690660476685,False
-5.692898988723755,0.6748161315917969,27.290690660476685,False
-5.692898988723755,0.6748161315917969,27.290690660476685,False
-5.692898988723755,0.6748161315917969,27.290690660476685,False
-5.692898988723755,0.6748161315917969,27.290690660476685,False
-5.692898988723755,0.6748161315917969,27.290690660476685,False
-5.692898988723755,0.6748161315917969,27.290690660476685,False
-5.692898988723755,0.6748161315917969,27.290690660476685,False
-5.692898988723755,0.6748161315917969,27.290690660476685,False
-5.692898988723755,0.6748161315917969,27.290690660476685,False
-5.692898988723755,0.6748161315917969,27.290690660476685,False
-5.692898988723755,0.6748161315917969,27.290690660476685,False
-5.692898988723755,0.6748161315917969,27.290690660476685,False
-5.692898988723755,0.6748161315917969,27.290690660476685,False
-5.692898988723755,0.6748161315917969,27.290690660476685,False
-5.692898988723755,0.6748161315917969,27.290690660476685,False
-5.692898988723755,0.6748161315917969,27.290690660476685,False
-5.692898988723755,0.6748161315917969,27.290690660476685,False
-5.692898988723755,0.6748161315917969,27.290690660476685,False
-5.692898988723755,0.6748161315917969,27.290690660476685,False
-5.692898988723755,0.6748161315917969,27.290690660476685,False
-5.692898988723755,0.6748161315917969,27.290690660476685,False
-5.692898988723755,0.6748161315917969,27.290690660476685,False
-5.692898988723755,0.6748161315917969,27.290690660476685,False
-5.692898988723755,0.6748161315917969,27.290690660476685,False
-5.692898988723755,0.6748161315917969,27.290690660476685,False
-5.692898988723755,0.6748161315917969,27.290690660476685,False
-5.692898988723755,0.6748161315917969,27.290690660476685,False
-5.692898988723755,0.6748161315917969,27.290690660476685,False
-5.692898988723755,0.6748161315917969,27.290690660476685,False
-5.692898988723755,0.6748161315917969,27.290690660476685,False
-5.692898988723755,0.6748161315917969,27.290690660476685,False
-5.692898988723755,0.6748161315917969,27.290690660476685,False
-5.692898988723755,0.6748161315917969,27.290690660476685,False
-5.692898988723755,0.6748161315917969,27.290690660476685,False
-5.692898988723755,0.6748161315917969,27.290690660476685,False
-5.692898988723755,0.6748161315917969,27.290690660476685,False
-5.692898988723755,0.6748161315917969,27.290690660476685,False
-5.692898988723755,0.6748161315917969,27.290690660476685,False
-5.692898988723755,0.6748161315917969,27.290690660476685,False
-5.692898988723755,0.6748161315917969,27.290690660476685,False
-5.692898988723755,0.6748161315917969,27.290690660476685,False
-5.692898988723755,0.6748161315917969,27.290690660476685,False
-5.692898988723755,0.6748161315917969,27.290690660476685,False
-5.692898988723755,0.6748161315917969,27.290690660476685,False
-5.692898988723755,0.6748161315917969,27.290690660476685,False
-5.692898988723755,0.6748161315917969,27.290690660476685,False
-5.692898988723755,0.6748161315917969,27.290690660476685,False
-5.692898988723755,0.6748161315917969,27.290690660476685,False
-5.692898988723755,0.6748161315917969,27.290690660476685,False
-5.692898988723755,0.6748161315917969,27.290690660476685,False
-5.692898988723755,0.6748161315917969,27.290690660476685,False
-5.692898988723755,0.6748161315917969,27.290690660476685,False
-5.692898988723755,0.6748161315917969,27.290690660476685,False
-5.692898988723755,0.6748161315917969,27.290690660476685,False
-5.692898988723755,0.6748161315917969,27.290690660476685,False
-5.692898988723755,0.6748161315917969,27.290690660476685,False
-5.692898988723755,0.6748161315917969,27.290690660476685,False
-5.692898988723755,0.6748161315917969,27.290690660476685,False
-5.692898988723755,0.6748161315917969,27.290690660476685,False
-5.692898988723755,0.6748161315917969,27.290690660476685,False
-5.692898988723755,0.6748161315917969,27.290690660476685,False
-5.692898988723755,0.6748161315917969,27.290690660476685,False
-5.692898988723755,0.6748161315917969,27.290690660476685,False
-5.692898988723755,0.6748161315917969,27.290690660476685,False
-5.692898988723755,0.6748161315917969,27.290690660476685,False
-5.692898988723755,0.6748161315917969,27.290690660476685,False
-5.692898988723755,0.6748161315917969,27.290690660476685,False
-5.692898988723755,0.6748161315917969,27.290690660476685,False
-5.692898988723755,0.6748161315917969,27.290690660476685,False
-5.692898988723755,0.6748161315917969,27.290690660476685,False
-5.692898988723755,0.6748161315917969,27.290690660476685,False
-5.692898988723755,0.6748161315917969,27.290690660476685,False
-5.692898988723755,0.6748161315917969,27.290690660476685,False
-5.692898988723755,0.6748161315917969,27.290690660476685,False
-5.692898988723755,0.6748161315917969,27.290690660476685,False
-5.692898988723755,0.6748161315917969,27.290690660476685,False
-5.692898988723755,0.6748161315917969,27.290690660476685,False
-5.692898988723755,0.6748161315917969,27.290690660476685,False
-5.692898988723755,0.6748161315917969,27.290690660476685,False
-5.692898988723755,0.6748161315917969,27.290690660476685,False
-5.692898988723755,0.6748161315917969,27.290690660476685,False
-5.692898988723755,0.6748161315917969,27.290690660476685,False
-5.692898988723755,0.6748161315917969,27.290690660476685,False
-5.692898988723755,0.6748161315917969,27.290690660476685,False
-5.692898988723755,0.6748161315917969,27.290690660476685,False
-5.692898988723755,0.6748161315917969,27.290690660476685,False
-5.692898988723755,0.6748161315917969,27.290690660476685,False
-5.692898988723755,0.6748161315917969,27.290690660476685,False
-5.692898988723755,0.6748161315917969,27.290690660476685,False
-5.692898988723755,0.6748161315917969,27.290690660476685,False
-5.692898988723755,0.6748161315917969,27.290690660476685,False
-5.692898988723755,0.6748161315917969,27.290690660476685,False
-5.692898988723755,0.6748161315917969,27.290690660476685,False
-5.692898988723755,0.6748161315917969,27.290690660476685,False
-5.692898988723755,0.6748161315917969,27.290690660476685,False
-5.692898988723755,0.6748161315917969,27.290690660476685,False
-5.692898988723755,0.6748161315917969,27.290690660476685,False
-5.692898988723755,0.6748161315917969,27.290690660476685,False
-5.692898988723755,0.6748161315917969,27.290690660476685,False
-5.692898988723755,0.6748161315917969,27.290690660476685,False
-5.692898988723755,0.6748161315917969,27.290690660476685,False
-5.692898988723755,0.6748161315917969,27.290690660476685,False
-5.692898988723755,0.6748161315917969,27.290690660476685,False
-5.692898988723755,0.6748161315917969,27.290690660476685,False
-5.692898988723755,0.6748161315917969,27.290690660476685,False
-5.692898988723755,0.6748161315917969,27.290690660476685,False
-5.692898988723755,0.6748161315917969,27.290690660476685,False
-5.692898988723755,0.6748161315917969,27.290690660476685,False
-5.692898988723755,0.6748161315917969,27.290690660476685,False
-5.692898988723755,0.6748161315917969,27.290690660476685,False
-5.692898988723755,0.6748161315917969,27.290690660476685,False
-5.692898988723755,0.6748161315917969,27.290690660476685,False
-5.692898988723755,0.6748161315917969,27.290690660476685,False
-5.692898988723755,0.6748161315917969,27.290690660476685,False
-5.692898988723755,0.6748161315917969,27.290690660476685,False
-5.692898988723755,0.6748161315917969,27.290690660476685,False
-5.692898988723755,0.6748161315917969,27.290690660476685,False
-5.692898988723755,0.6748161315917969,27.290690660476685,False
-5.692898988723755,0.6748161315917969,27.290690660476685,False
-5.692898988723755,0.6748161315917969,27.290690660476685,False
-5.692898988723755,0.6748161315917969,27.290690660476685,False
-5.692898988723755,0.6748161315917969,27.290690660476685,False
-5.692898988723755,0.6748161315917969,27.290690660476685,False
-5.692898988723755,0.6748161315917969,27.290690660476685,False
-5.692898988723755,0.6748161315917969,27.290690660476685,False
-5.692898988723755,0.6748161315917969,27.290690660476685,False
-5.692898988723755,0.6748161315917969,27.290690660476685,False
-5.692898988723755,0.6748161315917969,27.290690660476685,False
-5.692898988723755,0.6748161315917969,27.290690660476685,False
-5.692898988723755,0.6748161315917969,27.290690660476685,False
-5.692898988723755,0.6748161315917969,27.290690660476685,False
-5.692898988723755,0.6748161315917969,27.290690660476685,False
-5.692898988723755,0.6748161315917969,27.290690660476685,False
-5.692898988723755,0.6748161315917969,27.290690660476685,False
-5.692898988723755,0.6748161315917969,27.290690660476685,False
-5.692898988723755,0.6748161315917969,27.290690660476685,False
-5.692898988723755,0.6748161315917969,27.290690660476685,False
-5.692898988723755,0.6748161315917969,27.290690660476685,False
-5.692898988723755,0.6748161315917969,27.290690660476685,False
-5.692898988723755,0.6748161315917969,27.290690660476685,False
-5.692898988723755,0.6748161315917969,27.290690660476685,False
-5.692898988723755,0.6748161315917969,27.290690660476685,False
-5.692898988723755,0.6748161315917969,27.290690660476685,False
-5.692898988723755,0.6748161315917969,27.290690660476685,False
-5.692898988723755,0.6748161315917969,27.290690660476685,False
-5.692898988723755,0.6748161315917969,27.290690660476685,False
-5.692898988723755,0.6748161315917969,27.290690660476685,False
-5.692898988723755,0.6748161315917969,27.290690660476685,False
-5.692898988723755,0.6748161315917969,27.290690660476685,False
-5.692898988723755,0.6748161315917969,27.290690660476685,False
-5.692898988723755,0.6748161315917969,27.290690660476685,False
-5.692898988723755,0.6748161315917969,27.290690660476685,False
-5.692898988723755,0.6748161315917969,27.290690660476685,False
-5.692898988723755,0.6748161315917969,27.290690660476685,False
-5.692898988723755,0.6748161315917969,27.290690660476685,False
-5.692898988723755,0.6748161315917969,27.290690660476685,False
-5.692898988723755,0.6748161315917969,27.290690660476685,False
-5.692898988723755,0.6748161315917969,27.290690660476685,False
-5.692898988723755,0.6748161315917969,27.290690660476685,False
-5.692898988723755,0.6748161315917969,27.290690660476685,False
-5.692898988723755,0.6748161315917969,27.290690660476685,False
-5.692898988723755,0.6748161315917969,27.290690660476685,False
-5.692898988723755,0.6748161315917969,27.290690660476685,False
-5.692898988723755,0.6748161315917969,27.290690660476685,False
-5.692898988723755,0.6748161315917969,27.290690660476685,False
-5.692898988723755,0.6748161315917969,27.290690660476685,False
-5.692898988723755,0.6748161315917969,27.290690660476685,False
-5.692898988723755,0.6748161315917969,27.290690660476685,False
-5.692898988723755,0.6748161315917969,27.290690660476685,False
-5.692898988723755,0.6748161315917969,27.290690660476685,False
-5.692898988723755,0.6748161315917969,27.290690660476685,False
-5.692898988723755,0.6748161315917969,27.290690660476685,False
-5.692898988723755,0.6748161315917969,27.290690660476685,False
-5.692898988723755,0.6748161315917969,27.290690660476685,False
-5.692898988723755,0.6748161315917969,27.290690660476685,False
-5.692898988723755,0.6748161315917969,27.290690660476685,False
-5.692898988723755,0.6748161315917969,27.290690660476685,False
-5.692898988723755,0.6748161315917969,27.290690660476685,False
-5.692898988723755,0.6748161315917969,27.290690660476685,False
-5.692898988723755,0.6748161315917969,27.290690660476685,False
-5.692898988723755,0.6748161315917969,27.290690660476685,False
-5.692898988723755,0.6748161315917969,27.290690660476685,False
-5.692898988723755,0.6748161315917969,27.290690660476685,False
-5.692898988723755,0.6748161315917969,27.290690660476685,False
-5.692898988723755,0.6748161315917969,27.290690660476685,False
-5.692898988723755,0.6748161315917969,27.290690660476685,False
-5.692898988723755,0.6748161315917969,27.290690660476685,False
-5.692898988723755,0.6748161315917969,27.290690660476685,False
-5.692898988723755,0.6748161315917969,27.290690660476685,False
-5.692898988723755,0.6748161315917969,27.290690660476685,False
-5.692898988723755,0.6748161315917969,27.290690660476685,False
-5.692898988723755,0.6748161315917969,27.290690660476685,False
-5.692898988723755,0.6748161315917969,27.290690660476685,False
-5.692898988723755,0.6748161315917969,27.290690660476685,False
-5.692898988723755,0.6748161315917969,27.290690660476685,False
-5.692898988723755,0.6748161315917969,27.290690660476685,False
-5.692898988723755,0.6748161315917969,27.290690660476685,False
-5.692898988723755,0.6748161315917969,27.290690660476685,False
-5.692898988723755,0.6748161315917969,27.290690660476685,False
-5.692898988723755,0.6748161315917969,27.290690660476685,False
-5.692898988723755,0.6748161315917969,27.290690660476685,False
-5.692898988723755,0.6748161315917969,27.290690660476685,False
-5.692898988723755,0.6748161315917969,27.290690660476685,False
-5.692898988723755,0.6748161315917969,27.290690660476685,False
-5.692898988723755,0.6748161315917969,27.290690660476685,False
-5.692898988723755,0.6748161315917969,27.290690660476685,False
-5.692898988723755,0.6748161315917969,27.290690660476685,False
-5.692898988723755,0.6748161315917969,27.290690660476685,False
-5.692898988723755,0.6748161315917969,27.290690660476685,False
-5.692898988723755,0.6748161315917969,27.290690660476685,False
-5.692898988723755,0.6748161315917969,27.290690660476685,False
-5.692898988723755,0.6748161315917969,27.290690660476685,False
-5.692898988723755,0.6748161315917969,27.290690660476685,False
-5.692898988723755,0.6748161315917969,27.290690660476685,False
-5.692898988723755,0.6748161315917969,27.290690660476685,False
-5.692898988723755,0.6748161315917969,27.290690660476685,False
-5.692898988723755,0.6748161315917969,27.290690660476685,False
-5.692898988723755,0.6748161315917969,27.290690660476685,False
-5.692898988723755,0.6748161315917969,27.290690660476685,False
-5.692898988723755,0.6748161315917969,27.290690660476685,False
-5.692898988723755,0.6748161315917969,27.290690660476685,False
-5.692898988723755,0.6748161315917969,27.290690660476685,False
-5.692898988723755,0.6748161315917969,27.290690660476685,False
-5.692898988723755,0.6748161315917969,27.290690660476685,False
-5.692898988723755,0.6748161315917969,27.290690660476685,False
-5.692898988723755,0.6748161315917969,27.290690660476685,False
-5.692898988723755,0.6748161315917969,27.290690660476685,False
-5.692898988723755,0.6748161315917969,27.290690660476685,False
-5.692898988723755,0.6748161315917969,27.290690660476685,False
-5.692898988723755,0.6748161315917969,27.290690660476685,False
-5.692898988723755,0.6748161315917969,27.290690660476685,False
-5.692898988723755,0.6748161315917969,27.290690660476685,False
-5.692898988723755,0.6748161315917969,27.290690660476685,False
-5.692898988723755,0.6748161315917969,27.290690660476685,False
-5.692898988723755,0.6748161315917969,27.290690660476685,False
-5.692898988723755,0.6748161315917969,27.290690660476685,False
-5.692898988723755,0.6748161315917969,27.290690660476685,False
-5.692898988723755,0.6748161315917969,27.290690660476685,False
-5.692898988723755,0.6748161315917969,27.290690660476685,False
-5.692898988723755,0.6748161315917969,27.290690660476685,False
-5.692898988723755,0.6748161315917969,27.290690660476685,False
-5.692898988723755,0.6748161315917969,27.290690660476685,False
-5.692898988723755,0.6748161315917969,27.290690660476685,False
-5.692898988723755,0.6748161315917969,27.290690660476685,False
-5.692898988723755,0.6748161315917969,27.290690660476685,False
-5.692898988723755,0.6748161315917969,27.290690660476685,False
-5.692898988723755,0.6748161315917969,27.290690660476685,False
-5.692898988723755,0.6748161315917969,27.290690660476685,False
-5.692898988723755,0.6748161315917969,27.290690660476685,False
-5.692898988723755,0.6748161315917969,27.290690660476685,False
-5.692898988723755,0.6748161315917969,27.290690660476685,False
-5.692898988723755,0.6748161315917969,27.290690660476685,False
-5.692898988723755,0.6748161315917969,27.290690660476685,False
-5.692898988723755,0.6748161315917969,27.290690660476685,False
-5.692898988723755,0.6748161315917969,27.290690660476685,False
-5.692898988723755,0.6748161315917969,27.290690660476685,False
-5.692898988723755,0.6748161315917969,27.290690660476685,False
-5.692898988723755,0.6748161315917969,27.290690660476685,False
-5.692898988723755,0.6748161315917969,27.290690660476685,False
-5.692898988723755,0.6748161315917969,27.290690660476685,False
-5.692898988723755,0.6748161315917969,27.290690660476685,False
-5.692898988723755,0.6748161315917969,27.290690660476685,False
-5.692898988723755,0.6748161315917969,27.290690660476685,False
-5.692898988723755,0.6748161315917969,27.290690660476685,False
-5.692898988723755,0.6748161315917969,27.290690660476685,False
-5.692898988723755,0.6748161315917969,27.290690660476685,False
-5.692898988723755,0.6748161315917969,27.290690660476685,False
-5.692898988723755,0.6748161315917969,27.290690660476685,False
-5.692898988723755,0.6748161315917969,27.290690660476685,False
-5.692898988723755,0.6748161315917969,27.290690660476685,False
-5.692898988723755,0.6748161315917969,27.290690660476685,False
-5.692898988723755,0.6748161315917969,27.290690660476685,False
-5.692898988723755,0.6748161315917969,27.290690660476685,False
-5.692898988723755,0.6748161315917969,27.290690660476685,False
-5.692898988723755,0.6748161315917969,27.290690660476685,False
-5.692898988723755,0.6748161315917969,27.290690660476685,False
-5.692898988723755,0.6748161315917969,27.290690660476685,False
-5.692898988723755,0.6748161315917969,27.290690660476685,False
-5.692898988723755,0.6748161315917969,27.290690660476685,False
-5.692898988723755,0.6748161315917969,27.290690660476685,False
-5.692898988723755,0.6748161315917969,27.290690660476685,False
-5.692898988723755,0.6748161315917969,27.290690660476685,False
-5.692898988723755,0.6748161315917969,27.290690660476685,False
-5.692898988723755,0.6748161315917969,27.290690660476685,False
-5.692898988723755,0.6748161315917969,27.290690660476685,False
-5.692898988723755,0.6748161315917969,27.290690660476685,False
-5.692898988723755,0.6748161315917969,27.290690660476685,False
-5.692898988723755,0.6748161315917969,27.290690660476685,False
-5.692898988723755,0.6748161315917969,27.290690660476685,False
-5.692898988723755,0.6748161315917969,27.290690660476685,False
-5.692898988723755,0.6748161315917969,27.290690660476685,False
-5.692898988723755,0.6748161315917969,27.290690660476685,False
-5.692898988723755,0.6748161315917969,27.290690660476685,False
-5.692898988723755,0.6748161315917969,27.290690660476685,False
-5.692898988723755,0.6748161315917969,27.290690660476685,False
-5.692898988723755,0.6748161315917969,27.290690660476685,False
-5.692898988723755,0.6748161315917969,27.290690660476685,False
-5.692898988723755,0.6748161315917969,27.290690660476685,False
-5.692898988723755,0.6748161315917969,27.290690660476685,False
-5.692898988723755,0.6748161315917969,27.290690660476685,False
-5.692898988723755,0.6748161315917969,27.290690660476685,False
-5.692898988723755,0.6748161315917969,27.290690660476685,False
-5.692898988723755,0.6748161315917969,27.290690660476685,False
-5.692898988723755,0.6748161315917969,27.290690660476685,False
-5.692898988723755,0.6748161315917969,27.290690660476685,False
-5.692898988723755,0.6748161315917969,27.290690660476685,False
-5.692898988723755,0.6748161315917969,27.290690660476685,False
-5.692898988723755,0.6748161315917969,27.290690660476685,False
-5.692898988723755,0.6748161315917969,27.290690660476685,False
-5.692898988723755,0.6748161315917969,27.290690660476685,False
-5.692898988723755,0.6748161315917969,27.290690660476685,False
-5.692898988723755,0.6748161315917969,27.290690660476685,False
-5.692898988723755,0.6748161315917969,27.290690660476685,False
-5.692898988723755,0.6748161315917969,27.290690660476685,False
-5.692898988723755,0.6748161315917969,27.290690660476685,False
-5.692898988723755,0.6748161315917969,27.290690660476685,False
-5.692898988723755,0.6748161315917969,27.290690660476685,False
-5.692898988723755,0.6748161315917969,27.290690660476685,False
-5.692898988723755,0.6748161315917969,27.290690660476685,False
-5.692898988723755,0.6748161315917969,27.290690660476685,False
-5.692898988723755,0.6748161315917969,27.290690660476685,False
-5.692898988723755,0.6748161315917969,27.290690660476685,False
-5.692898988723755,0.6748161315917969,27.290690660476685,False
-5.692898988723755,0.6748161315917969,27.290690660476685,False
-5.692898988723755,0.6748161315917969,27.290690660476685,False
-5.692898988723755,0.6748161315917969,27.290690660476685,False
-5.692898988723755,0.6748161315917969,27.290690660476685,False
-5.692898988723755,0.6748161315917969,27.290690660476685,False
-5.692898988723755,0.6748161315917969,27.290690660476685,False
-5.692898988723755,0.6748161315917969,27.290690660476685,False
-5.692898988723755,0.6748161315917969,27.290690660476685,False
-5.692898988723755,0.6748161315917969,27.290690660476685,False
-5.692898988723755,0.6748161315917969,27.290690660476685,False
-5.692898988723755,0.6748161315917969,27.290690660476685,False
-5.692898988723755,0.6748161315917969,27.290690660476685,False
-5.692898988723755,0.6748161315917969,27.290690660476685,False
-5.692898988723755,0.6748161315917969,27.290690660476685,False
-5.692898988723755,0.6748161315917969,27.290690660476685,False
-5.692898988723755,0.6748161315917969,27.290690660476685,False
-5.692898988723755,0.6748161315917969,27.290690660476685,False
-5.692898988723755,0.6748161315917969,27.290690660476685,False
-5.692898988723755,0.6748161315917969,27.290690660476685,False
-5.692898988723755,0.6748161315917969,27.290690660476685,False
-5.692898988723755,0.6748161315917969,27.290690660476685,False
-5.692898988723755,0.6748161315917969,27.290690660476685,False
-5.692898988723755,0.6748161315917969,27.290690660476685,False
-5.692898988723755,0.6748161315917969,27.290690660476685,False
-5.692898988723755,0.6748161315917969,27.290690660476685,False
-5.692898988723755,0.6748161315917969,27.290690660476685,False
-5.692898988723755,0.6748161315917969,27.290690660476685,False
-5.692898988723755,0.6748161315917969,27.290690660476685,False
-5.692898988723755,0.6748161315917969,27.290690660476685,False
-5.692898988723755,0.6748161315917969,27.290690660476685,False
-5.692898988723755,0.6748161315917969,27.290690660476685,False
-5.692898988723755,0.6748161315917969,27.290690660476685,False
-5.692898988723755,0.6748161315917969,27.290690660476685,False
-5.692898988723755,0.6748161315917969,27.290690660476685,False
-5.692898988723755,0.6748161315917969,27.290690660476685,False
-5.692898988723755,0.6748161315917969,27.290690660476685,False
-5.692898988723755,0.6748161315917969,27.290690660476685,False
-5.692898988723755,0.6748161315917969,27.290690660476685,False
-5.692898988723755,0.6748161315917969,27.290690660476685,False
-5.692898988723755,0.6748161315917969,27.290690660476685,False
-5.692898988723755,0.6748161315917969,27.290690660476685,False
-5.692898988723755,0.6748161315917969,27.290690660476685,False
-5.692898988723755,0.6748161315917969,27.290690660476685,False
-5.692898988723755,0.6748161315917969,27.290690660476685,False
-5.692898988723755,0.6748161315917969,27.290690660476685,False
-5.692898988723755,0.6748161315917969,27.290690660476685,False
-5.692898988723755,0.6748161315917969,27.290690660476685,False
-5.692898988723755,0.6748161315917969,27.290690660476685,False
-5.692898988723755,0.6748161315917969,27.290690660476685,False
-5.692898988723755,0.6748161315917969,27.290690660476685,False
-5.692898988723755,0.6748161315917969,27.290690660476685,False
-5.692898988723755,0.6748161315917969,27.290690660476685,False
-5.692898988723755,0.6748161315917969,27.290690660476685,False
-5.692898988723755,0.6748161315917969,27.290690660476685,False
-5.692898988723755,0.6748161315917969,27.290690660476685,False
-5.692898988723755,0.6748161315917969,27.290690660476685,False
-5.692898988723755,0.6748161315917969,27.290690660476685,False
-5.692898988723755,0.6748161315917969,27.290690660476685,False
-5.692898988723755,0.6748161315917969,27.290690660476685,False
-5.692898988723755,0.6748161315917969,27.290690660476685,False
-5.692898988723755,0.6748161315917969,27.290690660476685,False
-5.692898988723755,0.6748161315917969,27.290690660476685,False
-5.692898988723755,0.6748161315917969,27.290690660476685,False
-5.692898988723755,0.6748161315917969,27.290690660476685,False
-5.692898988723755,0.6748161315917969,27.290690660476685,False
-5.692898988723755,0.6748161315917969,27.290690660476685,False
-5.692898988723755,0.6748161315917969,27.290690660476685,False
-5.692898988723755,0.6748161315917969,27.290690660476685,False
-5.692898988723755,0.6748161315917969,27.290690660476685,False
-5.692898988723755,0.6748161315917969,27.290690660476685,False
-5.692898988723755,0.6748161315917969,27.290690660476685,False
-5.692898988723755,0.6748161315917969,27.290690660476685,False
-5.692898988723755,0.6748161315917969,27.290690660476685,False
-5.692898988723755,0.6748161315917969,27.290690660476685,False
-5.692898988723755,0.6748161315917969,27.290690660476685,False
-5.692898988723755,0.6748161315917969,27.290690660476685,False
-5.692898988723755,0.6748161315917969,27.290690660476685,False
-5.692898988723755,0.6748161315917969,27.290690660476685,False
-5.692898988723755,0.6748161315917969,27.290690660476685,False
-5.692898988723755,0.6748161315917969,27.290690660476685,False
-5.692898988723755,0.6748161315917969,27.290690660476685,False
-5.692898988723755,0.6748161315917969,27.290690660476685,False
-5.692898988723755,0.6748161315917969,27.290690660476685,False
-5.692898988723755,0.6748161315917969,27.290690660476685,False
-5.692898988723755,0.6748161315917969,27.290690660476685,False
-5.692898988723755,0.6748161315917969,27.290690660476685,False
-5.692898988723755,0.6748161315917969,27.290690660476685,False
-5.692898988723755,0.6748161315917969,27.290690660476685,False
-5.692898988723755,0.6748161315917969,27.290690660476685,False
-5.692898988723755,0.6748161315917969,27.290690660476685,False
-5.692898988723755,0.6748161315917969,27.290690660476685,False
-5.692898988723755,0.6748161315917969,27.290690660476685,False
-5.692898988723755,0.6748161315917969,27.290690660476685,False
-5.692898988723755,0.6748161315917969,27.290690660476685,False
-5.692898988723755,0.6748161315917969,27.290690660476685,False
-5.692898988723755,0.6748161315917969,27.290690660476685,False
-5.692898988723755,0.6748161315917969,27.290690660476685,False
-5.692898988723755,0.6748161315917969,27.290690660476685,False
-5.692898988723755,0.6748161315917969,27.290690660476685,False
-5.692898988723755,0.6748161315917969,27.290690660476685,False
-5.692898988723755,0.6748161315917969,27.290690660476685,False
-5.692898988723755,0.6748161315917969,27.290690660476685,False
-5.692898988723755,0.6748161315917969,27.290690660476685,False
-5.692898988723755,0.6748161315917969,27.290690660476685,False
-5.692898988723755,0.6748161315917969,27.290690660476685,False
-5.692898988723755,0.6748161315917969,27.290690660476685,False
-5.692898988723755,0.6748161315917969,27.290690660476685,False
-5.692898988723755,0.6748161315917969,27.290690660476685,False
-5.692898988723755,0.6748161315917969,27.290690660476685,False
-5.692898988723755,0.6748161315917969,27.290690660476685,False
-5.692898988723755,0.6748161315917969,27.290690660476685,False
-5.692898988723755,0.6748161315917969,27.290690660476685,False
-5.692898988723755,0.6748161315917969,27.290690660476685,False
-5.692898988723755,0.6748161315917969,27.290690660476685,False
-5.692898988723755,0.6748161315917969,27.290690660476685,False
-5.692898988723755,0.6748161315917969,27.290690660476685,False
-5.692898988723755,0.6748161315917969,27.290690660476685,False
-5.692898988723755,0.6748161315917969,27.290690660476685,False
-5.692898988723755,0.6748161315917969,27.290690660476685,False
-5.692898988723755,0.6748161315917969,27.290690660476685,False
-5.692898988723755,0.6748161315917969,27.290690660476685,False
-5.692898988723755,0.6748161315917969,27.290690660476685,False
-5.692898988723755,0.6748161315917969,27.290690660476685,False
-5.692898988723755,0.6748161315917969,27.290690660476685,False
-5.692898988723755,0.6748161315917969,27.290690660476685,False
-5.692898988723755,0.6748161315917969,27.290690660476685,False
-5.692898988723755,0.6748161315917969,27.290690660476685,False
-5.692898988723755,0.6748161315917969,27.290690660476685,False
-5.692898988723755,0.6748161315917969,27.290690660476685,False
-5.692898988723755,0.6748161315917969,27.290690660476685,False
-5.692898988723755,0.6748161315917969,27.290690660476685,False
-5.692898988723755,0.6748161315917969,27.290690660476685,False
-5.692898988723755,0.6748161315917969,27.290690660476685,False
-5.692898988723755,0.6748161315917969,27.290690660476685,False
-5.692898988723755,0.6748161315917969,27.290690660476685,False
-5.692898988723755,0.6748161315917969,27.290690660476685,False
-5.692898988723755,0.6748161315917969,27.290690660476685,False
-5.692898988723755,0.6748161315917969,27.290690660476685,False
-5.692898988723755,0.6748161315917969,27.290690660476685,False
-5.692898988723755,0.6748161315917969,27.290690660476685,False
-5.692898988723755,0.6748161315917969,27.290690660476685,False
-5.692898988723755,0.6748161315917969,27.290690660476685,False
-5.692898988723755,0.6748161315917969,27.290690660476685,False
-5.692898988723755,0.6748161315917969,27.290690660476685,False
-5.692898988723755,0.6748161315917969,27.290690660476685,False
-5.692898988723755,0.6748161315917969,27.290690660476685,False
-5.692898988723755,0.6748161315917969,27.290690660476685,False
-5.692898988723755,0.6748161315917969,27.290690660476685,False
-5.692898988723755,0.6748161315917969,27.290690660476685,False
-5.692898988723755,0.6748161315917969,27.290690660476685,False
-5.692898988723755,0.6748161315917969,27.290690660476685,False
-5.692898988723755,0.6748161315917969,27.290690660476685,False
-5.692898988723755,0.6748161315917969,27.290690660476685,False
-5.692898988723755,0.6748161315917969,27.290690660476685,False
-5.692898988723755,0.6748161315917969,27.290690660476685,False
-5.692898988723755,0.6748161315917969,27.290690660476685,False
-5.692898988723755,0.6748161315917969,27.290690660476685,False
-5.692898988723755,0.6748161315917969,27.290690660476685,False
-5.692898988723755,0.6748161315917969,27.290690660476685,False
-5.692898988723755,0.6748161315917969,27.290690660476685,False
-5.692898988723755,0.6748161315917969,27.290690660476685,False
-5.692898988723755,0.6748161315917969,27.290690660476685,False
-5.692898988723755,0.6748161315917969,27.290690660476685,False
-5.692898988723755,0.6748161315917969,27.290690660476685,False
-5.692898988723755,0.6748161315917969,27.290690660476685,False
-5.692898988723755,0.6748161315917969,27.290690660476685,False
-5.692898988723755,0.6748161315917969,27.290690660476685,False
-5.692898988723755,0.6748161315917969,27.290690660476685,False
-5.692898988723755,0.6748161315917969,27.290690660476685,False
-5.692898988723755,0.6748161315917969,27.290690660476685,False
-5.692898988723755,0.6748161315917969,27.290690660476685,False
-5.692898988723755,0.6748161315917969,27.290690660476685,False
-5.692898988723755,0.6748161315917969,27.290690660476685,False
-5.692898988723755,0.6748161315917969,27.290690660476685,False
-5.692898988723755,0.6748161315917969,27.290690660476685,False
-5.692898988723755,0.6748161315917969,27.290690660476685,False
-5.692898988723755,0.6748161315917969,27.290690660476685,False
-5.692898988723755,0.6748161315917969,27.290690660476685,False
-5.692898988723755,0.6748161315917969,27.290690660476685,False
-5.692898988723755,0.6748161315917969,27.290690660476685,False
-5.692898988723755,0.6748161315917969,27.290690660476685,False
-5.692898988723755,0.6748161315917969,27.290690660476685,False
-5.692898988723755,0.6748161315917969,27.290690660476685,False
-5.692898988723755,0.6748161315917969,27.290690660476685,False
-5.692898988723755,0.6748161315917969,27.290690660476685,False
-5.692898988723755,0.6748161315917969,27.290690660476685,False
-5.692898988723755,0.6748161315917969,27.290690660476685,False
-5.692898988723755,0.6748161315917969,27.290690660476685,False
-5.692898988723755,0.6748161315917969,27.290690660476685,False
-5.692898988723755,0.6748161315917969,27.290690660476685,False
-5.692898988723755,0.6748161315917969,27.290690660476685,False
-5.692898988723755,0.6748161315917969,27.290690660476685,False
-5.692898988723755,0.6748161315917969,27.290690660476685,False
-5.692898988723755,0.6748161315917969,27.290690660476685,False
-5.692898988723755,0.6748161315917969,27.290690660476685,False
-5.692898988723755,0.6748161315917969,27.290690660476685,False
-5.692898988723755,0.6748161315917969,27.290690660476685,False
-5.692898988723755,0.6748161315917969,27.290690660476685,False
-5.692898988723755,0.6748161315917969,27.290690660476685,False
-5.692898988723755,0.6748161315917969,27.290690660476685,False
-5.692898988723755,0.6748161315917969,27.290690660476685,False
-5.692898988723755,0.6748161315917969,27.290690660476685,False
-5.692898988723755,0.6748161315917969,27.290690660476685,False
-5.692898988723755,0.6748161315917969,27.290690660476685,False
-5.692898988723755,0.6748161315917969,27.290690660476685,False
-5.692898988723755,0.6748161315917969,27.290690660476685,False
-5.692898988723755,0.6748161315917969,27.290690660476685,False
-5.692898988723755,0.6748161315917969,27.290690660476685,False
-5.692898988723755,0.6748161315917969,27.290690660476685,False
-5.692898988723755,0.6748161315917969,27.290690660476685,False
-5.692898988723755,0.6748161315917969,27.290690660476685,False
-5.692898988723755,0.6748161315917969,27.290690660476685,False
-5.692898988723755,0.6748161315917969,27.290690660476685,False
-5.692898988723755,0.6748161315917969,27.290690660476685,False
-5.692898988723755,0.6748161315917969,27.290690660476685,False
-5.692898988723755,0.6748161315917969,27.290690660476685,False
-5.692898988723755,0.6748161315917969,27.290690660476685,False
-5.692898988723755,0.6748161315917969,27.290690660476685,False
-5.692898988723755,0.6748161315917969,27.290690660476685,False
-5.692898988723755,0.6748161315917969,27.290690660476685,False
-5.692898988723755,0.6748161315917969,27.290690660476685,False
-5.692898988723755,0.6748161315917969,27.290690660476685,False
-5.692898988723755,0.6748161315917969,27.290690660476685,False
-5.692898988723755,0.6748161315917969,27.290690660476685,False
-5.692898988723755,0.6748161315917969,27.290690660476685,False
-5.692898988723755,0.6748161315917969,27.290690660476685,False
-5.692898988723755,0.6748161315917969,27.290690660476685,False
-5.692898988723755,0.6748161315917969,27.290690660476685,False
-5.692898988723755,0.6748161315917969,27.290690660476685,False
-5.692898988723755,0.6748161315917969,27.290690660476685,False
-5.692898988723755,0.6748161315917969,27.290690660476685,False
-5.692898988723755,0.6748161315917969,27.290690660476685,False
-5.692898988723755,0.6748161315917969,27.290690660476685,False
-5.692898988723755,0.6748161315917969,27.290690660476685,False
-5.692898988723755,0.6748161315917969,27.290690660476685,False
-5.692898988723755,0.6748161315917969,27.290690660476685,False
-5.692898988723755,0.6748161315917969,27.290690660476685,False
-5.692898988723755,0.6748161315917969,27.290690660476685,False
-5.692898988723755,0.6748161315917969,27.290690660476685,False
-5.692898988723755,0.6748161315917969,27.290690660476685,False
-5.692898988723755,0.6748161315917969,27.290690660476685,False
-5.692898988723755,0.6748161315917969,27.290690660476685,False
-5.692898988723755,0.6748161315917969,27.290690660476685,False
-5.692898988723755,0.6748161315917969,27.290690660476685,False
-5.692898988723755,0.6748161315917969,27.290690660476685,False
-5.692898988723755,0.6748161315917969,27.290690660476685,False
-5.692898988723755,0.6748161315917969,27.290690660476685,False
-5.692898988723755,0.6748161315917969,27.290690660476685,False
-5.692898988723755,0.6748161315917969,27.290690660476685,False
-5.692898988723755,0.6748161315917969,27.290690660476685,False
-5.692898988723755,0.6748161315917969,27.290690660476685,False
-5.692898988723755,0.6748161315917969,27.290690660476685,False
-5.692898988723755,0.6748161315917969,27.290690660476685,False
-5.692898988723755,0.6748161315917969,27.290690660476685,False
-5.692898988723755,0.6748161315917969,27.290690660476685,False
-5.692898988723755,0.6748161315917969,27.290690660476685,False
-5.692898988723755,0.6748161315917969,27.290690660476685,False
-5.692898988723755,0.6748161315917969,27.290690660476685,False
-5.692898988723755,0.6748161315917969,27.290690660476685,False
-5.692898988723755,0.6748161315917969,27.290690660476685,False
-5.692898988723755,0.6748161315917969,27.290690660476685,False
-5.692898988723755,0.6748161315917969,27.290690660476685,False
-5.692898988723755,0.6748161315917969,27.290690660476685,False
-5.692898988723755,0.6748161315917969,27.290690660476685,False
-5.692898988723755,0.6748161315917969,27.290690660476685,False
-5.692898988723755,0.6748161315917969,27.290690660476685,False
-5.692898988723755,0.6748161315917969,27.290690660476685,False
-5.692898988723755,0.6748161315917969,27.290690660476685,False
-5.692898988723755,0.6748161315917969,27.290690660476685,False
-5.692898988723755,0.6748161315917969,27.290690660476685,False
-5.692898988723755,0.6748161315917969,27.290690660476685,False
-5.692898988723755,0.6748161315917969,27.290690660476685,False
-5.692898988723755,0.6748161315917969,27.290690660476685,False
-5.692898988723755,0.6748161315917969,27.290690660476685,False
-5.692898988723755,0.6748161315917969,27.290690660476685,False
-5.692898988723755,0.6748161315917969,27.290690660476685,False
-5.692898988723755,0.6748161315917969,27.290690660476685,False
-5.692898988723755,0.6748161315917969,27.290690660476685,False
-5.692898988723755,0.6748161315917969,27.290690660476685,False
-5.692898988723755,0.6748161315917969,27.290690660476685,False
-5.692898988723755,0.6748161315917969,27.290690660476685,False
-5.692898988723755,0.6748161315917969,27.290690660476685,False
-5.692898988723755,0.6748161315917969,27.290690660476685,False
-5.692898988723755,0.6748161315917969,27.290690660476685,False
-5.692898988723755,0.6748161315917969,27.290690660476685,False
-5.692898988723755,0.6748161315917969,27.290690660476685,False
-5.692898988723755,0.6748161315917969,27.290690660476685,False
-5.692898988723755,0.6748161315917969,27.290690660476685,False
-5.692898988723755,0.6748161315917969,27.290690660476685,False
-5.692898988723755,0.6748161315917969,27.290690660476685,False
-5.692898988723755,0.6748161315917969,27.290690660476685,False
-5.692898988723755,0.6748161315917969,27.290690660476685,False
-5.692898988723755,0.6748161315917969,27.290690660476685,False
-5.692898988723755,0.6748161315917969,27.290690660476685,False
-5.692898988723755,0.6748161315917969,27.290690660476685,False
-5.692898988723755,0.6748161315917969,27.290690660476685,False
-5.692898988723755,0.6748161315917969,27.290690660476685,False
-5.692898988723755,0.6748161315917969,27.290690660476685,False
-5.692898988723755,0.6748161315917969,27.290690660476685,False
-5.692898988723755,0.6748161315917969,27.290690660476685,False
-5.692898988723755,0.6748161315917969,27.290690660476685,False
-5.692898988723755,0.6748161315917969,27.290690660476685,False
-5.692898988723755,0.6748161315917969,27.290690660476685,False
-5.692898988723755,0.6748161315917969,27.290690660476685,False
-5.692898988723755,0.6748161315917969,27.290690660476685,False
-5.692898988723755,0.6748161315917969,27.290690660476685,False
-5.692898988723755,0.6748161315917969,27.290690660476685,False
-5.692898988723755,0.6748161315917969,27.290690660476685,False
-5.692898988723755,0.6748161315917969,27.290690660476685,False
-5.692898988723755,0.6748161315917969,27.290690660476685,False
-5.692898988723755,0.6748161315917969,27.290690660476685,False
-5.692898988723755,0.6748161315917969,27.290690660476685,False
-5.692898988723755,0.6748161315917969,27.290690660476685,False
-5.692898988723755,0.6748161315917969,27.290690660476685,False
-5.692898988723755,0.6748161315917969,27.290690660476685,False
-5.692898988723755,0.6748161315917969,27.290690660476685,False
-5.692898988723755,0.6748161315917969,27.290690660476685,False
-5.692898988723755,0.6748161315917969,27.290690660476685,False
-5.692898988723755,0.6748161315917969,27.290690660476685,False
-5.692898988723755,0.6748161315917969,27.290690660476685,False
-5.692898988723755,0.6748161315917969,27.290690660476685,False
-5.692898988723755,0.6748161315917969,27.290690660476685,False
-5.692898988723755,0.6748161315917969,27.290690660476685,False
-5.692898988723755,0.6748161315917969,27.290690660476685,False
-5.692898988723755,0.6748161315917969,27.290690660476685,False
-5.692898988723755,0.6748161315917969,27.290690660476685,False
-5.692898988723755,0.6748161315917969,27.290690660476685,False
-5.692898988723755,0.6748161315917969,27.290690660476685,False
-5.692898988723755,0.6748161315917969,27.290690660476685,False
-5.692898988723755,0.6748161315917969,27.290690660476685,False
-5.692898988723755,0.6748161315917969,27.290690660476685,False
-5.692898988723755,0.6748161315917969,27.290690660476685,False
-5.692898988723755,0.6748161315917969,27.290690660476685,False
-5.692898988723755,0.6748161315917969,27.290690660476685,False
-5.692898988723755,0.6748161315917969,27.290690660476685,False
-5.692898988723755,0.6748161315917969,27.290690660476685,False
-5.692898988723755,0.6748161315917969,27.290690660476685,False
-5.692898988723755,0.6748161315917969,27.290690660476685,False
-5.692898988723755,0.6748161315917969,27.290690660476685,False
-5.692898988723755,0.6748161315917969,27.290690660476685,False
-5.692898988723755,0.6748161315917969,27.290690660476685,False
-5.692898988723755,0.6748161315917969,27.290690660476685,False
-5.692898988723755,0.6748161315917969,27.290690660476685,False
-5.692898988723755,0.6748161315917969,27.290690660476685,False
-5.692898988723755,0.6748161315917969,27.290690660476685,False
-5.692898988723755,0.6748161315917969,27.290690660476685,False
-5.692898988723755,0.6748161315917969,27.290690660476685,False
-5.692898988723755,0.6748161315917969,27.290690660476685,False
-5.692898988723755,0.6748161315917969,27.290690660476685,False
-5.692898988723755,0.6748161315917969,27.290690660476685,False
-5.692898988723755,0.6748161315917969,27.290690660476685,False
-5.692898988723755,0.6748161315917969,27.290690660476685,False
-5.692898988723755,0.6748161315917969,27.290690660476685,False
-5.692898988723755,0.6748161315917969,27.290690660476685,False
-5.692898988723755,0.6748161315917969,27.290690660476685,False
-5.692898988723755,0.6748161315917969,27.290690660476685,False
-5.692898988723755,0.6748161315917969,27.290690660476685,False
-5.692898988723755,0.6748161315917969,27.290690660476685,False
-5.692898988723755,0.6748161315917969,27.290690660476685,False
-5.692898988723755,0.6748161315917969,27.290690660476685,False
-5.692898988723755,0.6748161315917969,27.290690660476685,False
-5.692898988723755,0.6748161315917969,27.290690660476685,False
-5.692898988723755,0.6748161315917969,27.290690660476685,False
-5.692898988723755,0.6748161315917969,27.290690660476685,False
-5.692898988723755,0.6748161315917969,27.290690660476685,False
-5.692898988723755,0.6748161315917969,27.290690660476685,False
-5.692898988723755,0.6748161315917969,27.290690660476685,False
-5.692898988723755,0.6748161315917969,27.290690660476685,False
-5.692898988723755,0.6748161315917969,27.290690660476685,False
-5.692898988723755,0.6748161315917969,27.290690660476685,False
-5.692898988723755,0.6748161315917969,27.290690660476685,False
-5.692898988723755,0.6748161315917969,27.290690660476685,False
-5.692898988723755,0.6748161315917969,27.290690660476685,False
-5.692898988723755,0.6748161315917969,27.290690660476685,False
-5.692898988723755,0.6748161315917969,27.290690660476685,False
-5.692898988723755,0.6748161315917969,27.290690660476685,False
-5.692898988723755,0.6748161315917969,27.290690660476685,False
-5.692898988723755,0.6748161315917969,27.290690660476685,False
-5.692898988723755,0.6748161315917969,27.290690660476685,False
-5.692898988723755,0.6748161315917969,27.290690660476685,False
-5.692898988723755,0.6748161315917969,27.290690660476685,False
-5.692898988723755,0.6748161315917969,27.290690660476685,False
-5.692898988723755,0.6748161315917969,27.290690660476685,False
-5.692898988723755,0.6748161315917969,27.290690660476685,False
-5.692898988723755,0.6748161315917969,27.290690660476685,False
-5.692898988723755,0.6748161315917969,27.290690660476685,False
-5.692898988723755,0.6748161315917969,27.290690660476685,False
-5.692898988723755,0.6748161315917969,27.290690660476685,False
-5.692898988723755,0.6748161315917969,27.290690660476685,False
-5.692898988723755,0.6748161315917969,27.290690660476685,False
-5.692898988723755,0.6748161315917969,27.290690660476685,False
-5.692898988723755,0.6748161315917969,27.290690660476685,False
-5.692898988723755,0.6748161315917969,27.290690660476685,False
-5.692898988723755,0.6748161315917969,27.290690660476685,False
-5.692898988723755,0.6748161315917969,27.290690660476685,False
-5.692898988723755,0.6748161315917969,27.290690660476685,False
-5.692898988723755,0.6748161315917969,27.290690660476685,False
-5.692898988723755,0.6748161315917969,27.290690660476685,False
-5.692898988723755,0.6748161315917969,27.290690660476685,False
-5.692898988723755,0.6748161315917969,27.290690660476685,False
-5.692898988723755,0.6748161315917969,27.290690660476685,False
-5.692898988723755,0.6748161315917969,27.290690660476685,False
-5.692898988723755,0.6748161315917969,27.290690660476685,False
-5.692898988723755,0.6748161315917969,27.290690660476685,False
-5.692898988723755,0.6748161315917969,27.290690660476685,False
-5.692898988723755,0.6748161315917969,27.290690660476685,False
-5.692898988723755,0.6748161315917969,27.290690660476685,False
-5.692898988723755,0.6748161315917969,27.290690660476685,False
-5.692898988723755,0.6748161315917969,27.290690660476685,False
-5.692898988723755,0.6748161315917969,27.290690660476685,False
-5.692898988723755,0.6748161315917969,27.290690660476685,False
-5.692898988723755,0.6748161315917969,27.290690660476685,False
-5.692898988723755,0.6748161315917969,27.290690660476685,False
-5.692898988723755,0.6748161315917969,27.290690660476685,False
-5.692898988723755,0.6748161315917969,27.290690660476685,False
-5.692898988723755,0.6748161315917969,27.290690660476685,False
-5.692898988723755,0.6748161315917969,27.290690660476685,False
-5.692898988723755,0.6748161315917969,27.290690660476685,False
-5.692898988723755,0.6748161315917969,27.290690660476685,False
-5.692898988723755,0.6748161315917969,27.290690660476685,False
-5.692898988723755,0.6748161315917969,27.290690660476685,False
-5.692898988723755,0.6748161315917969,27.290690660476685,False
-5.692898988723755,0.6748161315917969,27.290690660476685,False
-5.692898988723755,0.6748161315917969,27.290690660476685,False
-5.692898988723755,0.6748161315917969,27.290690660476685,False
-5.692898988723755,0.6748161315917969,27.290690660476685,False
-5.692898988723755,0.6748161315917969,27.290690660476685,False
-5.692898988723755,0.6748161315917969,27.290690660476685,False
-5.692898988723755,0.6748161315917969,27.290690660476685,False
-5.692898988723755,0.6748161315917969,27.290690660476685,False
-5.692898988723755,0.6748161315917969,27.290690660476685,False
-5.692898988723755,0.6748161315917969,27.290690660476685,False
-5.692898988723755,0.6748161315917969,27.290690660476685,False
-5.692898988723755,0.6748161315917969,27.290690660476685,False
-5.692898988723755,0.6748161315917969,27.290690660476685,False
-5.692898988723755,0.6748161315917969,27.290690660476685,False
-5.692898988723755,0.6748161315917969,27.290690660476685,False
-5.692898988723755,0.6748161315917969,27.290690660476685,False
-5.692898988723755,0.6748161315917969,27.290690660476685,False
-5.692898988723755,0.6748161315917969,27.290690660476685,False
-5.692898988723755,0.6748161315917969,27.290690660476685,False
-5.692898988723755,0.6748161315917969,27.290690660476685,False
-5.692898988723755,0.6748161315917969,27.290690660476685,False
-5.692898988723755,0.6748161315917969,27.290690660476685,False
-5.692898988723755,0.6748161315917969,27.290690660476685,False
-5.692898988723755,0.6748161315917969,27.290690660476685,False
-5.692898988723755,0.6748161315917969,27.290690660476685,False
-5.692898988723755,0.6748161315917969,27.290690660476685,False
-5.692898988723755,0.6748161315917969,27.290690660476685,False
-5.692898988723755,0.6748161315917969,27.290690660476685,False
-5.692898988723755,0.6748161315917969,27.290690660476685,False
-5.692898988723755,0.6748161315917969,27.290690660476685,False
-5.692898988723755,0.6748161315917969,27.290690660476685,False
-5.692898988723755,0.6748161315917969,27.290690660476685,False
-5.692898988723755,0.6748161315917969,27.290690660476685,False
-5.692898988723755,0.6748161315917969,27.290690660476685,False
-5.692898988723755,0.6748161315917969,27.290690660476685,False
-5.692898988723755,0.6748161315917969,27.290690660476685,False
-5.692898988723755,0.6748161315917969,27.290690660476685,False
-5.692898988723755,0.6748161315917969,27.290690660476685,False
-5.692898988723755,0.6748161315917969,27.290690660476685,False
-5.692898988723755,0.6748161315917969,27.290690660476685,False
-5.692898988723755,0.6748161315917969,27.290690660476685,False
-5.692898988723755,0.6748161315917969,27.290690660476685,False
-5.692898988723755,0.6748161315917969,27.290690660476685,False
-5.692898988723755,0.6748161315917969,27.290690660476685,False
-5.692898988723755,0.6748161315917969,27.290690660476685,False
-5.692898988723755,0.6748161315917969,27.290690660476685,False
-5.692898988723755,0.6748161315917969,27.290690660476685,False
-5.692898988723755,0.6748161315917969,27.290690660476685,False
-5.692898988723755,0.6748161315917969,27.290690660476685,False
-5.692898988723755,0.6748161315917969,27.290690660476685,False
-5.692898988723755,0.6748161315917969,27.290690660476685,False
-5.692898988723755,0.6748161315917969,27.290690660476685,False
-5.692898988723755,0.6748161315917969,27.290690660476685,False
-5.692898988723755,0.6748161315917969,27.290690660476685,False
-5.692898988723755,0.6748161315917969,27.290690660476685,False
-5.692898988723755,0.6748161315917969,27.290690660476685,False
-5.692898988723755,0.6748161315917969,27.290690660476685,False
-5.692898988723755,0.6748161315917969,27.290690660476685,False
-5.692898988723755,0.6748161315917969,27.290690660476685,False
-5.692898988723755,0.6748161315917969,27.290690660476685,False
-5.692898988723755,0.6748161315917969,27.290690660476685,False
-5.692898988723755,0.6748161315917969,27.290690660476685,False
-5.692898988723755,0.6748161315917969,27.290690660476685,False
-5.692898988723755,0.6748161315917969,27.290690660476685,False
-5.692898988723755,0.6748161315917969,27.290690660476685,False
-5.692898988723755,0.6748161315917969,27.290690660476685,False
-5.692898988723755,0.6748161315917969,27.290690660476685,False
-5.692898988723755,0.6748161315917969,27.290690660476685,False
-5.692898988723755,0.6748161315917969,27.290690660476685,False
-5.692898988723755,0.6748161315917969,27.290690660476685,False
-5.692898988723755,0.6748161315917969,27.290690660476685,False
-5.692898988723755,0.6748161315917969,27.290690660476685,False
-5.692898988723755,0.6748161315917969,27.290690660476685,False
-5.692898988723755,0.6748161315917969,27.290690660476685,False
-5.692898988723755,0.6748161315917969,27.290690660476685,False
-5.692898988723755,0.6748161315917969,27.290690660476685,False
-5.692898988723755,0.6748161315917969,27.290690660476685,False
-5.692898988723755,0.6748161315917969,27.290690660476685,False
-5.692898988723755,0.6748161315917969,27.290690660476685,False
-5.692898988723755,0.6748161315917969,27.290690660476685,False
-5.692898988723755,0.6748161315917969,27.290690660476685,False
-5.692898988723755,0.6748161315917969,27.290690660476685,False
-5.692898988723755,0.6748161315917969,27.290690660476685,False
-5.692898988723755,0.6748161315917969,27.290690660476685,False
-5.692898988723755,0.6748161315917969,27.290690660476685,False
-5.692898988723755,0.6748161315917969,27.290690660476685,False
-5.692898988723755,0.6748161315917969,27.290690660476685,False
-5.692898988723755,0.6748161315917969,27.290690660476685,False
-5.692898988723755,0.6748161315917969,27.290690660476685,False
-5.692898988723755,0.6748161315917969,27.290690660476685,False
-5.692898988723755,0.6748161315917969,27.290690660476685,False
-5.692898988723755,0.6748161315917969,27.290690660476685,False
-5.692898988723755,0.6748161315917969,27.290690660476685,False
-5.692898988723755,0.6748161315917969,27.290690660476685,False
-5.692898988723755,0.6748161315917969,27.290690660476685,False
-5.692898988723755,0.6748161315917969,27.290690660476685,False
-5.692898988723755,0.6748161315917969,27.290690660476685,False
-5.692898988723755,0.6748161315917969,27.290690660476685,False
-5.692898988723755,0.6748161315917969,27.290690660476685,False
-5.692898988723755,0.6748161315917969,27.290690660476685,False
-5.692898988723755,0.6748161315917969,27.290690660476685,False
-5.692898988723755,0.6748161315917969,27.290690660476685,False
-5.692898988723755,0.6748161315917969,27.290690660476685,False
-5.692898988723755,0.6748161315917969,27.290690660476685,False
-5.692898988723755,0.6748161315917969,27.290690660476685,False
-5.692898988723755,0.6748161315917969,27.290690660476685,False
-5.692898988723755,0.6748161315917969,27.290690660476685,False
-5.692898988723755,0.6748161315917969,27.290690660476685,False
-5.692898988723755,0.6748161315917969,27.290690660476685,False
-5.692898988723755,0.6748161315917969,27.290690660476685,False
-5.692898988723755,0.6748161315917969,27.290690660476685,False
-5.692898988723755,0.6748161315917969,27.290690660476685,False
-5.692898988723755,0.6748161315917969,27.290690660476685,False
-5.692898988723755,0.6748161315917969,27.290690660476685,False
-5.692898988723755,0.6748161315917969,27.290690660476685,False
-5.692898988723755,0.6748161315917969,27.290690660476685,False
-5.692898988723755,0.6748161315917969,27.290690660476685,False
-5.692898988723755,0.6748161315917969,27.290690660476685,False
-5.692898988723755,0.6748161315917969,27.290690660476685,False
-5.692898988723755,0.6748161315917969,27.290690660476685,False
-5.692898988723755,0.6748161315917969,27.290690660476685,False
-5.692898988723755,0.6748161315917969,27.290690660476685,False
-5.692898988723755,0.6748161315917969,27.290690660476685,False
-5.692898988723755,0.6748161315917969,27.290690660476685,False
-5.692898988723755,0.6748161315917969,27.290690660476685,False
-5.692898988723755,0.6748161315917969,27.290690660476685,False
-5.692898988723755,0.6748161315917969,27.290690660476685,False
-5.692898988723755,0.6748161315917969,27.290690660476685,False
-5.692898988723755,0.6748161315917969,27.290690660476685,False
-5.692898988723755,0.6748161315917969,27.290690660476685,False
-5.692898988723755,0.6748161315917969,27.290690660476685,False
-5.692898988723755,0.6748161315917969,27.290690660476685,False
-5.692898988723755,0.6748161315917969,27.290690660476685,False
-5.692898988723755,0.6748161315917969,27.290690660476685,False
-5.692898988723755,0.6748161315917969,27.290690660476685,False
-5.692898988723755,0.6748161315917969,27.290690660476685,False
-5.692898988723755,0.6748161315917969,27.290690660476685,False
-5.692898988723755,0.6748161315917969,27.290690660476685,False
-5.692898988723755,0.6748161315917969,27.290690660476685,False
-5.692898988723755,0.6748161315917969,27.290690660476685,False
-5.692898988723755,0.6748161315917969,27.290690660476685,False
-5.692898988723755,0.6748161315917969,27.290690660476685,False
-5.692898988723755,0.6748161315917969,27.290690660476685,False
-5.692898988723755,0.6748161315917969,27.290690660476685,False
-5.692898988723755,0.6748161315917969,27.290690660476685,False
-5.692898988723755,0.6748161315917969,27.290690660476685,False
-5.692898988723755,0.6748161315917969,27.290690660476685,False
-5.692898988723755,0.6748161315917969,27.290690660476685,False
-5.692898988723755,0.6748161315917969,27.290690660476685,False
-5.692898988723755,0.6748161315917969,27.290690660476685,False
-5.692898988723755,0.6748161315917969,27.290690660476685,False
-5.692898988723755,0.6748161315917969,27.290690660476685,False
-5.692898988723755,0.6748161315917969,27.290690660476685,False
-5.692898988723755,0.6748161315917969,27.290690660476685,False
-5.692898988723755,0.6748161315917969,27.290690660476685,False
-5.692898988723755,0.6748161315917969,27.290690660476685,False
-5.692898988723755,0.6748161315917969,27.290690660476685,False
-5.692898988723755,0.6748161315917969,27.290690660476685,False
-5.692898988723755,0.6748161315917969,27.290690660476685,False
-5.692898988723755,0.6748161315917969,27.290690660476685,False
-5.692898988723755,0.6748161315917969,27.290690660476685,False
-5.692898988723755,0.6748161315917969,27.290690660476685,False
-5.692898988723755,0.6748161315917969,27.290690660476685,False
-5.692898988723755,0.6748161315917969,27.290690660476685,False
-5.692898988723755,0.6748161315917969,27.290690660476685,False
-5.692898988723755,0.6748161315917969,27.290690660476685,False
-5.692898988723755,0.6748161315917969,27.290690660476685,False
-5.692898988723755,0.6748161315917969,27.290690660476685,False
-5.692898988723755,0.6748161315917969,27.290690660476685,False
-5.692898988723755,0.6748161315917969,27.290690660476685,False
-5.692898988723755,0.6748161315917969,27.290690660476685,False
-5.692898988723755,0.6748161315917969,27.290690660476685,False
-5.692898988723755,0.6748161315917969,27.290690660476685,False
-5.692898988723755,0.6748161315917969,27.290690660476685,False
-5.692898988723755,0.6748161315917969,27.290690660476685,False
-5.692898988723755,0.6748161315917969,27.290690660476685,False
-5.692898988723755,0.6748161315917969,27.290690660476685,False
-5.692898988723755,0.6748161315917969,27.290690660476685,False
-5.692898988723755,0.6748161315917969,27.290690660476685,False
-5.692898988723755,0.6748161315917969,27.290690660476685,False
-5.692898988723755,0.6748161315917969,27.290690660476685,False
-5.692898988723755,0.6748161315917969,27.290690660476685,False
-5.692898988723755,0.6748161315917969,27.290690660476685,False
-5.692898988723755,0.6748161315917969,27.290690660476685,False
-5.692898988723755,0.6748161315917969,27.290690660476685,False
-5.692898988723755,0.6748161315917969,27.290690660476685,False
-5.692898988723755,0.6748161315917969,27.290690660476685,False
-5.692898988723755,0.6748161315917969,27.290690660476685,False
-5.692898988723755,0.6748161315917969,27.290690660476685,False
-5.692898988723755,0.6748161315917969,27.290690660476685,False
-5.692898988723755,0.6748161315917969,27.290690660476685,False
-5.692898988723755,0.6748161315917969,27.290690660476685,False
-5.692898988723755,0.6748161315917969,27.290690660476685,False
-5.692898988723755,0.6748161315917969,27.290690660476685,False
-5.692898988723755,0.6748161315917969,27.290690660476685,False
-5.692898988723755,0.6748161315917969,27.290690660476685,False
-5.692898988723755,0.6748161315917969,27.290690660476685,False
-5.692898988723755,0.6748161315917969,27.290690660476685,False
-5.692898988723755,0.6748161315917969,27.290690660476685,False
-5.692898988723755,0.6748161315917969,27.290690660476685,False
-5.692898988723755,0.6748161315917969,27.290690660476685,False
-5.692898988723755,0.6748161315917969,27.290690660476685,False
-5.692898988723755,0.6748161315917969,27.290690660476685,False
-5.692898988723755,0.6748161315917969,27.290690660476685,False
-5.692898988723755,0.6748161315917969,27.290690660476685,False
-5.692898988723755,0.6748161315917969,27.290690660476685,False
-5.692898988723755,0.6748161315917969,27.290690660476685,False
-5.692898988723755,0.6748161315917969,27.290690660476685,False
-5.692898988723755,0.6748161315917969,27.290690660476685,False
-5.692898988723755,0.6748161315917969,27.290690660476685,False
-5.692898988723755,0.6748161315917969,27.290690660476685,False
-5.692898988723755,0.6748161315917969,27.290690660476685,False
-5.692898988723755,0.6748161315917969,27.290690660476685,False
-5.692898988723755,0.6748161315917969,27.290690660476685,False
-5.692898988723755,0.6748161315917969,27.290690660476685,False
-5.692898988723755,0.6748161315917969,27.290690660476685,False
-5.692898988723755,0.6748161315917969,27.290690660476685,False
-5.692898988723755,0.6748161315917969,27.290690660476685,False
-5.692898988723755,0.6748161315917969,27.290690660476685,False
-5.692898988723755,0.6748161315917969,27.290690660476685,False
-5.692898988723755,0.6748161315917969,27.290690660476685,False
-5.692898988723755,0.6748161315917969,27.290690660476685,False
-5.692898988723755,0.6748161315917969,27.290690660476685,False
-5.692898988723755,0.6748161315917969,27.290690660476685,False
-5.692898988723755,0.6748161315917969,27.290690660476685,False
-5.692898988723755,0.6748161315917969,27.290690660476685,False
-5.692898988723755,0.6748161315917969,27.290690660476685,False
-5.692898988723755,0.6748161315917969,27.290690660476685,False
-5.692898988723755,0.6748161315917969,27.290690660476685,False
-5.692898988723755,0.6748161315917969,27.290690660476685,False
-5.692898988723755,0.6748161315917969,27.290690660476685,False
-5.692898988723755,0.6748161315917969,27.290690660476685,False
-5.692898988723755,0.6748161315917969,27.290690660476685,False
-5.692898988723755,0.6748161315917969,27.290690660476685,False
-5.692898988723755,0.6748161315917969,27.290690660476685,False
-5.692898988723755,0.6748161315917969,27.290690660476685,False
-5.692898988723755,0.6748161315917969,27.290690660476685,False
-5.692898988723755,0.6748161315917969,27.290690660476685,False
-5.692898988723755,0.6748161315917969,27.290690660476685,False
-5.692898988723755,0.6748161315917969,27.290690660476685,False
-5.692898988723755,0.6748161315917969,27.290690660476685,False
-5.692898988723755,0.6748161315917969,27.290690660476685,False
-5.692898988723755,0.6748161315917969,27.290690660476685,False
-5.692898988723755,0.6748161315917969,27.290690660476685,False
-5.692898988723755,0.6748161315917969,27.290690660476685,False
-5.692898988723755,0.6748161315917969,27.290690660476685,False
-5.692898988723755,0.6748161315917969,27.290690660476685,False
-5.692898988723755,0.6748161315917969,27.290690660476685,False
-5.692898988723755,0.6748161315917969,27.290690660476685,False
-5.692898988723755,0.6748161315917969,27.290690660476685,False
-5.692898988723755,0.6748161315917969,27.290690660476685,False
-5.692898988723755,0.6748161315917969,27.290690660476685,False
-5.692898988723755,0.6748161315917969,27.290690660476685,False
-5.692898988723755,0.6748161315917969,27.290690660476685,False
-5.692898988723755,0.6748161315917969,27.290690660476685,False
-5.692898988723755,0.6748161315917969,27.290690660476685,False
-5.692898988723755,0.6748161315917969,27.290690660476685,False
-5.692898988723755,0.6748161315917969,27.290690660476685,False
-5.692898988723755,0.6748161315917969,27.290690660476685,False
-5.692898988723755,0.6748161315917969,27.290690660476685,False
-5.692898988723755,0.6748161315917969,27.290690660476685,False
-5.692898988723755,0.6748161315917969,27.290690660476685,False
-5.692898988723755,0.6748161315917969,27.290690660476685,False
-5.692898988723755,0.6748161315917969,27.290690660476685,False
-5.692898988723755,0.6748161315917969,27.290690660476685,False
-5.692898988723755,0.6748161315917969,27.290690660476685,False
-5.692898988723755,0.6748161315917969,27.290690660476685,False
-5.692898988723755,0.6748161315917969,27.290690660476685,False
-5.692898988723755,0.6748161315917969,27.290690660476685,False
-5.692898988723755,0.6748161315917969,27.290690660476685,False
-5.692898988723755,0.6748161315917969,27.290690660476685,False
-5.692898988723755,0.6748161315917969,27.290690660476685,False
-5.692898988723755,0.6748161315917969,27.290690660476685,False
-5.692898988723755,0.6748161315917969,27.290690660476685,False
-5.692898988723755,0.6748161315917969,27.290690660476685,False
-5.692898988723755,0.6748161315917969,27.290690660476685,False
-5.692898988723755,0.6748161315917969,27.290690660476685,False
-5.692898988723755,0.6748161315917969,27.290690660476685,False
-5.692898988723755,0.6748161315917969,27.290690660476685,False
-5.692898988723755,0.6748161315917969,27.290690660476685,False
-5.692898988723755,0.6748161315917969,27.290690660476685,False
-5.692898988723755,0.6748161315917969,27.290690660476685,False
-5.692898988723755,0.6748161315917969,27.290690660476685,False
-5.692898988723755,0.6748161315917969,27.290690660476685,False
-5.692898988723755,0.6748161315917969,27.290690660476685,False
-5.692898988723755,0.6748161315917969,27.290690660476685,False
-5.692898988723755,0.6748161315917969,27.290690660476685,False
-5.692898988723755,0.6748161315917969,27.290690660476685,False
-5.692898988723755,0.6748161315917969,27.290690660476685,False
-5.692898988723755,0.6748161315917969,27.290690660476685,False
-5.692898988723755,0.6748161315917969,27.290690660476685,False
-5.692898988723755,0.6748161315917969,27.290690660476685,False
-5.692898988723755,0.6748161315917969,27.290690660476685,False
-5.692898988723755,0.6748161315917969,27.290690660476685,False
-5.692898988723755,0.6748161315917969,27.290690660476685,False
-5.692898988723755,0.6748161315917969,27.290690660476685,False
-5.692898988723755,0.6748161315917969,27.290690660476685,False
-5.692898988723755,0.6748161315917969,27.290690660476685,False
-5.692898988723755,0.6748161315917969,27.290690660476685,False
-5.692898988723755,0.6748161315917969,27.290690660476685,False
-5.692898988723755,0.6748161315917969,27.290690660476685,False
-5.692898988723755,0.6748161315917969,27.290690660476685,False
-5.692898988723755,0.6748161315917969,27.290690660476685,False
-5.692898988723755,0.6748161315917969,27.290690660476685,False
-5.692898988723755,0.6748161315917969,27.290690660476685,False
-5.692898988723755,0.6748161315917969,27.290690660476685,False
-5.692898988723755,0.6748161315917969,27.290690660476685,False
-5.692898988723755,0.6748161315917969,27.290690660476685,False
-5.692898988723755,0.6748161315917969,27.290690660476685,False
-5.692898988723755,0.6748161315917969,27.290690660476685,False
-5.692898988723755,0.6748161315917969,27.290690660476685,False
-5.692898988723755,0.6748161315917969,27.290690660476685,False
-5.692898988723755,0.6748161315917969,27.290690660476685,False
-5.692898988723755,0.6748161315917969,27.290690660476685,False
-5.692898988723755,0.6748161315917969,27.290690660476685,False
-5.692898988723755,0.6748161315917969,27.290690660476685,False
-5.692898988723755,0.6748161315917969,27.290690660476685,False
-5.692898988723755,0.6748161315917969,27.290690660476685,False
-5.692898988723755,0.6748161315917969,27.290690660476685,False
-5.692898988723755,0.6748161315917969,27.290690660476685,False
-5.692898988723755,0.6748161315917969,27.290690660476685,False
-5.692898988723755,0.6748161315917969,27.290690660476685,False
-5.692898988723755,0.6748161315917969,27.290690660476685,False
-5.692898988723755,0.6748161315917969,27.290690660476685,False
-5.692898988723755,0.6748161315917969,27.290690660476685,False
-5.692898988723755,0.6748161315917969,27.290690660476685,False
-5.692898988723755,0.6748161315917969,27.290690660476685,False
-5.692898988723755,0.6748161315917969,27.290690660476685,False
-5.692898988723755,0.6748161315917969,27.290690660476685,False
-5.692898988723755,0.6748161315917969,27.290690660476685,False
-5.692898988723755,0.6748161315917969,27.290690660476685,False
-5.692898988723755,0.6748161315917969,27.290690660476685,False
-5.692898988723755,0.6748161315917969,27.290690660476685,False
-5.692898988723755,0.6748161315917969,27.290690660476685,False
-5.692898988723755,0.6748161315917969,27.290690660476685,False
-5.692898988723755,0.6748161315917969,27.290690660476685,False
-5.692898988723755,0.6748161315917969,27.290690660476685,False
-5.692898988723755,0.6748161315917969,27.290690660476685,False
-5.692898988723755,0.6748161315917969,27.290690660476685,False
-5.692898988723755,0.6748161315917969,27.290690660476685,False
-5.692898988723755,0.6748161315917969,27.290690660476685,False
-5.692898988723755,0.6748161315917969,27.290690660476685,False
-5.692898988723755,0.6748161315917969,27.290690660476685,False
-5.692898988723755,0.6748161315917969,27.290690660476685,False
-5.692898988723755,0.6748161315917969,27.290690660476685,False
-5.692898988723755,0.6748161315917969,27.290690660476685,False
-5.692898988723755,0.6748161315917969,27.290690660476685,False
-5.692898988723755,0.6748161315917969,27.290690660476685,False
-5.692898988723755,0.6748161315917969,27.290690660476685,False
-5.692898988723755,0.6748161315917969,27.290690660476685,False
-5.692898988723755,0.6748161315917969,27.290690660476685,False
-5.692898988723755,0.6748161315917969,27.290690660476685,False
-5.692898988723755,0.6748161315917969,27.290690660476685,False
-5.692898988723755,0.6748161315917969,27.290690660476685,False
-5.692898988723755,0.6748161315917969,27.290690660476685,False
-5.692898988723755,0.6748161315917969,27.290690660476685,False
-5.692898988723755,0.6748161315917969,27.290690660476685,False
-5.692898988723755,0.6748161315917969,27.290690660476685,False
-5.692898988723755,0.6748161315917969,27.290690660476685,False
-5.692898988723755,0.6748161315917969,27.290690660476685,False
-5.692898988723755,0.6748161315917969,27.290690660476685,False
-5.692898988723755,0.6748161315917969,27.290690660476685,False
-5.692898988723755,0.6748161315917969,27.290690660476685,False
-5.692898988723755,0.6748161315917969,27.290690660476685,False
-5.692898988723755,0.6748161315917969,27.290690660476685,False
-5.692898988723755,0.6748161315917969,27.290690660476685,False
-5.692898988723755,0.6748161315917969,27.290690660476685,False
-5.692898988723755,0.6748161315917969,27.290690660476685,False
-5.692898988723755,0.6748161315917969,27.290690660476685,False
-5.692898988723755,0.6748161315917969,27.290690660476685,False
-5.692898988723755,0.6748161315917969,27.290690660476685,False
-5.692898988723755,0.6748161315917969,27.290690660476685,False
-5.692898988723755,0.6748161315917969,27.290690660476685,False
-5.692898988723755,0.6748161315917969,27.290690660476685,False
-5.692898988723755,0.6748161315917969,27.290690660476685,False
-5.692898988723755,0.6748161315917969,27.290690660476685,False
-5.692898988723755,0.6748161315917969,27.290690660476685,False
-5.692898988723755,0.6748161315917969,27.290690660476685,False
-5.692898988723755,0.6748161315917969,27.290690660476685,False
-5.692898988723755,0.6748161315917969,27.290690660476685,False
-5.692898988723755,0.6748161315917969,27.290690660476685,False
-5.692898988723755,0.6748161315917969,27.290690660476685,False
-5.692898988723755,0.6748161315917969,27.290690660476685,False
-5.692898988723755,0.6748161315917969,27.290690660476685,False
-5.692898988723755,0.6748161315917969,27.290690660476685,False
-5.692898988723755,0.6748161315917969,27.290690660476685,False
-5.692898988723755,0.6748161315917969,27.290690660476685,False
-5.692898988723755,0.6748161315917969,27.290690660476685,False
-5.692898988723755,0.6748161315917969,27.290690660476685,False
-5.692898988723755,0.6748161315917969,27.290690660476685,False
-5.692898988723755,0.6748161315917969,27.290690660476685,False
-5.692898988723755,0.6748161315917969,27.290690660476685,False
-5.692898988723755,0.6748161315917969,27.290690660476685,False
-5.692898988723755,0.6748161315917969,27.290690660476685,False
-5.692898988723755,0.6748161315917969,27.290690660476685,False
-5.692898988723755,0.6748161315917969,27.290690660476685,False
-5.692898988723755,0.6748161315917969,27.290690660476685,False
-5.692898988723755,0.6748161315917969,27.290690660476685,False
-5.692898988723755,0.6748161315917969,27.290690660476685,False
-5.692898988723755,0.6748161315917969,27.290690660476685,False
-5.692898988723755,0.6748161315917969,27.290690660476685,False
-5.692898988723755,0.6748161315917969,27.290690660476685,False
-5.692898988723755,0.6748161315917969,27.290690660476685,False
-5.692898988723755,0.6748161315917969,27.290690660476685,False
-5.692898988723755,0.6748161315917969,27.290690660476685,False
-5.692898988723755,0.6748161315917969,27.290690660476685,False
-5.692898988723755,0.6748161315917969,27.290690660476685,False
-5.692898988723755,0.6748161315917969,27.290690660476685,False
-5.692898988723755,0.6748161315917969,27.290690660476685,False
-5.692898988723755,0.6748161315917969,27.290690660476685,False
-5.692898988723755,0.6748161315917969,27.290690660476685,False
-5.692898988723755,0.6748161315917969,27.290690660476685,False
-5.692898988723755,0.6748161315917969,27.290690660476685,False
-5.692898988723755,0.6748161315917969,27.290690660476685,False
-5.692898988723755,0.6748161315917969,27.290690660476685,False
-5.692898988723755,0.6748161315917969,27.290690660476685,False
-5.692898988723755,0.6748161315917969,27.290690660476685,False
-5.692898988723755,0.6748161315917969,27.290690660476685,False
-5.692898988723755,0.6748161315917969,27.290690660476685,False
-5.692898988723755,0.6748161315917969,27.290690660476685,False
-5.692898988723755,0.6748161315917969,27.290690660476685,False
-5.692898988723755,0.6748161315917969,27.290690660476685,False
-5.692898988723755,0.6748161315917969,27.290690660476685,False
-5.692898988723755,0.6748161315917969,27.290690660476685,False
-5.692898988723755,0.6748161315917969,27.290690660476685,False
-5.692898988723755,0.6748161315917969,27.290690660476685,False
-5.692898988723755,0.6748161315917969,27.290690660476685,False
-5.692898988723755,0.6748161315917969,27.290690660476685,False
-5.692898988723755,0.6748161315917969,27.290690660476685,False
-5.692898988723755,0.6748161315917969,27.290690660476685,False
-5.692898988723755,0.6748161315917969,27.290690660476685,False
-5.692898988723755,0.6748161315917969,27.290690660476685,False
-5.692898988723755,0.6748161315917969,27.290690660476685,False
-5.692898988723755,0.6748161315917969,27.290690660476685,False
-5.692898988723755,0.6748161315917969,27.290690660476685,False
-5.692898988723755,0.6748161315917969,27.290690660476685,False
-5.692898988723755,0.6748161315917969,27.290690660476685,False
-5.692898988723755,0.6748161315917969,27.290690660476685,False
-5.692898988723755,0.6748161315917969,27.290690660476685,False
-5.692898988723755,0.6748161315917969,27.290690660476685,False
-5.692898988723755,0.6748161315917969,27.290690660476685,False
-5.692898988723755,0.6748161315917969,27.290690660476685,False
-5.692898988723755,0.6748161315917969,27.290690660476685,False
-5.692898988723755,0.6748161315917969,27.290690660476685,False
-5.692898988723755,0.6748161315917969,27.290690660476685,False
-5.692898988723755,0.6748161315917969,27.290690660476685,False
-5.692898988723755,0.6748161315917969,27.290690660476685,False
-5.692898988723755,0.6748161315917969,27.290690660476685,False
-5.692898988723755,0.6748161315917969,27.290690660476685,False
-5.692898988723755,0.6748161315917969,27.290690660476685,False
-5.692898988723755,0.6748161315917969,27.290690660476685,False
-5.692898988723755,0.6748161315917969,27.290690660476685,False
-5.692898988723755,0.6748161315917969,27.290690660476685,False
-5.692898988723755,0.6748161315917969,27.290690660476685,False
-5.692898988723755,0.6748161315917969,27.290690660476685,False
-5.692898988723755,0.6748161315917969,27.290690660476685,False
-5.692898988723755,0.6748161315917969,27.290690660476685,False
-5.692898988723755,0.6748161315917969,27.290690660476685,False
-5.692898988723755,0.6748161315917969,27.290690660476685,False
-5.692898988723755,0.6748161315917969,27.290690660476685,False
-5.692898988723755,0.6748161315917969,27.290690660476685,False
-5.692898988723755,0.6748161315917969,27.290690660476685,False
-5.692898988723755,0.6748161315917969,27.290690660476685,False
-5.692898988723755,0.6748161315917969,27.290690660476685,False
-5.692898988723755,0.6748161315917969,27.290690660476685,False
-5.692898988723755,0.6748161315917969,27.290690660476685,False
-5.692898988723755,0.6748161315917969,27.290690660476685,False
-5.692898988723755,0.6748161315917969,27.290690660476685,False
-5.692898988723755,0.6748161315917969,27.290690660476685,False
-5.692898988723755,0.6748161315917969,27.290690660476685,False
-5.692898988723755,0.6748161315917969,27.290690660476685,False
-5.692898988723755,0.6748161315917969,27.290690660476685,False
-5.692898988723755,0.6748161315917969,27.290690660476685,False
-5.692898988723755,0.6748161315917969,27.290690660476685,False
-5.692898988723755,0.6748161315917969,27.290690660476685,False
-5.692898988723755,0.6748161315917969,27.290690660476685,False
-5.692898988723755,0.6748161315917969,27.290690660476685,False
-5.692898988723755,0.6748161315917969,27.290690660476685,False
-5.692898988723755,0.6748161315917969,27.290690660476685,False
-5.692898988723755,0.6748161315917969,27.290690660476685,False
-5.692898988723755,0.6748161315917969,27.290690660476685,False
-5.692898988723755,0.6748161315917969,27.290690660476685,False
-5.692898988723755,0.6748161315917969,27.290690660476685,False
-5.692898988723755,0.6748161315917969,27.290690660476685,False
-5.692898988723755,0.6748161315917969,27.290690660476685,False
-5.692898988723755,0.6748161315917969,27.290690660476685,False
-5.692898988723755,0.6748161315917969,27.290690660476685,False
-5.692898988723755,0.6748161315917969,27.290690660476685,False
-5.692898988723755,0.6748161315917969,27.290690660476685,False
-5.692898988723755,0.6748161315917969,27.290690660476685,False
-5.692898988723755,0.6748161315917969,27.290690660476685,False
-5.692898988723755,0.6748161315917969,27.290690660476685,False
-5.692898988723755,0.6748161315917969,27.290690660476685,False
-5.692898988723755,0.6748161315917969,27.290690660476685,False
-5.692898988723755,0.6748161315917969,27.290690660476685,False
-5.692898988723755,0.6748161315917969,27.290690660476685,False
-5.692898988723755,0.6748161315917969,27.290690660476685,False
-5.692898988723755,0.6748161315917969,27.290690660476685,False
-5.692898988723755,0.6748161315917969,27.290690660476685,False
-5.692898988723755,0.6748161315917969,27.290690660476685,False
-5.692898988723755,0.6748161315917969,27.290690660476685,False
-5.692898988723755,0.6748161315917969,27.290690660476685,False
-5.692898988723755,0.6748161315917969,27.290690660476685,False
-5.692898988723755,0.6748161315917969,27.290690660476685,False
-5.692898988723755,0.6748161315917969,27.290690660476685,False
-5.692898988723755,0.6748161315917969,27.290690660476685,False
-5.692898988723755,0.6748161315917969,27.290690660476685,False
-5.692898988723755,0.6748161315917969,27.290690660476685,False
-5.692898988723755,0.6748161315917969,27.290690660476685,False
-5.692898988723755,0.6748161315917969,27.290690660476685,False
-5.692898988723755,0.6748161315917969,27.290690660476685,False
-5.692898988723755,0.6748161315917969,27.290690660476685,False
-5.692898988723755,0.6748161315917969,27.290690660476685,False
-5.692898988723755,0.6748161315917969,27.290690660476685,False
-5.692898988723755,0.6748161315917969,27.290690660476685,False
-5.692898988723755,0.6748161315917969,27.290690660476685,False
-5.692898988723755,0.6748161315917969,27.290690660476685,False
-5.692898988723755,0.6748161315917969,27.290690660476685,False
-5.692898988723755,0.6748161315917969,27.290690660476685,False
-5.692898988723755,0.6748161315917969,27.290690660476685,False
-5.692898988723755,0.6748161315917969,27.290690660476685,False
-5.692898988723755,0.6748161315917969,27.290690660476685,False
-5.692898988723755,0.6748161315917969,27.290690660476685,False
-5.692898988723755,0.6748161315917969,27.290690660476685,False
-5.692898988723755,0.6748161315917969,27.290690660476685,False
-5.692898988723755,0.6748161315917969,27.290690660476685,False
-5.692898988723755,0.6748161315917969,27.290690660476685,False
-5.692898988723755,0.6748161315917969,27.290690660476685,False
-5.692898988723755,0.6748161315917969,27.290690660476685,False
-5.692898988723755,0.6748161315917969,27.290690660476685,False
-5.692898988723755,0.6748161315917969,27.290690660476685,False
-5.692898988723755,0.6748161315917969,27.290690660476685,False
-5.692898988723755,0.6748161315917969,27.290690660476685,False
-5.692898988723755,0.6748161315917969,27.290690660476685,False
-5.692898988723755,0.6748161315917969,27.290690660476685,False
-5.692898988723755,0.6748161315917969,27.290690660476685,False
-5.692898988723755,0.6748161315917969,27.290690660476685,False
-5.692898988723755,0.6748161315917969,27.290690660476685,False
-5.692898988723755,0.6748161315917969,27.290690660476685,False
-5.692898988723755,0.6748161315917969,27.290690660476685,False
-5.692898988723755,0.6748161315917969,27.290690660476685,False
-5.692898988723755,0.6748161315917969,27.290690660476685,False
-5.692898988723755,0.6748161315917969,27.290690660476685,False
-5.692898988723755,0.6748161315917969,27.290690660476685,False
-5.692898988723755,0.6748161315917969,27.290690660476685,False
-5.692898988723755,0.6748161315917969,27.290690660476685,False
-5.692898988723755,0.6748161315917969,27.290690660476685,False
-5.692898988723755,0.6748161315917969,27.290690660476685,False
-5.692898988723755,0.6748161315917969,27.290690660476685,False
-5.692898988723755,0.6748161315917969,27.290690660476685,False
-5.692898988723755,0.6748161315917969,27.290690660476685,False
-5.692898988723755,0.6748161315917969,27.290690660476685,False
-5.692898988723755,0.6748161315917969,27.290690660476685,False
-5.692898988723755,0.6748161315917969,27.290690660476685,False
-5.692898988723755,0.6748161315917969,27.290690660476685,False
-5.692898988723755,0.6748161315917969,27.290690660476685,False
-5.692898988723755,0.6748161315917969,27.290690660476685,False
-5.692898988723755,0.6748161315917969,27.290690660476685,False
-5.692898988723755,0.6748161315917969,27.290690660476685,False
-5.692898988723755,0.6748161315917969,27.290690660476685,False
-5.692898988723755,0.6748161315917969,27.290690660476685,False
-5.692898988723755,0.6748161315917969,27.290690660476685,False
-5.692898988723755,0.6748161315917969,27.290690660476685,False
-5.692898988723755,0.6748161315917969,27.290690660476685,False
-5.692898988723755,0.6748161315917969,27.290690660476685,False
-5.692898988723755,0.6748161315917969,27.290690660476685,False
-5.692898988723755,0.6748161315917969,27.290690660476685,False
-5.692898988723755,0.6748161315917969,27.290690660476685,False
-5.692898988723755,0.6748161315917969,27.290690660476685,False
-5.692898988723755,0.6748161315917969,27.290690660476685,False
-5.692898988723755,0.6748161315917969,27.290690660476685,False
-5.692898988723755,0.6748161315917969,27.290690660476685,False
-5.692898988723755,0.6748161315917969,27.290690660476685,False
-5.692898988723755,0.6748161315917969,27.290690660476685,False
-5.692898988723755,0.6748161315917969,27.290690660476685,False
-5.692898988723755,0.6748161315917969,27.290690660476685,False
-5.692898988723755,0.6748161315917969,27.290690660476685,False
-5.692898988723755,0.6748161315917969,27.290690660476685,False
-5.692898988723755,0.6748161315917969,27.290690660476685,False
-5.692898988723755,0.6748161315917969,27.290690660476685,False
-5.692898988723755,0.6748161315917969,27.290690660476685,False
-5.692898988723755,0.6748161315917969,27.290690660476685,False
-5.692898988723755,0.6748161315917969,27.290690660476685,False
-5.692898988723755,0.6748161315917969,27.290690660476685,False
-5.692898988723755,0.6748161315917969,27.290690660476685,False
-5.692898988723755,0.6748161315917969,27.290690660476685,False
-5.692898988723755,0.6748161315917969,27.290690660476685,False
-5.692898988723755,0.6748161315917969,27.290690660476685,False
-5.692898988723755,0.6748161315917969,27.290690660476685,False
-5.692898988723755,0.6748161315917969,27.290690660476685,False
-5.692898988723755,0.6748161315917969,27.290690660476685,False
-5.692898988723755,0.6748161315917969,27.290690660476685,False
-5.692898988723755,0.6748161315917969,27.290690660476685,False
-5.692898988723755,0.6748161315917969,27.290690660476685,False
-5.692898988723755,0.6748161315917969,27.290690660476685,False
-5.692898988723755,0.6748161315917969,27.290690660476685,False
-5.692898988723755,0.6748161315917969,27.290690660476685,False
-5.692898988723755,0.6748161315917969,27.290690660476685,False
-5.692898988723755,0.6748161315917969,27.290690660476685,False
-5.692898988723755,0.6748161315917969,27.290690660476685,False
-5.692898988723755,0.6748161315917969,27.290690660476685,False
-5.692898988723755,0.6748161315917969,27.290690660476685,False
-5.692898988723755,0.6748161315917969,27.290690660476685,False
-5.692898988723755,0.6748161315917969,27.290690660476685,False
-5.692898988723755,0.6748161315917969,27.290690660476685,False
-5.692898988723755,0.6748161315917969,27.290690660476685,False
-5.692898988723755,0.6748161315917969,27.290690660476685,False
-5.692898988723755,0.6748161315917969,27.290690660476685,False
-5.692898988723755,0.6748161315917969,27.290690660476685,False
-5.692898988723755,0.6748161315917969,27.290690660476685,False
-5.692898988723755,0.6748161315917969,27.290690660476685,False
-5.692898988723755,0.6748161315917969,27.290690660476685,False
-5.692898988723755,0.6748161315917969,27.290690660476685,False
-5.692898988723755,0.6748161315917969,27.290690660476685,False
-5.692898988723755,0.6748161315917969,27.290690660476685,False
-5.692898988723755,0.6748161315917969,27.290690660476685,False
-5.692898988723755,0.6748161315917969,27.290690660476685,False
-5.692898988723755,0.6748161315917969,27.290690660476685,False
-5.692898988723755,0.6748161315917969,27.290690660476685,False
-5.692898988723755,0.6748161315917969,27.290690660476685,False
-5.692898988723755,0.6748161315917969,27.290690660476685,False
-5.692898988723755,0.6748161315917969,27.290690660476685,False
-5.692898988723755,0.6748161315917969,27.290690660476685,False
-5.692898988723755,0.6748161315917969,27.290690660476685,False
-5.692898988723755,0.6748161315917969,27.290690660476685,False
-5.692898988723755,0.6748161315917969,27.290690660476685,False
-5.692898988723755,0.6748161315917969,27.290690660476685,False
-5.692898988723755,0.6748161315917969,27.290690660476685,False
-5.692898988723755,0.6748161315917969,27.290690660476685,False
-5.692898988723755,0.6748161315917969,27.290690660476685,False
-5.692898988723755,0.6748161315917969,27.290690660476685,False
-5.692898988723755,0.6748161315917969,27.290690660476685,False
-5.692898988723755,0.6748161315917969,27.290690660476685,False
-5.692898988723755,0.6748161315917969,27.290690660476685,False
-5.692898988723755,0.6748161315917969,27.290690660476685,False
-5.692898988723755,0.6748161315917969,27.290690660476685,False
-5.692898988723755,0.6748161315917969,27.290690660476685,False
-5.692898988723755,0.6748161315917969,27.290690660476685,False
-5.692898988723755,0.6748161315917969,27.290690660476685,False
-5.692898988723755,0.6748161315917969,27.290690660476685,False
-5.692898988723755,0.6748161315917969,27.290690660476685,False
-5.692898988723755,0.6748161315917969,27.290690660476685,False
-5.692898988723755,0.6748161315917969,27.290690660476685,False
-5.692898988723755,0.6748161315917969,27.290690660476685,False
-5.692898988723755,0.6748161315917969,27.290690660476685,False
-5.692898988723755,0.6748161315917969,27.290690660476685,False
-5.692898988723755,0.6748161315917969,27.290690660476685,False
-5.692898988723755,0.6748161315917969,27.290690660476685,False
-5.692898988723755,0.6748161315917969,27.290690660476685,False
-5.692898988723755,0.6748161315917969,27.290690660476685,False
-5.692898988723755,0.6748161315917969,27.290690660476685,False
-5.692898988723755,0.6748161315917969,27.290690660476685,False
-5.692898988723755,0.6748161315917969,27.290690660476685,False
-5.692898988723755,0.6748161315917969,27.290690660476685,False
-5.692898988723755,0.6748161315917969,27.290690660476685,False
-5.692898988723755,0.6748161315917969,27.290690660476685,False
-5.692898988723755,0.6748161315917969,27.290690660476685,False
-5.692898988723755,0.6748161315917969,27.290690660476685,False
-5.692898988723755,0.6748161315917969,27.290690660476685,False
-5.692898988723755,0.6748161315917969,27.290690660476685,False
-5.692898988723755,0.6748161315917969,27.290690660476685,False
-5.692898988723755,0.6748161315917969,27.290690660476685,False
-5.692898988723755,0.6748161315917969,27.290690660476685,False
-5.692898988723755,0.6748161315917969,27.290690660476685,False
-5.692898988723755,0.6748161315917969,27.290690660476685,False
-5.692898988723755,0.6748161315917969,27.290690660476685,False
-5.692898988723755,0.6748161315917969,27.290690660476685,False
-5.692898988723755,0.6748161315917969,27.290690660476685,False
-5.692898988723755,0.6748161315917969,27.290690660476685,False
-5.692898988723755,0.6748161315917969,27.290690660476685,False
-5.692898988723755,0.6748161315917969,27.290690660476685,False
-5.692898988723755,0.6748161315917969,27.290690660476685,False
-5.692898988723755,0.6748161315917969,27.290690660476685,False
-5.692898988723755,0.6748161315917969,27.290690660476685,False
-5.692898988723755,0.6748161315917969,27.290690660476685,False
-5.692898988723755,0.6748161315917969,27.290690660476685,False
-5.692898988723755,0.6748161315917969,27.290690660476685,False
-5.692898988723755,0.6748161315917969,27.290690660476685,False
-5.692898988723755,0.6748161315917969,27.290690660476685,False
-5.692898988723755,0.6748161315917969,27.290690660476685,False
-5.692898988723755,0.6748161315917969,27.290690660476685,False
-5.692898988723755,0.6748161315917969,27.290690660476685,False
-5.692898988723755,0.6748161315917969,27.290690660476685,False
-5.692898988723755,0.6748161315917969,27.290690660476685,False
-5.692898988723755,0.6748161315917969,27.290690660476685,False
-5.692898988723755,0.6748161315917969,27.290690660476685,False
-5.692898988723755,0.6748161315917969,27.290690660476685,False
-5.692898988723755,0.6748161315917969,27.290690660476685,False
-5.692898988723755,0.6748161315917969,27.290690660476685,False
-5.692898988723755,0.6748161315917969,27.290690660476685,False
-5.692898988723755,0.6748161315917969,27.290690660476685,False
-5.692898988723755,0.6748161315917969,27.290690660476685,False
-5.692898988723755,0.6748161315917969,27.290690660476685,False
-5.692898988723755,0.6748161315917969,27.290690660476685,False
-5.692898988723755,0.6748161315917969,27.290690660476685,False
-5.692898988723755,0.6748161315917969,27.290690660476685,False
-5.692898988723755,0.6748161315917969,27.290690660476685,False
-5.692898988723755,0.6748161315917969,27.290690660476685,False
-5.692898988723755,0.6748161315917969,27.290690660476685,False
-5.692898988723755,0.6748161315917969,27.290690660476685,False
-5.692898988723755,0.6748161315917969,27.290690660476685,False
-5.692898988723755,0.6748161315917969,27.290690660476685,False
-5.692898988723755,0.6748161315917969,27.290690660476685,False
-5.692898988723755,0.6748161315917969,27.290690660476685,False
-5.692898988723755,0.6748161315917969,27.290690660476685,False
-5.692898988723755,0.6748161315917969,27.290690660476685,False
-5.692898988723755,0.6748161315917969,27.290690660476685,False
-5.692898988723755,0.6748161315917969,27.290690660476685,False
-5.692898988723755,0.6748161315917969,27.290690660476685,False
-5.692898988723755,0.6748161315917969,27.290690660476685,False
-5.692898988723755,0.6748161315917969,27.290690660476685,False
-5.692898988723755,0.6748161315917969,27.290690660476685,False
-5.692898988723755,0.6748161315917969,27.290690660476685,False
-5.692898988723755,0.6748161315917969,27.290690660476685,False
-5.692898988723755,0.6748161315917969,27.290690660476685,False
-5.692898988723755,0.6748161315917969,27.290690660476685,False
-5.692898988723755,0.6748161315917969,27.290690660476685,False
-5.692898988723755,0.6748161315917969,27.290690660476685,False
-5.692898988723755,0.6748161315917969,27.290690660476685,False
-5.692898988723755,0.6748161315917969,27.290690660476685,False
-5.692898988723755,0.6748161315917969,27.290690660476685,False
-5.692898988723755,0.6748161315917969,27.290690660476685,False
-5.692898988723755,0.6748161315917969,27.290690660476685,False
-5.692898988723755,0.6748161315917969,27.290690660476685,False
-5.692898988723755,0.6748161315917969,27.290690660476685,False
-5.692898988723755,0.6748161315917969,27.290690660476685,False
-5.692898988723755,0.6748161315917969,27.290690660476685,False
-5.692898988723755,0.6748161315917969,27.290690660476685,False
-5.692898988723755,0.6748161315917969,27.290690660476685,False
-5.692898988723755,0.6748161315917969,27.290690660476685,False
-5.692898988723755,0.6748161315917969,27.290690660476685,False
-5.692898988723755,0.6748161315917969,27.290690660476685,False
-5.692898988723755,0.6748161315917969,27.290690660476685,False
-5.692898988723755,0.6748161315917969,27.290690660476685,False
-5.692898988723755,0.6748161315917969,27.290690660476685,False
-5.692898988723755,0.6748161315917969,27.290690660476685,False
-5.692898988723755,0.6748161315917969,27.290690660476685,False
-5.692898988723755,0.6748161315917969,27.290690660476685,False
-5.692898988723755,0.6748161315917969,27.290690660476685,False
-5.692898988723755,0.6748161315917969,27.290690660476685,False
-5.692898988723755,0.6748161315917969,27.290690660476685,False
-5.692898988723755,0.6748161315917969,27.290690660476685,False
-5.692898988723755,0.6748161315917969,27.290690660476685,False
-5.692898988723755,0.6748161315917969,27.290690660476685,False
-5.692898988723755,0.6748161315917969,27.290690660476685,False
-5.692898988723755,0.6748161315917969,27.290690660476685,False
-5.692898988723755,0.6748161315917969,27.290690660476685,False
-5.692898988723755,0.6748161315917969,27.290690660476685,False
-5.692898988723755,0.6748161315917969,27.290690660476685,False
-5.692898988723755,0.6748161315917969,27.290690660476685,False
-5.692898988723755,0.6748161315917969,27.290690660476685,False
-5.692898988723755,0.6748161315917969,27.290690660476685,False
-5.692898988723755,0.6748161315917969,27.290690660476685,False
-5.692898988723755,0.6748161315917969,27.290690660476685,False
-5.692898988723755,0.6748161315917969,27.290690660476685,False
-5.692898988723755,0.6748161315917969,27.290690660476685,False
-5.692898988723755,0.6748161315917969,27.290690660476685,False
-5.692898988723755,0.6748161315917969,27.290690660476685,False
-5.692898988723755,0.6748161315917969,27.290690660476685,False
-5.692898988723755,0.6748161315917969,27.290690660476685,False
-5.692898988723755,0.6748161315917969,27.290690660476685,False
-5.692898988723755,0.6748161315917969,27.290690660476685,False
-5.692898988723755,0.6748161315917969,27.290690660476685,False
-5.692898988723755,0.6748161315917969,27.290690660476685,False
-5.692898988723755,0.6748161315917969,27.290690660476685,False
-5.692898988723755,0.6748161315917969,27.290690660476685,False
-5.692898988723755,0.6748161315917969,27.290690660476685,False
-5.692898988723755,0.6748161315917969,27.290690660476685,False
-5.692898988723755,0.6748161315917969,27.290690660476685,False
-5.692898988723755,0.6748161315917969,27.290690660476685,False
-5.692898988723755,0.6748161315917969,27.290690660476685,False
-5.692898988723755,0.6748161315917969,27.290690660476685,False
-5.692898988723755,0.6748161315917969,27.290690660476685,False
-5.692898988723755,0.6748161315917969,27.290690660476685,False
-5.692898988723755,0.6748161315917969,27.290690660476685,False
-5.692898988723755,0.6748161315917969,27.290690660476685,False
-5.692898988723755,0.6748161315917969,27.290690660476685,False
-5.692898988723755,0.6748161315917969,27.290690660476685,False
-5.692898988723755,0.6748161315917969,27.290690660476685,False
-5.692898988723755,0.6748161315917969,27.290690660476685,False
-5.692898988723755,0.6748161315917969,27.290690660476685,False
-5.692898988723755,0.6748161315917969,27.290690660476685,False
-5.692898988723755,0.6748161315917969,27.290690660476685,False
-5.692898988723755,0.6748161315917969,27.290690660476685,False
-5.692898988723755,0.6748161315917969,27.290690660476685,False
-5.692898988723755,0.6748161315917969,27.290690660476685,False
-5.692898988723755,0.6748161315917969,27.290690660476685,False
-5.692898988723755,0.6748161315917969,27.290690660476685,False
-5.692898988723755,0.6748161315917969,27.290690660476685,False
-5.692898988723755,0.6748161315917969,27.290690660476685,False
-5.692898988723755,0.6748161315917969,27.290690660476685,False
-5.692898988723755,0.6748161315917969,27.290690660476685,False
-5.692898988723755,0.6748161315917969,27.290690660476685,False
-5.692898988723755,0.6748161315917969,27.290690660476685,False
-5.692898988723755,0.6748161315917969,27.290690660476685,False
-5.692898988723755,0.6748161315917969,27.290690660476685,False
-5.692898988723755,0.6748161315917969,27.290690660476685,False
-5.692898988723755,0.6748161315917969,27.290690660476685,False
-5.692898988723755,0.6748161315917969,27.290690660476685,False
-5.692898988723755,0.6748161315917969,27.290690660476685,False
-5.692898988723755,0.6748161315917969,27.290690660476685,False
-5.692898988723755,0.6748161315917969,27.290690660476685,False
-5.692898988723755,0.6748161315917969,27.290690660476685,False
-5.692898988723755,0.6748161315917969,27.290690660476685,False
-5.692898988723755,0.6748161315917969,27.290690660476685,False
-5.692898988723755,0.6748161315917969,27.290690660476685,False
-5.692898988723755,0.6748161315917969,27.290690660476685,False
-5.692898988723755,0.6748161315917969,27.290690660476685,False
-5.692898988723755,0.6748161315917969,27.290690660476685,False
-5.692898988723755,0.6748161315917969,27.290690660476685,False
-5.692898988723755,0.6748161315917969,27.290690660476685,False
-5.692898988723755,0.6748161315917969,27.290690660476685,False
-5.692898988723755,0.6748161315917969,27.290690660476685,False
-5.692898988723755,0.6748161315917969,27.290690660476685,False
-5.692898988723755,0.6748161315917969,27.290690660476685,False
-5.692898988723755,0.6748161315917969,27.290690660476685,False
-5.692898988723755,0.6748161315917969,27.290690660476685,False
-5.692898988723755,0.6748161315917969,27.290690660476685,False
-5.692898988723755,0.6748161315917969,27.290690660476685,False
-5.692898988723755,0.6748161315917969,27.290690660476685,False
-5.692898988723755,0.6748161315917969,27.290690660476685,False
-5.692898988723755,0.6748161315917969,27.290690660476685,False
-5.692898988723755,0.6748161315917969,27.290690660476685,False
-5.692898988723755,0.6748161315917969,27.290690660476685,False
-5.692898988723755,0.6748161315917969,27.290690660476685,False
-5.692898988723755,0.6748161315917969,27.290690660476685,False
-5.692898988723755,0.6748161315917969,27.290690660476685,False
-5.692898988723755,0.6748161315917969,27.290690660476685,False
-5.692898988723755,0.6748161315917969,27.290690660476685,False
-5.692898988723755,0.6748161315917969,27.290690660476685,False
-5.692898988723755,0.6748161315917969,27.290690660476685,False
-5.692898988723755,0.6748161315917969,27.290690660476685,False
-5.692898988723755,0.6748161315917969,27.290690660476685,False
-5.692898988723755,0.6748161315917969,27.290690660476685,False
-5.692898988723755,0.6748161315917969,27.290690660476685,False
-5.692898988723755,0.6748161315917969,27.290690660476685,False
-5.692898988723755,0.6748161315917969,27.290690660476685,False
-5.692898988723755,0.6748161315917969,27.290690660476685,False
-5.692898988723755,0.6748161315917969,27.290690660476685,False
-5.692898988723755,0.6748161315917969,27.290690660476685,False
-5.692898988723755,0.6748161315917969,27.290690660476685,False
-5.692898988723755,0.6748161315917969,27.290690660476685,False
-5.692898988723755,0.6748161315917969,27.290690660476685,False
-5.692898988723755,0.6748161315917969,27.290690660476685,False
-5.692898988723755,0.6748161315917969,27.290690660476685,False
-5.692898988723755,0.6748161315917969,27.290690660476685,False
-5.692898988723755,0.6748161315917969,27.290690660476685,False
-5.692898988723755,0.6748161315917969,27.290690660476685,False
-5.692898988723755,0.6748161315917969,27.290690660476685,False
-5.692898988723755,0.6748161315917969,27.290690660476685,False
-5.692898988723755,0.6748161315917969,27.290690660476685,False
-5.692898988723755,0.6748161315917969,27.290690660476685,False
-5.692898988723755,0.6748161315917969,27.290690660476685,False
-5.692898988723755,0.6748161315917969,27.290690660476685,False
-5.692898988723755,0.6748161315917969,27.290690660476685,False
-5.692898988723755,0.6748161315917969,27.290690660476685,False
-5.692898988723755,0.6748161315917969,27.290690660476685,False
-5.692898988723755,0.6748161315917969,27.290690660476685,False
-5.692898988723755,0.6748161315917969,27.290690660476685,False
-5.692898988723755,0.6748161315917969,27.290690660476685,False
-5.692898988723755,0.6748161315917969,27.290690660476685,False
-5.692898988723755,0.6748161315917969,27.290690660476685,False
-5.692898988723755,0.6748161315917969,27.290690660476685,False
-5.692898988723755,0.6748161315917969,27.290690660476685,False
-5.692898988723755,0.6748161315917969,27.290690660476685,False
-5.692898988723755,0.6748161315917969,27.290690660476685,False
-5.692898988723755,0.6748161315917969,27.290690660476685,False
-5.692898988723755,0.6748161315917969,27.290690660476685,False
-5.692898988723755,0.6748161315917969,27.290690660476685,False
-5.692898988723755,0.6748161315917969,27.290690660476685,False
-5.692898988723755,0.6748161315917969,27.290690660476685,False
-5.692898988723755,0.6748161315917969,27.290690660476685,False
-5.692898988723755,0.6748161315917969,27.290690660476685,False
-5.692898988723755,0.6748161315917969,27.290690660476685,False
-5.692898988723755,0.6748161315917969,27.290690660476685,False
-5.692898988723755,0.6748161315917969,27.290690660476685,False
-5.692898988723755,0.6748161315917969,27.290690660476685,False
-5.692898988723755,0.6748161315917969,27.290690660476685,False
-5.692898988723755,0.6748161315917969,27.290690660476685,False
-5.692898988723755,0.6748161315917969,27.290690660476685,False
-5.692898988723755,0.6748161315917969,27.290690660476685,False
-5.692898988723755,0.6748161315917969,27.290690660476685,False
-5.692898988723755,0.6748161315917969,27.290690660476685,False
-5.692898988723755,0.6748161315917969,27.290690660476685,False
-5.692898988723755,0.6748161315917969,27.290690660476685,False
-5.692898988723755,0.6748161315917969,27.290690660476685,False
-5.692898988723755,0.6748161315917969,27.290690660476685,False
-5.692898988723755,0.6748161315917969,27.290690660476685,False
-5.692898988723755,0.6748161315917969,27.290690660476685,False
-5.692898988723755,0.6748161315917969,27.290690660476685,False
-5.692898988723755,0.6748161315917969,27.290690660476685,False
-5.692898988723755,0.6748161315917969,27.290690660476685,False
-5.692898988723755,0.6748161315917969,27.290690660476685,False
-5.692898988723755,0.6748161315917969,27.290690660476685,False
-5.692898988723755,0.6748161315917969,27.290690660476685,False
-5.692898988723755,0.6748161315917969,27.290690660476685,False
-5.692898988723755,0.6748161315917969,27.290690660476685,False
-5.692898988723755,0.6748161315917969,27.290690660476685,False
-5.692898988723755,0.6748161315917969,27.290690660476685,False
-5.692898988723755,0.6748161315917969,27.290690660476685,False
-5.692898988723755,0.6748161315917969,27.290690660476685,False
-5.692898988723755,0.6748161315917969,27.290690660476685,False
-5.692898988723755,0.6748161315917969,27.290690660476685,False
-5.692898988723755,0.6748161315917969,27.290690660476685,False
-5.692898988723755,0.6748161315917969,27.290690660476685,False
-5.692898988723755,0.6748161315917969,27.290690660476685,False
-5.692898988723755,0.6748161315917969,27.290690660476685,False
-5.692898988723755,0.6748161315917969,27.290690660476685,False
-5.692898988723755,0.6748161315917969,27.290690660476685,False
-5.692898988723755,0.6748161315917969,27.290690660476685,False
-5.692898988723755,0.6748161315917969,27.290690660476685,False
-5.692898988723755,0.6748161315917969,27.290690660476685,False
-5.692898988723755,0.6748161315917969,27.290690660476685,False
-5.692898988723755,0.6748161315917969,27.290690660476685,False
-5.692898988723755,0.6748161315917969,27.290690660476685,False
-5.692898988723755,0.6748161315917969,27.290690660476685,False
-5.692898988723755,0.6748161315917969,27.290690660476685,False
-5.692898988723755,0.6748161315917969,27.290690660476685,False
-5.692898988723755,0.6748161315917969,27.290690660476685,False
-5.692898988723755,0.6748161315917969,27.290690660476685,False
-5.692898988723755,0.6748161315917969,27.290690660476685,False
-5.692898988723755,0.6748161315917969,27.290690660476685,False
-5.692898988723755,0.6748161315917969,27.290690660476685,False
-5.692898988723755,0.6748161315917969,27.290690660476685,False
-5.692898988723755,0.6748161315917969,27.290690660476685,False
-5.692898988723755,0.6748161315917969,27.290690660476685,False
-5.692898988723755,0.6748161315917969,27.290690660476685,False
-5.692898988723755,0.6748161315917969,27.290690660476685,False
-5.692898988723755,0.6748161315917969,27.290690660476685,False
-5.692898988723755,0.6748161315917969,27.290690660476685,False
-5.692898988723755,0.6748161315917969,27.290690660476685,False
-5.692898988723755,0.6748161315917969,27.290690660476685,False
-5.692898988723755,0.6748161315917969,27.290690660476685,False
-5.692898988723755,0.6748161315917969,27.290690660476685,False
-5.692898988723755,0.6748161315917969,27.290690660476685,False
-5.692898988723755,0.6748161315917969,27.290690660476685,False
-5.692898988723755,0.6748161315917969,27.290690660476685,False
-5.692898988723755,0.6748161315917969,27.290690660476685,False
-5.692898988723755,0.6748161315917969,27.290690660476685,False
-5.692898988723755,0.6748161315917969,27.290690660476685,False
-5.692898988723755,0.6748161315917969,27.290690660476685,False
-5.692898988723755,0.6748161315917969,27.290690660476685,False
-5.692898988723755,0.6748161315917969,27.290690660476685,False
-5.692898988723755,0.6748161315917969,27.290690660476685,False
-5.692898988723755,0.6748161315917969,27.290690660476685,False
-5.692898988723755,0.6748161315917969,27.290690660476685,False
-5.692898988723755,0.6748161315917969,27.290690660476685,False
-5.692898988723755,0.6748161315917969,27.290690660476685,False
-5.692898988723755,0.6748161315917969,27.290690660476685,False
-5.692898988723755,0.6748161315917969,27.290690660476685,False
-5.692898988723755,0.6748161315917969,27.290690660476685,False
-5.692898988723755,0.6748161315917969,27.290690660476685,False
-5.692898988723755,0.6748161315917969,27.290690660476685,False
-5.692898988723755,0.6748161315917969,27.290690660476685,False
-5.692898988723755,0.6748161315917969,27.290690660476685,False
-5.692898988723755,0.6748161315917969,27.290690660476685,False
-5.692898988723755,0.6748161315917969,27.290690660476685,False
-5.692898988723755,0.6748161315917969,27.290690660476685,False
-5.692898988723755,0.6748161315917969,27.290690660476685,False
-5.692898988723755,0.6748161315917969,27.290690660476685,False
-5.692898988723755,0.6748161315917969,27.290690660476685,False
-5.692898988723755,0.6748161315917969,27.290690660476685,False
-5.692898988723755,0.6748161315917969,27.290690660476685,False
-5.692898988723755,0.6748161315917969,27.290690660476685,False
-5.692898988723755,0.6748161315917969,27.290690660476685,False
-5.692898988723755,0.6748161315917969,27.290690660476685,False
-5.692898988723755,0.6748161315917969,27.290690660476685,False
-5.692898988723755,0.6748161315917969,27.290690660476685,False
-5.692898988723755,0.6748161315917969,27.290690660476685,False
-5.692898988723755,0.6748161315917969,27.290690660476685,False
-5.692898988723755,0.6748161315917969,27.290690660476685,False
-5.692898988723755,0.6748161315917969,27.290690660476685,False
-5.692898988723755,0.6748161315917969,27.290690660476685,False
-5.692898988723755,0.6748161315917969,27.290690660476685,False
-5.692898988723755,0.6748161315917969,27.290690660476685,False
-5.692898988723755,0.6748161315917969,27.290690660476685,False
-5.692898988723755,0.6748161315917969,27.290690660476685,False
-5.692898988723755,0.6748161315917969,27.290690660476685,False
-5.692898988723755,0.6748161315917969,27.290690660476685,False
-5.692898988723755,0.6748161315917969,27.290690660476685,False
-5.692898988723755,0.6748161315917969,27.290690660476685,False
-5.692898988723755,0.6748161315917969,27.290690660476685,False
-5.692898988723755,0.6748161315917969,27.290690660476685,False
-5.692898988723755,0.6748161315917969,27.290690660476685,False
-5.692898988723755,0.6748161315917969,27.290690660476685,False
-5.692898988723755,0.6748161315917969,27.290690660476685,False
-5.692898988723755,0.6748161315917969,27.290690660476685,False
-5.692898988723755,0.6748161315917969,27.290690660476685,False
-5.692898988723755,0.6748161315917969,27.290690660476685,False
-5.692898988723755,0.6748161315917969,27.290690660476685,False
-5.692898988723755,0.6748161315917969,27.290690660476685,False
-5.692898988723755,0.6748161315917969,27.290690660476685,False
-5.692898988723755,0.6748161315917969,27.290690660476685,False
-5.692898988723755,0.6748161315917969,27.290690660476685,False
-5.692898988723755,0.6748161315917969,27.290690660476685,False
-5.692898988723755,0.6748161315917969,27.290690660476685,False
-5.692898988723755,0.6748161315917969,27.290690660476685,False
-5.692898988723755,0.6748161315917969,27.290690660476685,False
-5.692898988723755,0.6748161315917969,27.290690660476685,False
-5.692898988723755,0.6748161315917969,27.290690660476685,False
-5.692898988723755,0.6748161315917969,27.290690660476685,False
-5.692898988723755,0.6748161315917969,27.290690660476685,False
-5.692898988723755,0.6748161315917969,27.290690660476685,False
-5.692898988723755,0.6748161315917969,27.290690660476685,False
-5.692898988723755,0.6748161315917969,27.290690660476685,False
-5.692898988723755,0.6748161315917969,27.290690660476685,False
-5.692898988723755,0.6748161315917969,27.290690660476685,False
-5.692898988723755,0.6748161315917969,27.290690660476685,False
-5.692898988723755,0.6748161315917969,27.290690660476685,False
-5.692898988723755,0.6748161315917969,27.290690660476685,False
-5.692898988723755,0.6748161315917969,27.290690660476685,False
-5.692898988723755,0.6748161315917969,27.290690660476685,False
-5.692898988723755,0.6748161315917969,27.290690660476685,False
-5.692898988723755,0.6748161315917969,27.290690660476685,False
-5.692898988723755,0.6748161315917969,27.290690660476685,False
-5.692898988723755,0.6748161315917969,27.290690660476685,False
-5.692898988723755,0.6748161315917969,27.290690660476685,False
-5.692898988723755,0.6748161315917969,27.290690660476685,False
-5.692898988723755,0.6748161315917969,27.290690660476685,False
-5.692898988723755,0.6748161315917969,27.290690660476685,False
-5.692898988723755,0.6748161315917969,27.290690660476685,False
-5.692898988723755,0.6748161315917969,27.290690660476685,False
-5.692898988723755,0.6748161315917969,27.290690660476685,False
-5.692898988723755,0.6748161315917969,27.290690660476685,False
-5.692898988723755,0.6748161315917969,27.290690660476685,False
-5.692898988723755,0.6748161315917969,27.290690660476685,False
-5.692898988723755,0.6748161315917969,27.290690660476685,False
-5.692898988723755,0.6748161315917969,27.290690660476685,False
-5.692898988723755,0.6748161315917969,27.290690660476685,False
-5.692898988723755,0.6748161315917969,27.290690660476685,False
-5.692898988723755,0.6748161315917969,27.290690660476685,False
-5.692898988723755,0.6748161315917969,27.290690660476685,False
-5.692898988723755,0.6748161315917969,27.290690660476685,False
-5.692898988723755,0.6748161315917969,27.290690660476685,False
-5.692898988723755,0.6748161315917969,27.290690660476685,False
-5.692898988723755,0.6748161315917969,27.290690660476685,False
-5.692898988723755,0.6748161315917969,27.290690660476685,False
-5.692898988723755,0.6748161315917969,27.290690660476685,False
-5.692898988723755,0.6748161315917969,27.290690660476685,False
-5.692898988723755,0.6748161315917969,27.290690660476685,False
-5.692898988723755,0.6748161315917969,27.290690660476685,False
-5.692898988723755,0.6748161315917969,27.290690660476685,False
-5.692898988723755,0.6748161315917969,27.290690660476685,False
-5.692898988723755,0.6748161315917969,27.290690660476685,False
-5.692898988723755,0.6748161315917969,27.290690660476685,False
-5.692898988723755,0.6748161315917969,27.290690660476685,False
-5.692898988723755,0.6748161315917969,27.290690660476685,False
-5.692898988723755,0.6748161315917969,27.290690660476685,False
-5.692898988723755,0.6748161315917969,27.290690660476685,False
-5.692898988723755,0.6748161315917969,27.290690660476685,False
-5.692898988723755,0.6748161315917969,27.290690660476685,False
-5.692898988723755,0.6748161315917969,27.290690660476685,False
-5.692898988723755,0.6748161315917969,27.290690660476685,False
-5.692898988723755,0.6748161315917969,27.290690660476685,False
-5.692898988723755,0.6748161315917969,27.290690660476685,False
-5.692898988723755,0.6748161315917969,27.290690660476685,False
-5.692898988723755,0.6748161315917969,27.290690660476685,False
-5.692898988723755,0.6748161315917969,27.290690660476685,False
-5.692898988723755,0.6748161315917969,27.290690660476685,False
-5.692898988723755,0.6748161315917969,27.290690660476685,False
-5.692898988723755,0.6748161315917969,27.290690660476685,False
-5.692898988723755,0.6748161315917969,27.290690660476685,False
-5.692898988723755,0.6748161315917969,27.290690660476685,False
-5.692898988723755,0.6748161315917969,27.290690660476685,False
-5.692898988723755,0.6748161315917969,27.290690660476685,False
-5.692898988723755,0.6748161315917969,27.290690660476685,False
-5.692898988723755,0.6748161315917969,27.290690660476685,False
-5.692898988723755,0.6748161315917969,27.290690660476685,False
-5.692898988723755,0.6748161315917969,27.290690660476685,False
-5.692898988723755,0.6748161315917969,27.290690660476685,False
-5.692898988723755,0.6748161315917969,27.290690660476685,False
-5.692898988723755,0.6748161315917969,27.290690660476685,False
-5.692898988723755,0.6748161315917969,27.290690660476685,False
-5.692898988723755,0.6748161315917969,27.290690660476685,False
-5.692898988723755,0.6748161315917969,27.290690660476685,False
-5.692898988723755,0.6748161315917969,27.290690660476685,False
-5.692898988723755,0.6748161315917969,27.290690660476685,False
-5.692898988723755,0.6748161315917969,27.290690660476685,False
-5.692898988723755,0.6748161315917969,27.283658266067505,False
-5.692898988723755,0.6748161315917969,27.277583837509155,False
-5.692898988723755,0.6748161315917969,27.271562814712524,False
-5.692898988723755,0.6748161315917969,27.26652979850769,False
-5.692898988723755,0.6748161315917969,27.260530710220337,False
-5.692898988723755,0.6748161315917969,27.25445246696472,False
-5.692898988723755,0.6748161315917969,27.249412298202515,False
-5.692898988723755,0.6748161315917969,27.243382692337036,False
-5.692898988723755,0.6748161315917969,27.237396001815796,False
-5.692898988723755,0.6748161315917969,27.231382608413696,False
-5.692898988723755,0.6748161315917969,27.226446390151978,False
-5.692898988723755,0.6748161315917969,27.220441579818726,False
-5.692898988723755,0.6748161315917969,27.214442014694214,False
-5.692898988723755,0.6748161315917969,27.209447145462036,False
-5.692898988723755,0.6748161315917969,27.20141911506653,False
-5.692898988723755,0.6748161315917969,27.193437337875366,False
-5.692898988723755,0.6748161315917969,27.18841004371643,False
-5.692898988723755,0.6748161315917969,27.18438744544983,False
-5.692898988723755,0.6748161315917969,27.17838740348816,False
-5.692898988723755,0.6748161315917969,27.172388315200806,False
-5.692898988723755,0.6748161315917969,27.167335748672485,False
-5.692898988723755,0.6748161315917969,27.16134285926819,False
-5.692898988723755,0.6748161315917969,27.155341863632202,False
-5.692898988723755,0.6748161315917969,27.148656606674194,False
-5.692898988723755,0.6748161315917969,27.14243483543396,False
-5.692898988723755,0.6748161315917969,27.136407613754272,False
-5.692898988723755,0.6748161315917969,27.1253445148468,False
-5.692898988723755,0.6748161315917969,27.119325399398804,False
-5.692898988723755,0.6748161315917969,27.11329436302185,False
-5.692898988723755,0.6748161315917969,27.10708785057068,False
-5.692898988723755,0.6748161315917969,27.100946187973022,False
-5.692898988723755,0.6748161315917969,27.09499478340149,False
-5.692898988723755,0.6748161315917969,27.087966203689575,False
-5.686816930770874,0.6808981895446777,27.084925174713135,False
-5.680878400802612,0.6868367195129395,27.081955909729004,False
-5.669813394546509,0.697901725769043,27.076423406600952,False
-5.663763761520386,0.703951358795166,27.07339859008789,False
-5.657743692398071,0.7099714279174805,27.070388555526733,False
-5.651693105697632,0.7160220146179199,27.067363262176514,False
-5.645678758621216,0.7220363616943359,27.064356088638306,False
-5.639683485031128,0.7280316352844238,27.06135845184326,False
-5.632662534713745,0.7350525856018066,27.05784797668457,False
-5.628641366958618,0.7390737533569336,27.055837392807007,False
-5.6226418018341064,0.7450733184814453,27.05283761024475,False
-5.61675763130188,0.7509574890136719,27.049895524978638,False
-5.611737489700317,0.7559776306152344,27.047385454177856,False
-5.60364556312561,0.7640695571899414,27.043339490890503,False
-5.595712900161743,0.7720022201538086,27.03937315940857,False
-5.5916664600372314,0.7760486602783203,27.037349939346313,False
-5.585695505142212,0.7820196151733398,27.034364461898804,False
-5.579694986343384,0.788020133972168,27.03136420249939,False
-5.572675466537476,0.7950396537780762,27.027854442596436,False
-5.568660020828247,0.7990550994873047,27.02584671974182,False
-5.562594652175903,0.8051204681396484,27.02281403541565,False
-5.555485486984253,0.8122296333312988,27.019259452819824,False
-5.54841685295105,0.819298267364502,27.015725135803223,False
-5.542417764663696,0.8252973556518555,27.012725591659546,False
-5.536400556564331,0.8313145637512207,27.009716987609863,False
-5.529401063919067,0.8383140563964844,27.00621724128723,False
-5.523411512374878,0.8443036079406738,27.003222465515137,False
-5.517402410507202,0.8503127098083496,27.0002179145813,False
-5.511181116104126,0.8565340042114258,26.99710726737976,False
-5.505741357803345,0.861973762512207,26.99438738822937,False
-5.501732587814331,0.8659825325012207,26.992383003234863,False
-5.495743989944458,0.8719711303710938,26.989388704299927,False
-5.489529848098755,0.8781852722167969,26.986281633377075,False
-5.483539819717407,0.8841753005981445,26.9832866191864,False
-5.462522983551025,0.9051921367645264,26.97728180885315,False
-5.425976753234863,0.9417383670806885,26.966840028762817,False
-5.405095100402832,0.9626200199127197,26.96087384223938,False
-5.380495071411133,0.987220048904419,26.953845262527466,False
-5.359421491622925,1.008293628692627,26.947824239730835,False
-5.338419675827026,1.0292954444885254,26.941823720932007,False
-5.317421197891235,1.0502939224243164,26.935824155807495,False
-5.292862892150879,1.0748522281646729,26.928807497024536,False
-5.271851062774658,1.0958640575408936,26.92280411720276,False
-5.250864267349243,1.1168508529663086,26.916807889938354,False
-5.219248056411743,1.1484670639038086,26.907774686813354,False
-5.191248416900635,1.176466703414917,26.89977478981018,False
-5.166706800460815,1.2010083198547363,26.892762899398804,False
-5.152594327926636,1.215120792388916,26.888730764389038,False
-5.1315758228302,1.2361392974853516,26.882725477218628,False
-5.1106040477752686,1.2571110725402832,26.876733541488647,False
-5.092973470687866,1.2747416496276855,26.87169623374939,False
-5.071928262710571,1.2957868576049805,26.86568331718445,False
-5.050919771194458,1.3167953491210938,26.859680891036987,False
-5.029614210128784,1.3381009101867676,26.853593587875366,False
-5.001511096954346,1.366204023361206,26.845564126968384,False
-4.973518133163452,1.3941969871520996,26.837566137313843,False
-4.951234579086304,1.416480541229248,26.831199407577515,False
-4.930269479751587,1.4374456405639648,26.825209379196167,False
-4.90925931930542,1.4584558010101318,26.819206476211548,False
-4.884706020355225,1.4830090999603271,26.812191247940063,False
-4.863605737686157,1.5041093826293945,26.8061625957489,False
-4.842560529708862,1.5251545906066895,26.80014967918396,False
-4.818085670471191,1.5496294498443604,26.79315686225891,False
-4.7969887256622314,1.5707263946533203,26.787129163742065,False
-4.768982410430908,1.5987327098846436,26.77912735939026,False
-4.723654270172119,1.6667249202728271,26.7700617313385,False
-4.6936445236206055,1.7117395401000977,26.7640597820282,False
-4.6635966300964355,1.7568113803863525,26.758050203323364,False
-4.632413864135742,1.8035855293273926,26.751813650131226,False
-4.602427959442139,1.8485643863677979,26.745816469192505,False
-4.572375297546387,1.8936433792114258,26.739805936813354,False
-4.537327766418457,1.9462146759033203,26.73279643058777,False
-4.517212390899658,1.9763877391815186,26.72877335548401,False
-4.487216949462891,2.02138090133667,26.722774267196655,False
-4.4572882652282715,2.0662739276885986,26.71678853034973,False
-4.432123184204102,2.1040215492248535,26.711755514144897,False
-4.402146816253662,2.1489861011505127,26.70576024055481,False
-4.382150650024414,2.1789803504943848,26.70176100730896,False
-4.352086067199707,2.2240772247314453,26.69574809074402,False
-4.328117847442627,2.2600295543670654,26.690954446792603,False
-4.302440166473389,2.298546075820923,26.685818910598755,False
-4.282391548156738,2.3286190032958984,26.681809186935425,False
-4.252458095550537,2.3735191822052,26.675822496414185,False
-4.21729850769043,2.4262585639953613,26.668790578842163,False
-4.187353134155273,2.4711766242980957,26.662801504135132,False
-4.15225076675415,2.5238301753997803,26.655781030654907,False
-4.102116107940674,2.599032163619995,26.645754098892212,False
-4.072094440460205,2.6440646648406982,26.639749765396118,False
-4.036989688873291,2.6967217922210693,26.632728815078735,False
-4.016883850097656,2.7268805503845215,26.62870764732361,False
-3.9868717193603516,2.7718987464904785,26.622705221176147,False
-3.956881046295166,2.816884756088257,26.61670708656311,False
-3.9315037727355957,2.8549506664276123,26.611631631851196,False
-3.9016799926757812,2.899686336517334,26.605666875839233,False
-3.871729850769043,2.9446115493774414,26.599676847457886,False
-3.836632251739502,2.997257947921753,26.592657327651978,False
-3.806562900543213,3.0423619747161865,26.58664345741272,False
-3.766596794128418,3.102311134338379,26.57865023612976,False
-3.7384138107299805,3.179814338684082,26.568081617355347,False
-3.722355842590332,3.2239737510681152,26.56205987930298,False
-3.698367118835449,3.289942741394043,26.553064107894897,False
-3.674370765686035,3.3559327125549316,26.544065475463867,False
-3.650149345397949,3.422541618347168,26.534982442855835,False
-3.6261892318725586,3.488431930541992,26.525997400283813,False
-3.602231025695801,3.554316997528076,26.51701307296753,False
-3.577763557434082,3.6216025352478027,26.507837772369385,False
-3.5537214279174805,3.687718391418457,26.49882197380066,False
-3.537785530090332,3.7315421104431152,26.49284601211548,False
-3.5057554244995117,3.819624900817871,26.48083472251892,False
-3.47031307220459,3.9170913696289062,26.467543840408325,False
-3.44631290435791,3.9830918312072754,26.45854377746582,False
-3.4262571334838867,4.03824520111084,26.45102286338806,False
-3.402125358581543,4.104607582092285,26.441973447799683,False
-3.378188133239746,4.170434951782227,26.43299698829651,False
-3.3541345596313477,4.236582279205322,26.42397689819336,False
-3.334061622619629,4.291782855987549,26.416449546813965,False
-3.309931755065918,4.358139991760254,26.407400846481323,False
-3.2938833236694336,4.402273178100586,26.40138268470764,False
-3.2654237747192383,4.480536937713623,26.39071035385132,False
-3.225356101989746,4.590723037719727,26.37568497657776,False
-3.2013139724731445,4.656838893890381,26.366669178009033,False
-3.1768064498901367,4.724234580993652,26.357478857040405,False
-3.1528711318969727,4.7900567054748535,26.34850311279297,False
-3.128859519958496,4.856088638305664,26.33949875831604,False
-3.100802421569824,4.933245658874512,26.328977346420288,False
-3.0767393112182617,4.999419212341309,26.319953680038452,False
-3.0527448654174805,5.065403938293457,26.31095576286316,False
-3.0246191024780273,5.142749786376953,26.300408601760864,False
-3.0005083084106445,5.209054470062256,26.291367053985596,False
-2.9765100479125977,5.275049686431885,26.282367706298828,False
-2.9483346939086914,5.352531909942627,26.271801948547363,False
-2.936267852783203,5.4188995361328125,26.259735107421875,False
-2.9242773056030273,5.484847545623779,26.2477445602417,False
-2.912259101867676,5.550947666168213,26.235726356506348,False
-2.898242950439453,5.6280364990234375,26.221710205078125,False
-2.8862695693969727,5.69389009475708,26.209736824035645,False
-2.8742427825927734,5.760037422180176,26.197710037231445,False
-2.8641529083251953,5.8155317306518555,26.187620162963867,False
-2.852153778076172,5.881526947021484,26.175621032714844,False
-2.836141586303711,5.9695940017700195,26.159608840942383,False
-2.822054862976074,6.0470709800720215,26.145522117614746,False
-2.8100109100341797,6.113312721252441,26.13347816467285,False
-2.798008918762207,6.179323673248291,26.12147617340088,False
-2.783909797668457,6.256868839263916,26.10737705230713,False
-2.771944046020508,6.322680473327637,26.09541130065918,False
-2.759903907775879,6.388901233673096,26.08337116241455,False
-2.7458982467651367,6.465932369232178,26.06936550140381,False
-2.7338695526123047,6.532090187072754,26.057336807250977,False
-2.7218685150146484,6.598095893859863,26.04533576965332,False
-2.705744743347168,6.686776638031006,26.02921199798584,False
-2.6857290267944336,6.796863079071045,26.009196281433105,False
-2.677694320678711,6.8410539627075195,26.001161575317383,False
-2.6676759719848633,6.896154880523682,25.991143226623535,False
-2.655611991882324,6.9625067710876465,25.979079246520996,False
-2.643612861633301,7.028501987457275,25.967080116271973,False
-2.631603240966797,7.094554901123047,25.95507049560547,False
-2.6175785064697266,7.171690940856934,25.9410457611084,False
-2.60556697845459,7.2377543449401855,25.92903423309326,False
-2.5935773849487305,7.303697109222412,25.917044639587402,False
-2.5834999084472656,7.359123229980469,25.906967163085938,False
-2.571476936340332,7.4252495765686035,25.894944190979004,False
-2.555466651916504,7.513306140899658,25.878933906555176,False
-2.541341781616211,7.5909929275512695,25.864809036254883,False
-2.5353446006774902,7.650964736938477,25.84681749343872,False
-2.5313620567321777,7.690790176391602,25.834869861602783,False
-2.524298667907715,7.7614240646362305,25.813679695129395,False
-2.5182571411132812,7.821839332580566,25.795555114746094,False
-2.51226806640625,7.881730079650879,25.777587890625,False
-2.506282329559326,7.941587448120117,25.75963068008423,False
-2.5011954307556152,7.992456436157227,25.744369983673096,False
-2.4951987266540527,8.052423477172852,25.726379871368408,False
-2.489196300506592,8.112447738647461,25.708372592926025,False
-2.4821510314941406,8.182900428771973,25.687236785888672,False
-2.473719596862793,8.26721477508545,25.66194248199463,False
-2.4696879386901855,8.307531356811523,25.649847507476807,False
-2.4647178649902344,8.357232093811035,25.634937286376953,False
-2.4585485458374023,8.418925285339355,25.616429328918457,False
-2.4525585174560547,8.478825569152832,25.598459243774414,False
-2.446536064147949,8.539050102233887,25.580391883850098,False
-2.4413657188415527,8.590753555297852,25.564880847930908,False
-2.435206890106201,8.652341842651367,25.546404361724854,False
-2.4291915893554688,8.712494850158691,25.528358459472656,False
-2.4229488372802734,8.774922370910645,25.50963020324707,False
-2.4167823791503906,8.836586952209473,25.491130828857422,False
-2.4107651710510254,8.896759033203125,25.473079204559326,False
-2.406925678253174,8.93515396118164,25.46156072616577,False
-2.3996095657348633,9.008315086364746,25.43961238861084,False
-2.3935747146606445,9.068663597106934,25.421507835388184,False
-2.387606143951416,9.128349304199219,25.403602123260498,False
-2.382457733154297,9.17983341217041,25.38815689086914,False
-2.3764238357543945,9.240172386169434,25.370055198669434,False
-2.3704237937927246,9.300172805786133,25.352055072784424,False
-2.363347053527832,9.370940208435059,25.330824851989746,False
-2.355316638946533,9.451244354248047,25.30673360824585,False
-2.343822479248047,9.56618595123291,25.27225112915039,False
-2.3376197814941406,9.628212928771973,25.253643035888672,False
-2.3376197814941406,9.677774429321289,25.224489212036133,False
-2.3376197814941406,9.73786997795105,25.189138889312744,False
-2.3376197814941406,9.789133787155151,25.15898370742798,False
-2.3376197814941406,9.840101718902588,25.129002571105957,False
-2.3376197814941406,9.89633059501648,25.095926761627197,False
-2.3376197814941406,9.94900894165039,25.064939498901367,False
-2.3376197814941406,10.016201496124268,25.02541446685791,False
-2.3376197814941406,10.07737922668457,24.98942756652832,False
-2.3376197814941406,10.130171060562134,24.958373546600342,False
-2.3376197814941406,10.180972814559937,24.928490161895752,False
-2.3376197814941406,10.230481624603271,24.899367332458496,False
-2.3376197814941406,10.274915933609009,24.873229503631592,False
-2.3376197814941406,10.324870586395264,24.843844413757324,False
-2.3376197814941406,10.377305746078491,24.813000202178955,False
-2.3376197814941406,10.438613176345825,24.776937007904053,False
-2.3376197814941406,10.490448474884033,24.746445655822754,False
-2.3376197814941406,10.55645751953125,24.707616806030273,False
-2.3376197814941406,10.660278081893921,24.646545886993408,False
-2.3376197814941406,10.69616436958313,24.625436305999756,False
-2.3376197814941406,10.747095823287964,24.595476627349854,False
-2.3376197814941406,10.806567192077637,24.56049346923828,False
-2.3376197814941406,10.85766077041626,24.53043842315674,False
-2.3376197814941406,10.908430099487305,24.500574111938477,False
-2.3376197814941406,10.971030473709106,24.46375036239624,False
-2.3376197814941406,11.021710634231567,24.43393850326538,False
-2.3376197814941406,11.073679685592651,24.40336847305298,False
-2.3376197814941406,11.134743928909302,24.367448329925537,False
-2.3376197814941406,11.20146632194519,24.328199863433838,False
-2.3376197814941406,11.278783559799194,24.282719135284424,False
-2.3376197814941406,11.331429481506348,24.251750946044922,False
-2.3376197814941406,11.381035566329956,24.22257089614868,False
-2.3485159873962402,11.424620389938354,24.171721935272217,False
-2.357872247695923,11.462045431137085,24.12805938720703,False
-2.366793632507324,11.49773097038269,24.086426258087158,False
-2.375732183456421,11.533485174179077,24.044713020324707,False
-2.386280059814453,11.575676679611206,23.995489597320557,False
-2.395334482192993,11.611894369125366,23.953235626220703,False
-2.402979850769043,11.642475843429565,23.91755723953247,False
-2.4137766361236572,11.685662984848022,23.867172241210938,False
-2.422753095626831,11.721568822860718,23.825282096862793,False
-2.431786060333252,11.757700681686401,23.783128261566162,False
-2.44134259223938,11.795926809310913,23.7385311126709,False
-2.4503555297851562,11.831978559494019,23.696470737457275,False
-2.4620778560638428,11.878867864608765,23.64176654815674,False
-2.4700264930725098,11.910662412643433,23.60467290878296,False
-2.4793806076049805,11.948078870773315,23.561020374298096,False
-2.4895100593566895,11.988596677780151,23.513749599456787,False
-2.4957499504089355,12.013556241989136,23.48463010787964,False
-2.5085866451263428,12.064903020858765,23.42472553253174,False
-2.5238523483276367,12.12596583366394,23.353485584259033,False
-2.5347914695739746,12.169722318649292,23.302436351776123,False
-2.5436642169952393,12.20521330833435,23.261030197143555,False
-2.5518574714660645,12.237986326217651,23.222795009613037,False
-2.5582869052886963,12.263704061508179,23.192790985107422,False
-2.567505121231079,12.30057692527771,23.14977264404297,False
-2.5765867233276367,12.33690333366394,23.107391834259033,False
-2.585578203201294,12.37286925315857,23.065431594848633,False
-2.602320909500122,12.439840078353882,22.9872989654541,False
-2.6113202571868896,12.475837469100952,22.94530200958252,False
-2.6278791427612305,12.542073011398315,22.868027210235596,False
-2.6368985176086426,12.578150510787964,22.825936794281006,False
-2.6553258895874023,12.600263357162476,22.770654678344727,False
-2.670660972595215,12.61866545677185,22.72464942932129,False
-2.6860544681549072,12.637137651443481,22.678468942642212,False
-2.7014825344085693,12.655651330947876,22.632184743881226,False
-2.7174458503723145,12.67480731010437,22.58429479598999,False
-2.7322134971618652,12.692528486251831,22.539991855621338,False
-2.7472469806671143,12.71056866645813,22.49489140510559,False
-2.7653846740722656,12.732333898544312,22.440478324890137,False
-2.7805850505828857,12.750574350357056,22.394877195358276,False
-2.795707941055298,12.76872181892395,22.34950852394104,False
-2.8118512630462646,12.78809380531311,22.30107855796814,False
-2.82694673538208,12.806208372116089,22.255792140960693,False
-2.8423736095428467,12.824720621109009,22.209511518478394,False
-2.855560541152954,12.840544939041138,22.16995072364807,False
-2.871349811553955,12.859492063522339,22.12258291244507,False
-2.886855363845825,12.878098726272583,22.076066255569458,False
-2.9014203548431396,12.89557671546936,22.032371282577515,False
-2.9287383556365967,12.928358316421509,21.950417280197144,False
-2.944286823272705,12.947016477584839,21.90377187728882,False
-2.962326765060425,12.968664407730103,21.84965205192566,False
-2.982046365737915,12.99232792854309,21.79049324989319,False
-2.9970524311065674,13.010335206985474,21.74547505378723,False
-3.0151185989379883,13.032014608383179,21.69127655029297,False
-3.0300519466400146,13.04993462562561,21.64647650718689,False
-3.044621706008911,13.067418336868286,21.6027672290802,False
-3.0615482330322266,13.087730169296265,21.551987648010254,False
-3.0762181282043457,13.105334043502808,21.507977962493896,False
-3.0916318893432617,13.123830556869507,21.46173667907715,False
-3.109276056289673,13.1450035572052,21.408804178237915,False
-3.1247148513793945,13.163530111312866,21.36248779296875,False
-3.1398162841796875,13.181651830673218,21.31718349456787,False
-3.1572625637054443,13.202587366104126,21.2648446559906,False
-3.1729397773742676,13.21199369430542,21.21781301498413,False
-3.1894514560699463,13.221900701522827,21.168277978897095,False
-3.200014591217041,13.228238582611084,21.13658857345581,False
-3.2174274921417236,13.238686323165894,21.084349870681763,False
-3.2326362133026123,13.247811555862427,21.038723707199097,False
-3.2474634647369385,13.256707906723022,20.994241952896118,False
-3.270493507385254,13.270525932312012,20.925151824951172,False
-3.2952914237976074,13.285404682159424,20.85075807571411,False
-3.308446168899536,13.293297529220581,20.811293840408325,False
-3.3235082626342773,13.302334785461426,20.7661075592041,False
-3.338970899581909,13.311612367630005,20.719719648361206,False
-3.3570239543914795,13.322444200515747,20.665560483932495,False
-3.372661828994751,13.33182692527771,20.61864686012268,False
-3.3870766162872314,13.340475797653198,20.57540249824524,False
-3.40525484085083,13.351382732391357,20.520867824554443,False
-3.4303150177001953,13.366418838500977,20.445687294006348,False
-3.445319890975952,13.37542176246643,20.400672674179077,False
-3.4620139598846436,13.385438203811646,20.350590467453003,False
-3.477048635482788,13.394459009170532,20.30548644065857,False
-3.492014169692993,13.403438329696655,20.260589838027954,False
-3.504611015319824,13.410996437072754,20.22279930114746,False
-3.5196921825408936,13.420045137405396,20.177555799484253,False
-3.534691095352173,13.429044485092163,20.132559061050415,False
-3.5496912002563477,13.438044548034668,20.08755874633789,False
-3.5645947456359863,13.446986675262451,20.042848110198975,False
-3.5846457481384277,13.459017276763916,19.98269510269165,False
-3.6046550273895264,13.471022844314575,19.922667264938354,False
-3.6172280311584473,13.478566646575928,19.884948253631592,False
-3.632274627685547,13.487594604492188,19.839808464050293,False
-3.647233009338379,13.496569633483887,19.794933319091797,False
-3.659822702407837,13.504123449325562,19.757164239883423,False
-3.6697838306427,13.51010012626648,19.727280855178833,False
-3.6848185062408447,13.513107061386108,19.68518376350403,False
-3.6997876167297363,13.516100883483887,19.643270254135132,False
-3.7150630950927734,13.519155979156494,19.600498914718628,False
-3.73504376411438,13.523152112960815,19.54455304145813,False
-3.7550458908081055,13.52715253829956,19.4885470867157,False
-3.7675962448120117,13.529662609100342,19.45340609550476,False
-3.7826309204101562,13.53266954421997,19.411309003829956,False
-3.797631025314331,13.535669565200806,19.369308710098267,False
-3.8123879432678223,13.538620948791504,19.32798933982849,False
-3.8227531909942627,13.540693998336792,19.298966646194458,False
-3.8376710414886475,13.543677568435669,19.25719666481018,False
-3.8555071353912354,13.547244787216187,19.207255601882935,False
-3.8709590435028076,13.550335168838501,19.163990259170532,False
-3.885810136795044,13.553305387496948,19.12240719795227,False
-3.906872034072876,13.557517766952515,19.06343388557434,False
-3.9173362255096436,13.559610605239868,19.03413414955139,False
-3.932310104370117,13.562605381011963,18.992207288742065,False
-3.9474902153015137,13.565641403198242,18.949702978134155,False
-3.9654812812805176,13.569239616394043,18.899327993392944,False
-3.98009991645813,13.572163343429565,18.85839581489563,False
-3.995094060897827,13.575162172317505,18.816412210464478,False
-4.010474443435669,13.578238248825073,18.77334713935852,False
-4.0254411697387695,13.581231594085693,18.73144030570984,False
-4.040441274642944,13.584231615066528,18.68944001197815,False
-4.057965040206909,13.587736368179321,18.640373468399048,False
-4.073339462280273,13.590811252593994,18.597325086593628,False
-4.088418245315552,13.59382700920105,18.55510449409485,False
-4.111085891723633,13.598360538482666,18.49163508415222,False
-4.126399517059326,13.601423263549805,18.44875693321228,False
-4.141461610794067,13.604435682296753,18.406583070755005,False
-4.158984184265137,13.607940196990967,18.35751986503601,False
-4.169039487838745,13.609951257705688,18.329365015029907,False
-4.18400502204895,13.609951257705688,18.293447732925415,False
-4.199038505554199,13.609951257705688,18.257367372512817,False
-4.211632966995239,13.609951257705688,18.22714066505432,False
-4.226628303527832,13.609951257705688,18.1911518573761,False
-4.241633176803589,13.609951257705688,18.155140161514282,False
-4.264216184616089,13.609951257705688,18.100940942764282,False
-4.279211521148682,13.609951257705688,18.06495213508606,False
-4.294175863265991,13.609951257705688,18.029037714004517,False
-4.306777477264404,13.609951257705688,17.998793840408325,False
-4.321874141693115,13.609951257705688,17.96256184577942,False
-4.3368754386901855,13.609951257705688,17.92655873298645,False
-4.3544909954071045,13.609951257705688,17.884281396865845,False
-4.364527225494385,13.609951257705688,17.860194444656372,False
-4.379560708999634,13.609951257705688,17.824114084243774,False
-4.394625186920166,13.609951257705688,17.787959337234497,False
-4.417195081710815,13.609951257705688,17.73379158973694,False
-4.433690071105957,13.609951257705688,17.6942036151886,False
-4.448694944381714,13.609951257705688,17.658191919326782,False
-4.461248874664307,13.609951257705688,17.62806248664856,False
-4.476288318634033,13.609951257705688,17.591967821121216,False
-4.491281270980835,13.609951257705688,17.55598473548889,False
-4.506312370300293,13.609951257705688,17.519910097122192,False
-4.518948554992676,13.609951257705688,17.489583253860474,False
-4.533999919891357,13.609951257705688,17.453459978103638,False
-4.548942804336548,13.609951257705688,17.41759705543518,False
-4.561533689498901,13.609951257705688,17.387378931045532,False
-4.576549291610718,13.609951257705688,17.351341485977173,False
-4.596534729003906,13.609951257705688,17.30337643623352,False
-4.613544702529907,13.609951257705688,17.262552499771118,False
-4.628530502319336,13.609951257705688,17.22658658027649,False
-4.643532991409302,13.609951257705688,17.19058060646057,False
-4.656095266342163,13.609951257705688,17.160431146621704,False
-4.671138286590576,13.609951257705688,17.124327898025513,False
-4.686171770095825,13.609951257705688,17.088247537612915,False
-4.698170900344849,13.606951475143433,17.058249711990356,False
-4.710229158401489,13.603936910629272,17.028104066848755,False
-4.722223520278931,13.600938320159912,16.99811816215515,False
-4.73422646522522,13.59793758392334,16.96811079978943,False
-4.747143983840942,13.59470820426941,16.935817003250122,False
-4.759143114089966,13.591708421707153,16.905819177627563,False
-4.77117657661438,13.58870005607605,16.87573552131653,False
-4.781218767166138,13.58618950843811,16.850630044937134,False
-4.7892515659332275,13.584181308746338,16.83054804801941,False
-4.801279306411743,13.581174373626709,16.80047869682312,False
-4.813251733779907,13.578181266784668,16.77054762840271,False
-4.825513124465942,13.57511591911316,16.739894151687622,False
-4.837529420852661,13.57211184501648,16.709853410720825,False
-4.849528551101685,13.569112062454224,16.679855585098267,False
-4.863549470901489,13.565606832504272,16.644803285598755,False
-4.88361382484436,13.560590744018555,16.594642400741577,False
-4.8916285037994385,13.558587074279785,16.574605703353882,False
-4.901171922683716,13.556201219558716,16.55074715614319,False
-4.913247346878052,13.553182363510132,16.52055859565735,False
-4.925234079360962,13.550185680389404,16.490591764450073,False
-4.937215089797974,13.547190427780151,16.460639238357544,False
-4.9512341022491455,13.543685674667358,16.425591707229614,False
-4.963252305984497,13.54068112373352,16.395546197891235,False
-4.975250482559204,13.537681579589844,16.365550756454468,False
-4.985321283340454,13.535163879394531,16.340373754501343,False
-4.997314691543579,13.53216552734375,16.31039023399353,False
-5.0093834400177,13.52914834022522,16.280218362808228,False
-5.031378984451294,13.523649454116821,16.225229501724243,False
-5.043378114700317,13.520649671554565,16.195231676101685,False
-5.055376291275024,13.517650127410889,16.165236234664917,False
-5.0694496631622314,13.514131784439087,16.1300528049469,False
-5.0814478397369385,13.51113224029541,16.100057363510132,False
-5.093460321426392,13.508129119873047,16.0700261592865,False
-5.102622032165527,13.4959135055542,16.045594930648804,False
-5.111621379852295,13.483914375305176,16.021596670150757,False
-5.120638608932495,13.471891403198242,15.99755072593689,False
-5.134015321731567,13.454055786132812,15.96187949180603,False
-5.146056652069092,13.438000679016113,15.929769277572632,False
-5.1550374031066895,13.426026344299316,15.905820608139038,False
-5.16258978843689,13.415956497192383,15.885680913925171,False
-5.1715991497039795,13.40394401550293,15.861655950546265,False
-5.176613092422485,13.397258758544922,15.848285436630249,False
-5.186623811721802,13.3839111328125,15.821590185165405,False
-5.1951375007629395,13.372559547424316,15.798887014389038,False
-5.204349994659424,13.360276222229004,15.774320363998413,False
-5.213139057159424,13.348557472229004,15.750882863998413,False
-5.226679563522339,13.330503463745117,15.71477484703064,False
-5.2386794090271,13.31450366973877,15.682775259017944,False
-5.24959135055542,13.299954414367676,15.653676748275757,False
-5.26164698600769,13.283880233764648,15.621528387069702,False
-5.2708752155303955,13.271575927734375,15.596919775009155,False
-5.281674146652222,13.257177352905273,15.568122625350952,False
-5.290922403335571,13.24484634399414,15.543460607528687,False
-5.299826622009277,13.2329740524292,15.519716024398804,False
-5.310683488845825,13.218498229980469,15.490764379501343,False
-5.3169026374816895,13.210206031799316,15.474179983139038,False
-5.324125289916992,13.200575828552246,15.454919576644897,False
-5.333657503128052,13.1878662109375,15.429500341415405,False
-5.343842029571533,13.174286842346191,15.402341604232788,False
-5.3530638217926025,13.161991119384766,15.377750158309937,False
-5.361676931381226,13.150506973266602,15.354781866073608,False
-5.372779846191406,13.135703086853027,15.32517409324646,False
-5.381731986999512,13.123766899108887,15.301301717758179,False
-5.390871524810791,13.111580848693848,15.2769296169281,False
-5.401430130004883,13.097502708435059,15.248773336410522,False
-5.405440330505371,13.079456806182861,15.236742734909058,False
-5.413441181182861,13.043452978134155,15.212740182876587,False
-5.424647808074951,12.993023157119751,15.179120302200317,False
-5.43047571182251,12.966797590255737,15.161636590957642,False
-5.436695098876953,12.938810348510742,15.142978429794312,False
-5.442533016204834,12.912539720535278,15.125464677810669,False
-5.448739528656006,12.884610414505005,15.106845140457153,False
-5.454788684844971,12.857389211654663,15.088697671890259,False
-5.462067127227783,12.824636220932007,15.066862344741821,False
-5.468052387237549,12.797702550888062,15.048906564712524,False
-5.475948333740234,12.762170791625977,15.025218725204468,False
-5.4832587242126465,12.729274034500122,15.003287553787231,False
-5.48922061920166,12.70244550704956,14.98540186882019,False
-5.495265960693359,12.675241470336914,14.967265844345093,False
-5.502240180969238,12.643857479095459,14.946343183517456,False
-5.50827693939209,12.616692066192627,14.928232908248901,False
-5.514200687408447,12.590035200119019,14.910461664199829,False
-5.521300315856934,12.55808687210083,14.88916277885437,False
-5.527328014373779,12.530962228775024,14.871079683303833,False
-5.533571720123291,12.502865552902222,14.852348566055298,False
-5.540524005889893,12.471580266952515,14.831491708755493,False
-5.548561096191406,12.435413360595703,14.807380437850952,False
-5.5565595626831055,12.399420261383057,14.783385038375854,False
-5.562961578369141,12.370611190795898,14.764178991317749,False
-5.568924903869629,12.343776226043701,14.746289014816284,False
-5.575096130371094,12.31600570678711,14.72777533531189,False
-5.582361698150635,12.283310651779175,14.705978631973267,False
-5.588529586791992,12.255555152893066,14.687474966049194,False
-5.594488143920898,12.228741645812988,14.669599294662476,False
-5.601537704467773,12.19701862335205,14.64845061302185,False
-5.610837459564209,12.159819602966309,14.632951021194458,False
-5.619770288467407,12.124088287353516,14.618062973022461,False
-5.636553764343262,12.056954383850098,14.59009051322937,False
-5.645803451538086,12.0199556350708,14.574674367904663,False
-5.654920816421509,11.98348617553711,14.559478759765625,False
-5.66570258140564,11.940359115600586,14.54150915145874,False
-5.674786329269409,11.904024124145508,14.526369571685791,False
-5.683770656585693,11.868086814880371,14.511395692825317,False
-5.693185567855835,11.830427169799805,14.495704174041748,False
-5.702359437942505,11.793731689453125,14.480414390563965,False
-5.7112507820129395,11.758166313171387,14.465595483779907,False
-5.720787286758423,11.720020294189453,14.449701309204102,False
-5.730115652084351,11.682706832885742,14.434154033660889,False
-5.7418601512908936,11.63572883605957,14.41457986831665,False
-5.749744415283203,11.604191780090332,14.401439428329468,False
-5.759117126464844,11.56670093536377,14.385818243026733,False
-5.768049240112305,11.530972480773926,14.370931386947632,False
-5.777056455612183,11.494943618774414,14.355919361114502,False
-5.787330389022827,11.453847885131836,14.338796138763428,False
-5.793769836425781,11.42809009552002,14.328063726425171,False
-5.8030009269714355,11.391165733337402,14.312678575515747,False
-5.813897132873535,11.347580909729004,14.294518232345581,False
-5.826233863830566,11.298233985900879,14.273957014083862,False
-5.839976072311401,11.243265151977539,14.25105333328247,False
-5.8492186069488525,11.206295013427734,14.235649108886719,False
-5.855357646942139,11.18173885345459,14.225417375564575,False
-5.8642497062683105,11.146170616149902,14.210597276687622,False
-5.8730809688568115,11.110845565795898,14.195878505706787,False
-5.8824615478515625,11.073323249816895,14.180244207382202,False
-5.8918585777282715,11.035735130310059,14.16458249092102,False
-5.902532339096069,10.993040084838867,14.146792888641357,False
-5.911681175231934,10.95644474029541,14.131544828414917,False
-5.9204652309417725,10.921308517456055,14.116904735565186,False
-5.936823129653931,10.883140087127686,14.095094203948975,False
-5.948824405670166,10.85513710975647,14.079092502593994,False
-5.9551873207092285,10.840290307998657,14.070608615875244,False
-5.966062068939209,10.814915895462036,14.056108951568604,False
-5.974990606307983,10.794082641601562,14.044204235076904,False
-5.98401141166687,10.77303409576416,14.032176494598389,False
-5.993568658828735,10.750733852386475,14.019433498382568,False
-6.002619504928589,10.729615211486816,14.007365703582764,False
-6.011355638504028,10.709230899810791,13.995717525482178,False
-6.021392822265625,10.685810804367065,13.982334613800049,False
-6.030704736709595,10.664083003997803,13.969918727874756,False
-6.042624473571777,10.63627028465271,13.954025745391846,False
-6.0575854778289795,10.601361274719238,13.934077739715576,False
-6.064216613769531,10.585888624191284,13.925236225128174,False
-6.0732481479644775,10.564815044403076,13.913194179534912,False
-6.082845449447632,10.542421340942383,13.900397777557373,False
-6.091985702514648,10.52109408378601,13.888210773468018,False
-6.103627920150757,10.493928909301758,13.872687816619873,False
-6.113208770751953,10.4715735912323,13.859913349151611,False
-6.122422695159912,10.450074434280396,13.847628116607666,False
-6.13167667388916,10.428481817245483,13.835289478302002,False
-6.13898229598999,10.41143536567688,13.825548648834229,False
-6.1539976596832275,10.376399517059326,13.805528163909912,False
-6.160215377807617,10.361891508102417,13.797237873077393,False
-6.170781135559082,10.337238073348999,13.78315019607544,False
-6.176795721054077,10.323204040527344,13.77513074874878,False
-6.186139822006226,10.301401138305664,13.762671947479248,False
-6.195137023925781,10.280407667160034,13.750675678253174,False
-6.205938100814819,10.255205154418945,13.736274242401123,False
-6.214979648590088,10.234108209609985,13.724218845367432,False
-6.217878103256226,10.225412845611572,13.706828117370605,False
-6.221124887466431,10.215672492980957,13.687347412109375,False
-6.2241411209106445,10.206623792648315,13.669250011444092,False
-6.227151155471802,10.197593688964844,13.651189804077148,False
-6.23082709312439,10.18656587600708,13.629134178161621,False
-6.233829498291016,10.177558660507202,13.611119747161865,False
-6.23776912689209,10.16573977470398,13.58748197555542,False
-6.24038290977478,10.157898426055908,13.571799278259277,False
-6.243483781814575,10.148595809936523,13.553194046020508,False
-6.246524333953857,10.139474153518677,13.534950733184814,False
-6.251670837402344,10.124034643173218,13.504071712493896,False
-6.255608320236206,10.11222219467163,13.480446815490723,False
-6.25866436958313,10.10305404663086,13.46211051940918,False
-6.262228965759277,10.092360258102417,13.440722942352295,False
-6.26515007019043,10.08359694480896,13.42319631576538,False
-6.268206357955933,10.074428081512451,13.404858589172363,False
-6.270844221115112,10.066514492034912,13.389031410217285,False
-6.273831844329834,10.057551622390747,13.371105670928955,False
-6.276829242706299,10.048559427261353,13.353121280670166,False
-6.280340671539307,10.038025140762329,13.33205270767212,False
-6.283414125442505,10.028804779052734,13.31361198425293,False
-6.2883524894714355,10.013989686965942,13.283981800079346,False
-6.290949821472168,10.006197690963745,13.268397808074951,False
-6.294864654541016,9.994453191757202,13.244908809661865,False
-6.298967599868774,9.982144355773926,13.220291137695312,False
-6.30246114730835,9.9716637134552,13.199329853057861,False
-6.306377172470093,9.95991563796997,13.175833702087402,False
-6.309931516647339,9.949252605438232,13.154507637023926,False
-6.313048839569092,9.939900636672974,13.135803699493408,False
-6.316083192825317,9.930797576904297,13.117597579956055,False
-6.319075345993042,9.921821117401123,13.099644660949707,False
-6.319075345993042,9.921821117401123,13.072527885437012,False
-6.319075345993042,9.921821117401123,13.04880428314209,False
-6.319075345993042,9.921821117401123,13.025498390197754,False
-6.319075345993042,9.921821117401123,13.004742622375488,False
-6.319075345993042,9.921821117401123,12.980772972106934,False
-6.319075345993042,9.921821117401123,12.956509590148926,False
-6.319075345993042,9.921821117401123,12.928618431091309,False
-6.319075345993042,9.921821117401123,12.903944969177246,False
-6.319075345993042,9.921821117401123,12.879765510559082,False
-6.319075345993042,9.921821117401123,12.8377103805542,False
-6.319075345993042,9.921821117401123,12.813748359680176,False
-6.319075345993042,9.921821117401123,12.790257453918457,False
-6.319075345993042,9.921821117401123,12.765971183776855,False
-6.319075345993042,9.921821117401123,12.741717338562012,False
-6.319075345993042,9.921821117401123,12.71762752532959,False
-6.319075345993042,9.921821117401123,12.689663887023926,False
-6.319075345993042,9.921821117401123,12.673579216003418,False
-6.319075345993042,9.921821117401123,12.649561882019043,False
-6.319075345993042,9.921821117401123,12.625578880310059,False
-6.319075345993042,9.921821117401123,12.597430229187012,False
-6.319075345993042,9.921821117401123,12.581490516662598,False
-6.319075345993042,9.921821117401123,12.5574312210083,False
-6.319075345993042,9.921821117401123,12.529454231262207,False
-6.319075345993042,9.921821117401123,12.505328178405762,False
-6.319075345993042,9.921821117401123,12.481348991394043,False
-6.319075345993042,9.921821117401123,12.453225135803223,False
-6.319075345993042,9.921821117401123,12.42911434173584,False
-6.319075345993042,9.921821117401123,12.405077934265137,False
-6.319075345993042,9.921821117401123,12.381108283996582,False
-6.319075345993042,9.921821117401123,12.361023902893066,False
-6.319075345993042,9.921821117401123,12.337048530578613,False
-6.319075345993042,9.921821117401123,12.305022239685059,False
-6.319075345993042,9.925330638885498,12.305022239685059,False
-6.319075345993042,9.928342580795288,12.305022239685059,False
-6.319075345993042,9.931338548660278,12.305022239685059,False
-6.319075345993042,9.934383392333984,12.305022239685059,False
-6.319075345993042,9.937387704849243,12.305022239685059,False
-6.319075345993042,9.940388441085815,12.305022239685059,False
-6.319075345993042,9.943452835083008,12.305022239685059,False
-6.319075345993042,9.945464134216309,12.305022239685059,False
-6.319075345993042,9.948458194732666,12.305022239685059,False
-6.319075345993042,9.9524667263031,12.305022239685059,False
-6.319075345993042,9.95649528503418,12.305022239685059,False
-6.319075345993042,9.959500789642334,12.305022239685059,False
-6.319075345993042,9.962494134902954,12.305022239685059,False
-6.319075345993042,9.965084075927734,12.305022239685059,False
-6.319075345993042,9.968169450759888,12.305022239685059,False
-6.319075345993042,9.971182823181152,12.305022239685059,False
-6.319075345993042,9.974233388900757,12.305022239685059,False
-6.319075345993042,9.977272033691406,12.305022239685059,False
-6.319075345993042,9.9802827835083,12.305022239685059,False
-6.319075345993042,9.983779668807983,12.305022239685059,False
-6.319075345993042,9.986796617507935,12.305022239685059,False
-6.319075345993042,9.99179744720459,12.305022239685059,False
-6.319075345993042,9.995315551757812,12.305022239685059,False
-6.319075345993042,9.9983069896698,12.305022239685059,False
-6.319075345993042,10.001314640045166,12.305022239685059,False
-6.319075345993042,10.00443434715271,12.305022239685059,False
-6.319075345993042,10.007435321807861,12.305022239685059,False
-6.319075345993042,10.010470390319824,12.305022239685059,False
-6.319075345993042,10.013985633850098,12.305022239685059,False
-6.319075345993042,10.016026020050049,12.305022239685059,False
-6.319075345993042,10.019056558609009,12.305022239685059,False
-6.319075345993042,10.0220365524292,12.305022239685059,False
-6.319075345993042,10.027561902999878,12.305022239685059,False
-6.319075345993042,10.030567169189453,12.305022239685059,False
-6.319075345993042,10.034096479415894,12.305022239685059,False
-6.319075345993042,10.037094593048096,12.305022239685059,False
-6.319075345993042,10.04009485244751,12.305022239685059,False
-6.319075345993042,10.043598890304565,12.305022239685059,False
-6.319075345993042,10.045603513717651,12.305022239685059,False
-6.319075345993042,10.048609018325806,12.305022239685059,False
-6.319075345993042,10.051609992980957,12.305022239685059,False
-6.319075345993042,10.054646253585815,12.305022239685059,False
-6.319075345993042,10.057656526565552,12.305022239685059,False
-6.319075345993042,10.060648918151855,12.305022239685059,False
-6.319075345993042,10.06316876411438,12.305022239685059,False
-6.319075345993042,10.066192388534546,12.305022239685059,False
-6.319075345993042,10.069184064865112,12.305022239685059,False
-6.319075345993042,10.072183847427368,12.305022239685059,False
-6.319075345993042,10.074594974517822,12.305022239685059,False
-6.319075345993042,10.077602624893188,12.305022239685059,False
-6.319075345993042,10.077602624893188,12.305022239685059,False
-6.319075345993042,10.077602624893188,12.305022239685059,False
-6.319075345993042,10.077602624893188,12.305022239685059,False
-6.319075345993042,10.077602624893188,12.305022239685059,False
-6.319075345993042,10.077602624893188,12.305022239685059,False
-6.319075345993042,10.077602624893188,12.305022239685059,False
-6.319075345993042,10.077602624893188,12.305022239685059,False
-6.319075345993042,10.077602624893188,12.305022239685059,False
-6.319075345993042,10.077602624893188,12.305022239685059,False
-6.319075345993042,10.077602624893188,12.305022239685059,False
-6.319075345993042,10.077602624893188,12.305022239685059,False
-6.319075345993042,10.077602624893188,12.305022239685059,False
-6.319075345993042,10.077602624893188,12.305022239685059,False
-6.319075345993042,10.077602624893188,12.305022239685059,False
-6.319075345993042,10.077602624893188,12.305022239685059,False
-6.319075345993042,10.077602624893188,12.305022239685059,False
-6.319075345993042,10.077602624893188,12.305022239685059,False
-6.319075345993042,10.077602624893188,12.305022239685059,False
-6.319075345993042,10.077602624893188,12.305022239685059,False
-6.319075345993042,10.077602624893188,12.305022239685059,False
-6.319075345993042,10.077602624893188,12.305022239685059,False
-6.319075345993042,10.077602624893188,12.305022239685059,False
-6.319075345993042,10.077602624893188,12.305022239685059,False
-6.319075345993042,10.077602624893188,12.305022239685059,False
-6.319075345993042,10.077602624893188,12.305022239685059,False
-6.319075345993042,10.077602624893188,12.305022239685059,False
-6.319075345993042,10.077602624893188,12.305022239685059,False
-6.319075345993042,10.077602624893188,12.305022239685059,False
-6.319075345993042,10.077602624893188,12.305022239685059,False
-6.319075345993042,10.077602624893188,12.305022239685059,False
-6.319075345993042,10.077602624893188,12.305022239685059,False
-6.319075345993042,10.077602624893188,12.305022239685059,False
-6.319075345993042,10.077602624893188,12.305022239685059,False
-6.319075345993042,10.077602624893188,12.305022239685059,False
-6.319075345993042,10.077602624893188,12.305022239685059,False
-6.319075345993042,10.077602624893188,12.305022239685059,False
-6.319075345993042,10.077602624893188,12.305022239685059,False
-6.319075345993042,10.077602624893188,12.305022239685059,False
-6.319075345993042,10.077602624893188,12.305022239685059,False
-6.319075345993042,10.077602624893188,12.305022239685059,False
-6.319075345993042,10.077602624893188,12.305022239685059,False
-6.319075345993042,10.077602624893188,12.305022239685059,False
-6.319075345993042,10.077602624893188,12.305022239685059,False
-6.319075345993042,10.077602624893188,12.305022239685059,False
-6.319075345993042,10.077602624893188,12.305022239685059,False
-6.319075345993042,10.077602624893188,12.305022239685059,False
-6.319075345993042,10.077602624893188,12.305022239685059,False
-6.319075345993042,10.077602624893188,12.305022239685059,False
-6.319075345993042,10.077602624893188,12.305022239685059,False
-6.319075345993042,10.077602624893188,12.305022239685059,False
-6.319075345993042,10.077602624893188,12.305022239685059,False
-6.319075345993042,10.077602624893188,12.305022239685059,False
-6.319075345993042,10.077602624893188,12.305022239685059,False
-6.319075345993042,10.077602624893188,12.305022239685059,False
-6.319075345993042,10.077602624893188,12.305022239685059,False
-6.319075345993042,10.077602624893188,12.305022239685059,False
-6.319075345993042,10.077602624893188,12.305022239685059,False
-6.319075345993042,10.077602624893188,12.305022239685059,False
-6.319075345993042,10.077602624893188,12.305022239685059,False
-6.319075345993042,10.077602624893188,12.305022239685059,False
-6.319075345993042,10.077602624893188,12.305022239685059,False
-6.319075345993042,10.077602624893188,12.305022239685059,False
-6.319075345993042,10.077602624893188,12.305022239685059,False
-6.319075345993042,10.077602624893188,12.305022239685059,False
-6.319075345993042,10.077602624893188,12.305022239685059,False
-6.319075345993042,10.07256293296814,12.305022239685059,False
-6.319075345993042,10.06656813621521,12.305022239685059,False
-6.319075345993042,10.060577154159546,12.305022239685059,False
-6.319075345993042,10.053553342819214,12.305022239685059,False
-6.319075345993042,10.047535181045532,12.305022239685059,False
-6.319075345993042,10.04153561592102,12.305022239685059,False
-6.319075345993042,10.034485101699829,12.305022239685059,False
-6.319075345993042,10.028454065322876,12.305022239685059,False
-6.319075345993042,10.022468328475952,12.305022239685059,False
-6.319075345993042,10.01541543006897,12.305022239685059,False
-6.319075345993042,10.009396314620972,12.305022239685059,False
-6.319075345993042,10.003386735916138,12.305022239685059,False
-6.319075345993042,9.994374990463257,12.305022239685059,False
-6.319075345993042,9.986359357833862,12.305022239685059,False
-6.319075345993042,9.980354070663452,12.305022239685059,False
-6.319075345993042,9.973280191421509,12.305022239685059,False
-6.319075345993042,9.967296838760376,12.305022239685059,False
-6.319075345993042,9.961281538009644,12.305022239685059,False
-6.319075345993042,9.95427393913269,12.305022239685059,False
-6.319075345993042,9.950251340866089,12.305022239685059,False
-6.319075345993042,9.944252729415894,12.305022239685059,False
-6.319075345993042,9.938246965408325,12.305022239685059,False
-6.319075345993042,9.931220769882202,12.305022239685059,False
-6.319075345993042,9.922239065170288,12.305022239685059,False
-6.319075345993042,9.915190935134888,12.305022239685059,False
-6.319075345993042,9.909162759780884,12.305022239685059,False
-6.319075345993042,9.903164148330688,12.305022239685059,False
-6.319075345993042,9.897154092788696,12.305022239685059,False
-6.319075345993042,9.890145540237427,12.305022239685059,False
-6.319075345993042,9.884154081344604,12.305022239685059,False
-6.319075345993042,9.878145456314087,12.305022239685059,False
-6.319075345993042,9.87311053276062,12.305022239685059,False
-6.319075345993042,9.867100954055786,12.305022239685059,False
-6.319075345993042,9.86110234260559,12.305022239685059,False
-6.319075345993042,9.85410475730896,12.305022239685059,False
-6.319075345993042,9.848074674606323,12.305022239685059,False
-6.319075345993042,9.842087984085083,12.305022239685059,False
-6.319075345993042,9.835028409957886,12.305022239685059,False
-6.319075345993042,9.829013109207153,12.305022239685059,False
-6.319075345993042,9.822985410690308,12.305022239685059,False
-6.319075345993042,9.817001104354858,12.305022239685059,False
-6.319075345993042,9.81079649925232,12.305022239685059,False
-6.319075345993042,9.80677580833435,12.305022239685059,False
-6.319075345993042,9.800789594650269,12.305022239685059,False
-6.319075345993042,9.792656660079956,12.305022239685059,False
-6.319075345993042,9.78465485572815,12.305022239685059,False
-6.319075345993042,9.77864384651184,12.305022239685059,False
-6.319075345993042,9.772600889205933,12.305022239685059,False
-6.319075345993042,9.766595602035522,12.305022239685059,False
-6.319075345993042,9.76059603691101,12.305022239685059,False
-6.319075345993042,9.754765272140503,12.305022239685059,False
-6.319075345993042,9.748582124710083,12.305022239685059,False
-6.319075345993042,9.74258303642273,12.305022239685059,False
-6.319075345993042,9.736556768417358,12.305022239685059,False
-6.319075345993042,9.728474378585815,12.305022239685059,False
-6.319075345993042,9.720493078231812,12.305022239685059,False
-6.319075345993042,9.713485956192017,12.305022239685059,False
-6.319075345993042,9.707439184188843,12.305022239685059,False
-6.319075345993042,9.701457262039185,12.305022239685059,False
-6.319075345993042,9.694432497024536,12.305022239685059,False
-6.319075345993042,9.688415765762329,12.305022239685059,False
-6.319075345993042,9.682401418685913,12.305022239685059,False
-6.319075345993042,9.675410509109497,12.305022239685059,False
-6.319075345993042,9.669389486312866,12.305022239685059,False
-6.319075345993042,9.659403562545776,12.305022239685059,False
-6.319075345993042,9.659403562545776,12.305022239685059,False
-6.319075345993042,9.659403562545776,12.305022239685059,False
-6.319075345993042,9.659403562545776,12.305022239685059,False
-6.319075345993042,9.659403562545776,12.305022239685059,False
-6.319075345993042,9.659403562545776,12.305022239685059,False
-6.319075345993042,9.659403562545776,12.305022239685059,False
-6.319075345993042,9.659403562545776,12.305022239685059,False
-6.319075345993042,9.659403562545776,12.305022239685059,False
-6.319075345993042,9.659403562545776,12.305022239685059,False
-6.319075345993042,9.659403562545776,12.305022239685059,False
-6.319075345993042,9.659403562545776,12.305022239685059,False
-6.319075345993042,9.659403562545776,12.305022239685059,False
-6.319075345993042,9.659403562545776,12.305022239685059,False
-6.319075345993042,9.659403562545776,12.305022239685059,False
-6.319075345993042,9.659403562545776,12.305022239685059,False
-6.319075345993042,9.659403562545776,12.305022239685059,False
-6.319075345993042,9.659403562545776,12.305022239685059,False
-6.319075345993042,9.659403562545776,12.305022239685059,False
-6.319075345993042,9.659403562545776,12.305022239685059,False
-6.319075345993042,9.659403562545776,12.305022239685059,False
-6.319075345993042,9.659403562545776,12.305022239685059,False
-6.319075345993042,9.659403562545776,12.305022239685059,False
-6.319075345993042,9.659403562545776,12.305022239685059,False
-6.319075345993042,9.659403562545776,12.305022239685059,False
-6.319075345993042,9.659403562545776,12.305022239685059,False
-6.319075345993042,9.659403562545776,12.305022239685059,False
-6.319075345993042,9.659403562545776,12.305022239685059,False
-6.319075345993042,9.659403562545776,12.305022239685059,False
-6.319075345993042,9.659403562545776,12.305022239685059,False
-6.319075345993042,9.659403562545776,12.305022239685059,False
-6.319075345993042,9.659403562545776,12.305022239685059,False
-6.319075345993042,9.659403562545776,12.305022239685059,False
-6.319075345993042,9.659403562545776,12.305022239685059,False
-6.319075345993042,9.659403562545776,12.305022239685059,False
-6.319075345993042,9.659403562545776,12.305022239685059,False
-6.319075345993042,9.659403562545776,12.305022239685059,False
-6.319075345993042,9.659403562545776,12.305022239685059,False
-6.319075345993042,9.659403562545776,12.305022239685059,False
-6.319075345993042,9.659403562545776,12.305022239685059,False
-6.319075345993042,9.659403562545776,12.305022239685059,False
-6.319075345993042,9.659403562545776,12.305022239685059,False
-6.319075345993042,9.659403562545776,12.305022239685059,False
-6.319075345993042,9.659403562545776,12.305022239685059,False
-6.319075345993042,9.659403562545776,12.305022239685059,False
-6.319075345993042,9.659403562545776,12.305022239685059,False
-6.319075345993042,9.659403562545776,12.305022239685059,False
-6.319075345993042,9.659403562545776,12.305022239685059,False
-6.319075345993042,9.659403562545776,12.305022239685059,False
-6.319075345993042,9.659403562545776,12.305022239685059,False
-6.319075345993042,9.659403562545776,12.305022239685059,False
-6.319075345993042,9.659403562545776,12.305022239685059,False
-6.319075345993042,9.659403562545776,12.305022239685059,False
-6.319075345993042,9.659403562545776,12.305022239685059,False
-6.319075345993042,9.659403562545776,12.305022239685059,False
-6.319075345993042,9.659403562545776,12.305022239685059,False
-6.319075345993042,9.659403562545776,12.305022239685059,False
-6.319075345993042,9.659403562545776,12.305022239685059,False
-6.319075345993042,9.659403562545776,12.305022239685059,False
-6.319075345993042,9.659403562545776,12.305022239685059,False
-6.319075345993042,9.659403562545776,12.305022239685059,False
-6.319075345993042,9.659403562545776,12.305022239685059,False
-6.319075345993042,9.659403562545776,12.305022239685059,False
-6.319075345993042,9.659403562545776,12.305022239685059,False
-6.319075345993042,9.659403562545776,12.305022239685059,False
-6.319075345993042,9.659403562545776,12.305022239685059,False
-6.319075345993042,9.659403562545776,12.305022239685059,False
-6.319075345993042,9.659403562545776,12.305022239685059,False
-6.319075345993042,9.659403562545776,12.305022239685059,False
-6.319075345993042,9.659403562545776,12.305022239685059,False
-6.319075345993042,9.659403562545776,12.305022239685059,False
-6.319075345993042,9.659403562545776,12.305022239685059,False
-6.319075345993042,9.659403562545776,12.305022239685059,False
-6.319075345993042,9.659403562545776,12.305022239685059,False
-6.319075345993042,9.659403562545776,12.305022239685059,False
-6.319075345993042,9.659403562545776,12.305022239685059,False
-6.319075345993042,9.659403562545776,12.305022239685059,False
-6.319075345993042,9.659403562545776,12.305022239685059,False
-6.319075345993042,9.659403562545776,12.305022239685059,False
-6.319075345993042,9.659403562545776,12.305022239685059,False
-6.319075345993042,9.659403562545776,12.305022239685059,False
-6.319075345993042,9.659403562545776,12.305022239685059,False
-6.319075345993042,9.659403562545776,12.305022239685059,False
-6.319075345993042,9.659403562545776,12.305022239685059,False
-6.319075345993042,9.659403562545776,12.305022239685059,False
-6.319075345993042,9.659403562545776,12.305022239685059,False
-6.319075345993042,9.659403562545776,12.305022239685059,False
-6.319075345993042,9.659403562545776,12.305022239685059,False
-6.319075345993042,9.659403562545776,12.305022239685059,False
-6.319075345993042,9.659403562545776,12.305022239685059,False
-6.319075345993042,9.659403562545776,12.305022239685059,False
-6.319075345993042,9.659403562545776,12.305022239685059,False
-6.319075345993042,9.659403562545776,12.305022239685059,False
-6.319075345993042,9.659403562545776,12.305022239685059,False
-6.319075345993042,9.659403562545776,12.305022239685059,False
-6.319075345993042,9.659403562545776,12.305022239685059,False
-6.319075345993042,9.659403562545776,12.305022239685059,False
-6.319075345993042,9.659403562545776,12.305022239685059,False
-6.319075345993042,9.659403562545776,12.305022239685059,False
-6.319075345993042,9.659403562545776,12.305022239685059,False
-6.319075345993042,9.659403562545776,12.305022239685059,False
-6.319075345993042,9.659403562545776,12.305022239685059,False
-6.319075345993042,9.659403562545776,12.305022239685059,False
-6.319075345993042,9.659403562545776,12.305022239685059,False
-6.319075345993042,9.659403562545776,12.305022239685059,False
-6.319075345993042,9.659403562545776,12.305022239685059,False
-6.319075345993042,9.659403562545776,12.305022239685059,False
-6.319075345993042,9.659403562545776,12.305022239685059,False
-6.319075345993042,9.659403562545776,12.305022239685059,False
-6.319075345993042,9.659403562545776,12.305022239685059,False
-6.319075345993042,9.659403562545776,12.305022239685059,False
-6.319075345993042,9.659403562545776,12.305022239685059,False
-6.319075345993042,9.659403562545776,12.305022239685059,False
-6.319075345993042,9.659403562545776,12.305022239685059,False
-6.319075345993042,9.659403562545776,12.305022239685059,False
-6.319075345993042,9.659403562545776,12.305022239685059,False
-6.319075345993042,9.659403562545776,12.305022239685059,False
-6.319075345993042,9.659403562545776,12.305022239685059,False
-6.319075345993042,9.659403562545776,12.305022239685059,False
-6.319075345993042,9.659403562545776,12.305022239685059,False
-6.319075345993042,9.659403562545776,12.305022239685059,False
-6.319075345993042,9.659403562545776,12.305022239685059,False
-6.319075345993042,9.659403562545776,12.305022239685059,False
-6.319075345993042,9.659403562545776,12.305022239685059,False
-6.319075345993042,9.659403562545776,12.305022239685059,False
-6.319075345993042,9.659403562545776,12.305022239685059,False
-6.319075345993042,9.659403562545776,12.305022239685059,False
-6.319075345993042,9.659403562545776,12.305022239685059,False
-6.319075345993042,9.659403562545776,12.305022239685059,False
-6.319075345993042,9.659403562545776,12.305022239685059,False
-6.319075345993042,9.659403562545776,12.305022239685059,False
-6.319075345993042,9.659403562545776,12.305022239685059,False
-6.319075345993042,9.659403562545776,12.305022239685059,False
-6.319075345993042,9.659403562545776,12.305022239685059,False
-6.319075345993042,9.659403562545776,12.305022239685059,False
-6.319075345993042,9.659403562545776,12.305022239685059,False
-6.319075345993042,9.659403562545776,12.305022239685059,False
-6.319075345993042,9.659403562545776,12.305022239685059,False
-6.319075345993042,9.659403562545776,12.305022239685059,False
-6.319075345993042,9.659403562545776,12.305022239685059,False
-6.319075345993042,9.659403562545776,12.305022239685059,False
-6.319075345993042,9.659403562545776,12.305022239685059,False
-6.319075345993042,9.659403562545776,12.305022239685059,False
-6.319075345993042,9.659403562545776,12.305022239685059,False
-6.319075345993042,9.659403562545776,12.305022239685059,False
-6.319075345993042,9.659403562545776,12.305022239685059,False
-6.319075345993042,9.659403562545776,12.305022239685059,False
-6.319075345993042,9.659403562545776,12.305022239685059,False
-6.319075345993042,9.659403562545776,12.305022239685059,False
-6.319075345993042,9.659403562545776,12.305022239685059,False
-6.319075345993042,9.659403562545776,12.305022239685059,False
-6.319075345993042,9.659403562545776,12.305022239685059,False
-6.319075345993042,9.659403562545776,12.305022239685059,False
-6.319075345993042,9.659403562545776,12.305022239685059,False
-6.319075345993042,9.659403562545776,12.305022239685059,False
-6.319075345993042,9.659403562545776,12.305022239685059,False
-6.319075345993042,9.659403562545776,12.305022239685059,False
-6.319075345993042,9.659403562545776,12.305022239685059,False
-6.319075345993042,9.659403562545776,12.305022239685059,False
-6.319075345993042,9.659403562545776,12.305022239685059,False
-6.319075345993042,9.659403562545776,12.305022239685059,False
-6.319075345993042,9.659403562545776,12.305022239685059,False
-6.319075345993042,9.659403562545776,12.305022239685059,False
-6.319075345993042,9.659403562545776,12.305022239685059,False
-6.319075345993042,9.659403562545776,12.305022239685059,False
-6.319075345993042,9.659403562545776,12.305022239685059,False
-6.319075345993042,9.659403562545776,12.305022239685059,False
-6.319075345993042,9.659403562545776,12.305022239685059,False
-6.319075345993042,9.659403562545776,12.305022239685059,False
-6.319075345993042,9.659403562545776,12.305022239685059,False
-6.319075345993042,9.659403562545776,12.305022239685059,False
-6.319075345993042,9.659403562545776,12.305022239685059,False
-6.319075345993042,9.659403562545776,12.305022239685059,False
-6.319075345993042,9.659403562545776,12.305022239685059,False
-6.319075345993042,9.659403562545776,12.305022239685059,False
-6.319075345993042,9.659403562545776,12.305022239685059,False
-6.319075345993042,9.659403562545776,12.305022239685059,False
-6.319075345993042,9.659403562545776,12.305022239685059,False
-6.319075345993042,9.659403562545776,12.305022239685059,False
-6.319075345993042,9.659403562545776,12.305022239685059,False
-6.319075345993042,9.659403562545776,12.305022239685059,False
-6.319075345993042,9.659403562545776,12.305022239685059,False
-6.319075345993042,9.659403562545776,12.305022239685059,False
-6.319075345993042,9.659403562545776,12.305022239685059,False
-6.319075345993042,9.659403562545776,12.305022239685059,False
-6.319075345993042,9.659403562545776,12.305022239685059,False
-6.319075345993042,9.659403562545776,12.305022239685059,False
-6.319075345993042,9.659403562545776,12.305022239685059,False
-6.319075345993042,9.659403562545776,12.305022239685059,False
-6.319075345993042,9.659403562545776,12.305022239685059,False
-6.319075345993042,9.659403562545776,12.305022239685059,False
-6.319075345993042,9.659403562545776,12.305022239685059,False
-6.319075345993042,9.659403562545776,12.305022239685059,False
-6.319075345993042,9.659403562545776,12.305022239685059,False
-6.319075345993042,9.659403562545776,12.305022239685059,False
-6.319075345993042,9.659403562545776,12.305022239685059,False
-6.319075345993042,9.659403562545776,12.305022239685059,False
-6.319075345993042,9.659403562545776,12.305022239685059,False
-6.319075345993042,9.659403562545776,12.305022239685059,False
-6.319075345993042,9.659403562545776,12.305022239685059,False
-6.319075345993042,9.659403562545776,12.305022239685059,False
-6.319075345993042,9.659403562545776,12.305022239685059,False
-6.319075345993042,9.659403562545776,12.305022239685059,False
-6.319075345993042,9.659403562545776,12.305022239685059,False
-6.319075345993042,9.659403562545776,12.305022239685059,False
-6.319075345993042,9.659403562545776,12.305022239685059,False
-6.319075345993042,9.659403562545776,12.305022239685059,False
-6.319075345993042,9.659403562545776,12.305022239685059,False
-6.319075345993042,9.659403562545776,12.305022239685059,False
-6.319075345993042,9.659403562545776,12.305022239685059,False
-6.319075345993042,9.659403562545776,12.305022239685059,False
-6.319075345993042,9.659403562545776,12.305022239685059,False
-6.319075345993042,9.659403562545776,12.305022239685059,False
-6.319075345993042,9.659403562545776,12.305022239685059,False
-6.319075345993042,9.659403562545776,12.305022239685059,False
-6.319075345993042,9.659403562545776,12.305022239685059,False
-6.319075345993042,9.659403562545776,12.305022239685059,False
-6.319075345993042,9.659403562545776,12.305022239685059,False
-6.319075345993042,9.659403562545776,12.305022239685059,False
-6.319075345993042,9.659403562545776,12.305022239685059,False
-6.319075345993042,9.659403562545776,12.305022239685059,False
-6.319075345993042,9.659403562545776,12.305022239685059,False
-6.319075345993042,9.659403562545776,12.305022239685059,False
-6.319075345993042,9.659403562545776,12.305022239685059,False
-6.319075345993042,9.659403562545776,12.305022239685059,False
-6.319075345993042,9.659403562545776,12.305022239685059,False
-6.319075345993042,9.659403562545776,12.305022239685059,False
-6.319075345993042,9.659403562545776,12.305022239685059,False
-6.319075345993042,9.659403562545776,12.305022239685059,False
-6.319075345993042,9.659403562545776,12.305022239685059,False
-6.319075345993042,9.659403562545776,12.305022239685059,False
-6.319075345993042,9.659403562545776,12.305022239685059,False
-6.319075345993042,9.659403562545776,12.305022239685059,False
-6.319075345993042,9.659403562545776,12.305022239685059,False
-6.319075345993042,9.659403562545776,12.305022239685059,False
-6.319075345993042,9.659403562545776,12.305022239685059,False
-6.319075345993042,9.659403562545776,12.305022239685059,False
-6.319075345993042,9.659403562545776,12.305022239685059,False
-6.319075345993042,9.659403562545776,12.305022239685059,False
-6.319075345993042,9.659403562545776,12.305022239685059,False
-6.319075345993042,9.659403562545776,12.305022239685059,False
-6.319075345993042,9.659403562545776,12.305022239685059,False
-6.319075345993042,9.659403562545776,12.305022239685059,False
-6.319075345993042,9.659403562545776,12.305022239685059,False
-6.319075345993042,9.659403562545776,12.305022239685059,False
-6.319075345993042,9.659403562545776,12.305022239685059,False
-6.319075345993042,9.659403562545776,12.305022239685059,False
-6.319075345993042,9.659403562545776,12.305022239685059,False
-6.319075345993042,9.659403562545776,12.305022239685059,False
-6.319075345993042,9.659403562545776,12.305022239685059,False
-6.319075345993042,9.659403562545776,12.305022239685059,False
-6.319075345993042,9.659403562545776,12.305022239685059,False
-6.319075345993042,9.659403562545776,12.305022239685059,False
-6.319075345993042,9.659403562545776,12.305022239685059,False
-6.319075345993042,9.659403562545776,12.305022239685059,False
-6.319075345993042,9.659403562545776,12.305022239685059,False
-6.319075345993042,9.659403562545776,12.305022239685059,False
-6.319075345993042,9.659403562545776,12.305022239685059,False
-6.319075345993042,9.659403562545776,12.305022239685059,False
-6.319075345993042,9.659403562545776,12.305022239685059,False
-6.319075345993042,9.659403562545776,12.305022239685059,False
-6.319075345993042,9.659403562545776,12.305022239685059,False
-6.319075345993042,9.659403562545776,12.305022239685059,False
-6.319075345993042,9.659403562545776,12.305022239685059,False
-6.319075345993042,9.659403562545776,12.305022239685059,False
-6.319075345993042,9.659403562545776,12.305022239685059,False
-6.319075345993042,9.659403562545776,12.305022239685059,False
-6.319075345993042,9.659403562545776,12.305022239685059,False
-6.319075345993042,9.659403562545776,12.305022239685059,False
-6.319075345993042,9.659403562545776,12.305022239685059,False
-6.319075345993042,9.659403562545776,12.305022239685059,False
-6.319075345993042,9.659403562545776,12.305022239685059,False
-6.319075345993042,9.659403562545776,12.305022239685059,False
-6.319075345993042,9.659403562545776,12.305022239685059,False
-6.319075345993042,9.659403562545776,12.305022239685059,False
-6.319075345993042,9.659403562545776,12.305022239685059,False
-6.319075345993042,9.659403562545776,12.305022239685059,False
-6.319075345993042,9.659403562545776,12.305022239685059,False
-6.319075345993042,9.659403562545776,12.305022239685059,False
-6.319075345993042,9.659403562545776,12.305022239685059,False
-6.319075345993042,9.659403562545776,12.305022239685059,False
-6.319075345993042,9.659403562545776,12.305022239685059,False
-6.319075345993042,9.659403562545776,12.305022239685059,False
-6.319075345993042,9.659403562545776,12.305022239685059,False
-6.319075345993042,9.659403562545776,12.305022239685059,False
-6.319075345993042,9.659403562545776,12.305022239685059,False
-6.319075345993042,9.659403562545776,12.305022239685059,False
-6.319075345993042,9.659403562545776,12.305022239685059,False
-6.319075345993042,9.659403562545776,12.305022239685059,False
-6.319075345993042,9.659403562545776,12.305022239685059,False
-6.319075345993042,9.659403562545776,12.305022239685059,False
-6.319075345993042,9.659403562545776,12.305022239685059,False
-6.319075345993042,9.659403562545776,12.305022239685059,False
-6.319075345993042,9.659403562545776,12.305022239685059,False
-6.319075345993042,9.659403562545776,12.305022239685059,False
-6.319075345993042,9.659403562545776,12.305022239685059,False
-6.319075345993042,9.659403562545776,12.305022239685059,False
-6.319075345993042,9.659403562545776,12.305022239685059,False
-6.319075345993042,9.659403562545776,12.305022239685059,False
-6.319075345993042,9.659403562545776,12.305022239685059,False
-6.319075345993042,9.659403562545776,12.305022239685059,False
-6.319075345993042,9.659403562545776,12.305022239685059,False
-6.319075345993042,9.659403562545776,12.305022239685059,False
-6.319075345993042,9.659403562545776,12.305022239685059,False
-6.319075345993042,9.659403562545776,12.305022239685059,False
-6.319075345993042,9.659403562545776,12.305022239685059,False
-6.319075345993042,9.659403562545776,12.305022239685059,False
-6.319075345993042,9.659403562545776,12.305022239685059,False
-6.319075345993042,9.659403562545776,12.305022239685059,False
-6.319075345993042,9.659403562545776,12.305022239685059,False
-6.319075345993042,9.659403562545776,12.305022239685059,False
-6.319075345993042,9.659403562545776,12.305022239685059,False
-6.319075345993042,9.659403562545776,12.305022239685059,False
-6.319075345993042,9.659403562545776,12.305022239685059,False
-6.319075345993042,9.659403562545776,12.305022239685059,False
-6.319075345993042,9.659403562545776,12.305022239685059,False
-6.319075345993042,9.659403562545776,12.305022239685059,False
-6.319075345993042,9.659403562545776,12.305022239685059,False
-6.319075345993042,9.659403562545776,12.305022239685059,False
-6.319075345993042,9.659403562545776,12.305022239685059,False
-6.319075345993042,9.659403562545776,12.305022239685059,False
-6.319075345993042,9.659403562545776,12.305022239685059,False
-6.319075345993042,9.659403562545776,12.305022239685059,False
-6.319075345993042,9.659403562545776,12.305022239685059,False
-6.319075345993042,9.659403562545776,12.305022239685059,False
-6.319075345993042,9.659403562545776,12.305022239685059,False
-6.319075345993042,9.659403562545776,12.305022239685059,False
-6.319075345993042,9.659403562545776,12.305022239685059,False
-6.319075345993042,9.659403562545776,12.305022239685059,False
-6.319075345993042,9.659403562545776,12.305022239685059,False
-6.319075345993042,9.659403562545776,12.305022239685059,False
-6.319075345993042,9.659403562545776,12.305022239685059,False
-6.319075345993042,9.659403562545776,12.305022239685059,False
-6.319075345993042,9.659403562545776,12.305022239685059,False
-6.319075345993042,9.659403562545776,12.305022239685059,False
-6.319075345993042,9.659403562545776,12.305022239685059,False
-6.319075345993042,9.659403562545776,12.305022239685059,False
-6.319075345993042,9.659403562545776,12.305022239685059,False
-6.319075345993042,9.659403562545776,12.305022239685059,False
-6.319075345993042,9.659403562545776,12.305022239685059,False
-6.319075345993042,9.659403562545776,12.305022239685059,False
-6.319075345993042,9.659403562545776,12.305022239685059,False
-6.319075345993042,9.659403562545776,12.305022239685059,False
-6.319075345993042,9.659403562545776,12.305022239685059,False
-6.319075345993042,9.659403562545776,12.305022239685059,False
-6.319075345993042,9.659403562545776,12.305022239685059,False
-6.319075345993042,9.659403562545776,12.305022239685059,False
-6.319075345993042,9.659403562545776,12.305022239685059,False
-6.319075345993042,9.659403562545776,12.305022239685059,False
-6.319075345993042,9.659403562545776,12.305022239685059,False
-6.319075345993042,9.659403562545776,12.305022239685059,False
-6.319075345993042,9.659403562545776,12.305022239685059,False
-6.319075345993042,9.659403562545776,12.305022239685059,False
-6.319075345993042,9.659403562545776,12.305022239685059,False
-6.319075345993042,9.659403562545776,12.305022239685059,False
-6.319075345993042,9.659403562545776,12.305022239685059,False
-6.319075345993042,9.659403562545776,12.305022239685059,False
-6.319075345993042,9.659403562545776,12.305022239685059,False
-6.319075345993042,9.659403562545776,12.305022239685059,False
-6.319075345993042,9.659403562545776,12.305022239685059,False
-6.319075345993042,9.659403562545776,12.305022239685059,False
-6.319075345993042,9.659403562545776,12.305022239685059,False
-6.319075345993042,9.659403562545776,12.305022239685059,False
-6.319075345993042,9.659403562545776,12.305022239685059,False
-6.319075345993042,9.659403562545776,12.305022239685059,False
-6.319075345993042,9.659403562545776,12.305022239685059,False
-6.319075345993042,9.659403562545776,12.305022239685059,False
-6.319075345993042,9.659403562545776,12.305022239685059,False
-6.319075345993042,9.659403562545776,12.305022239685059,False
-6.319075345993042,9.659403562545776,12.305022239685059,False
-6.319075345993042,9.659403562545776,12.305022239685059,False
-6.319075345993042,9.659403562545776,12.305022239685059,False
-6.319075345993042,9.659403562545776,12.305022239685059,False
-6.319075345993042,9.659403562545776,12.305022239685059,False
-6.319075345993042,9.659403562545776,12.305022239685059,False
-6.319075345993042,9.659403562545776,12.305022239685059,False
-6.319075345993042,9.659403562545776,12.305022239685059,False
-6.319075345993042,9.659403562545776,12.305022239685059,False
-6.319075345993042,9.659403562545776,12.305022239685059,False
-6.319075345993042,9.659403562545776,12.305022239685059,False
-6.319075345993042,9.659403562545776,12.305022239685059,False
-6.319075345993042,9.659403562545776,12.305022239685059,False
-6.319075345993042,9.659403562545776,12.305022239685059,False
-6.319075345993042,9.659403562545776,12.305022239685059,False
-6.319075345993042,9.659403562545776,12.305022239685059,False
-6.319075345993042,9.659403562545776,12.305022239685059,False
-6.319075345993042,9.659403562545776,12.305022239685059,False
-6.319075345993042,9.659403562545776,12.305022239685059,False
-6.319075345993042,9.659403562545776,12.305022239685059,False
-6.319075345993042,9.659403562545776,12.305022239685059,False
-6.319075345993042,9.659403562545776,12.305022239685059,False
-6.319075345993042,9.659403562545776,12.305022239685059,False
-6.319075345993042,9.659403562545776,12.305022239685059,False
-6.319075345993042,9.659403562545776,12.305022239685059,False
-6.319075345993042,9.659403562545776,12.305022239685059,False
-6.319075345993042,9.659403562545776,12.305022239685059,False
-6.319075345993042,9.659403562545776,12.305022239685059,False
-6.319075345993042,9.659403562545776,12.305022239685059,False
-6.319075345993042,9.659403562545776,12.305022239685059,False
-6.319075345993042,9.659403562545776,12.305022239685059,False
-6.319075345993042,9.659403562545776,12.305022239685059,False
-6.319075345993042,9.659403562545776,12.305022239685059,False
-6.319075345993042,9.659403562545776,12.305022239685059,False
-6.319075345993042,9.659403562545776,12.305022239685059,False
-6.319075345993042,9.659403562545776,12.305022239685059,False
-6.319075345993042,9.659403562545776,12.305022239685059,False
-6.319075345993042,9.659403562545776,12.305022239685059,False
-6.319075345993042,9.659403562545776,12.305022239685059,False
-6.319075345993042,9.659403562545776,12.305022239685059,False
-6.319075345993042,9.659403562545776,12.305022239685059,False
-6.319075345993042,9.659403562545776,12.305022239685059,False
-6.319075345993042,9.659403562545776,12.305022239685059,False
-6.319075345993042,9.659403562545776,12.305022239685059,False
-6.319075345993042,9.659403562545776,12.305022239685059,False
-6.319075345993042,9.659403562545776,12.305022239685059,False
-6.319075345993042,9.659403562545776,12.305022239685059,False
-6.319075345993042,9.659403562545776,12.305022239685059,False
-6.319075345993042,9.659403562545776,12.305022239685059,False
-6.319075345993042,9.659403562545776,12.305022239685059,False
-6.319075345993042,9.659403562545776,12.305022239685059,False
-6.319075345993042,9.659403562545776,12.305022239685059,False
-6.319075345993042,9.659403562545776,12.305022239685059,False
-6.319075345993042,9.659403562545776,12.305022239685059,False
-6.319075345993042,9.659403562545776,12.305022239685059,False
-6.319075345993042,9.659403562545776,12.305022239685059,False
-6.319075345993042,9.659403562545776,12.305022239685059,False
-6.319075345993042,9.659403562545776,12.305022239685059,False
-6.319075345993042,9.659403562545776,12.305022239685059,False
-6.319075345993042,9.659403562545776,12.305022239685059,False
-6.319075345993042,9.659403562545776,12.305022239685059,False
-6.319075345993042,9.659403562545776,12.305022239685059,False
-6.319075345993042,9.659403562545776,12.305022239685059,False
-6.319075345993042,9.659403562545776,12.305022239685059,False
-6.319075345993042,9.659403562545776,12.305022239685059,False
-6.319075345993042,9.659403562545776,12.305022239685059,False
-6.319075345993042,9.659403562545776,12.305022239685059,False
-6.319075345993042,9.659403562545776,12.305022239685059,False
-6.319075345993042,9.659403562545776,12.305022239685059,False
-6.319075345993042,9.659403562545776,12.305022239685059,False
-6.319075345993042,9.659403562545776,12.305022239685059,False
-6.319075345993042,9.659403562545776,12.305022239685059,False
-6.319075345993042,9.659403562545776,12.305022239685059,False
-6.319075345993042,9.659403562545776,12.305022239685059,False
-6.319075345993042,9.659403562545776,12.305022239685059,False
-6.319075345993042,9.659403562545776,12.305022239685059,False
-6.319075345993042,9.659403562545776,12.305022239685059,False
-6.319075345993042,9.659403562545776,12.305022239685059,False
-6.319075345993042,9.659403562545776,12.305022239685059,False
-6.319075345993042,9.659403562545776,12.305022239685059,False
-6.319075345993042,9.659403562545776,12.305022239685059,False
-6.319075345993042,9.659403562545776,12.305022239685059,False
-6.319075345993042,9.659403562545776,12.305022239685059,False
-6.319075345993042,9.659403562545776,12.305022239685059,False
-6.319075345993042,9.659403562545776,12.305022239685059,False
-6.319075345993042,9.659403562545776,12.305022239685059,False
-6.319075345993042,9.659403562545776,12.305022239685059,False
-6.319075345993042,9.659403562545776,12.305022239685059,False
-6.319075345993042,9.659403562545776,12.305022239685059,False
-6.319075345993042,9.659403562545776,12.305022239685059,False
-6.319075345993042,9.659403562545776,12.305022239685059,False
-6.319075345993042,9.659403562545776,12.305022239685059,False
-6.319075345993042,9.659403562545776,12.305022239685059,False
-6.319075345993042,9.659403562545776,12.305022239685059,False
-6.319075345993042,9.659403562545776,12.305022239685059,False
-6.319075345993042,9.659403562545776,12.305022239685059,False
-6.319075345993042,9.659403562545776,12.305022239685059,False
-6.319075345993042,9.659403562545776,12.305022239685059,False
-6.319075345993042,9.659403562545776,12.305022239685059,False
-6.319075345993042,9.659403562545776,12.305022239685059,False
-6.319075345993042,9.659403562545776,12.305022239685059,False
-6.319075345993042,9.659403562545776,12.305022239685059,False
-6.319075345993042,9.659403562545776,12.305022239685059,False
-6.319075345993042,9.659403562545776,12.305022239685059,False
-6.319075345993042,9.659403562545776,12.305022239685059,False
-6.319075345993042,9.659403562545776,12.305022239685059,False
-6.319075345993042,9.659403562545776,12.305022239685059,False
-6.319075345993042,9.659403562545776,12.305022239685059,False
-6.319075345993042,9.659403562545776,12.305022239685059,False
-6.319075345993042,9.659403562545776,12.305022239685059,False
-6.319075345993042,9.659403562545776,12.305022239685059,False
-6.319075345993042,9.659403562545776,12.305022239685059,False
-6.319075345993042,9.659403562545776,12.305022239685059,False
-6.319075345993042,9.659403562545776,12.305022239685059,False
-6.319075345993042,9.659403562545776,12.305022239685059,False
-6.319075345993042,9.659403562545776,12.305022239685059,False
-6.319075345993042,9.659403562545776,12.305022239685059,False
-6.319075345993042,9.659403562545776,12.305022239685059,False
-6.319075345993042,9.659403562545776,12.305022239685059,False
-6.319075345993042,9.659403562545776,12.305022239685059,False
-6.319075345993042,9.659403562545776,12.305022239685059,False
-6.319075345993042,9.659403562545776,12.305022239685059,False
-6.319075345993042,9.659403562545776,12.305022239685059,False
-6.319075345993042,9.659403562545776,12.305022239685059,False
-6.319075345993042,9.659403562545776,12.305022239685059,False
-6.319075345993042,9.659403562545776,12.305022239685059,False
-6.319075345993042,9.659403562545776,12.305022239685059,False
-6.319075345993042,9.659403562545776,12.305022239685059,False
-6.319075345993042,9.659403562545776,12.305022239685059,False
-6.319075345993042,9.659403562545776,12.305022239685059,False
-6.319075345993042,9.659403562545776,12.305022239685059,False
-6.319075345993042,9.659403562545776,12.305022239685059,False
-6.319075345993042,9.659403562545776,12.305022239685059,False
-6.319075345993042,9.659403562545776,12.305022239685059,False
-6.319075345993042,9.659403562545776,12.305022239685059,False
-6.319075345993042,9.659403562545776,12.305022239685059,False
-6.319075345993042,9.659403562545776,12.305022239685059,False
-6.319075345993042,9.659403562545776,12.305022239685059,False
-6.319075345993042,9.659403562545776,12.305022239685059,False
-6.319075345993042,9.659403562545776,12.305022239685059,False
-6.319075345993042,9.659403562545776,12.305022239685059,False
-6.319075345993042,9.659403562545776,12.305022239685059,False
-6.319075345993042,9.659403562545776,12.305022239685059,False
-6.319075345993042,9.659403562545776,12.305022239685059,False
-6.319075345993042,9.659403562545776,12.305022239685059,False
-6.319075345993042,9.659403562545776,12.305022239685059,False
-6.319075345993042,9.659403562545776,12.305022239685059,False
-6.319075345993042,9.659403562545776,12.305022239685059,False
-6.319075345993042,9.659403562545776,12.305022239685059,False
-6.319075345993042,9.659403562545776,12.305022239685059,False
-6.319075345993042,9.659403562545776,12.305022239685059,False
-6.319075345993042,9.659403562545776,12.305022239685059,False
-6.319075345993042,9.659403562545776,12.305022239685059,False
-6.319075345993042,9.659403562545776,12.305022239685059,False
-6.319075345993042,9.659403562545776,12.305022239685059,False
-6.319075345993042,9.659403562545776,12.305022239685059,False
-6.319075345993042,9.659403562545776,12.305022239685059,False
-6.319075345993042,9.659403562545776,12.305022239685059,False
-6.319075345993042,9.659403562545776,12.305022239685059,False
-6.319075345993042,9.659403562545776,12.305022239685059,False
-6.319075345993042,9.659403562545776,12.305022239685059,False
-6.319075345993042,9.659403562545776,12.305022239685059,False
-6.319075345993042,9.659403562545776,12.305022239685059,False
-6.319075345993042,9.659403562545776,12.305022239685059,False
-6.319075345993042,9.659403562545776,12.305022239685059,False
-6.319075345993042,9.659403562545776,12.305022239685059,False
-6.319075345993042,9.659403562545776,12.305022239685059,False
-6.319075345993042,9.659403562545776,12.305022239685059,False
-6.319075345993042,9.659403562545776,12.305022239685059,False
-6.319075345993042,9.659403562545776,12.305022239685059,False
-6.319075345993042,9.659403562545776,12.305022239685059,False
-6.319075345993042,9.659403562545776,12.305022239685059,False
-6.319075345993042,9.659403562545776,12.305022239685059,False
-6.319075345993042,9.659403562545776,12.305022239685059,False
-6.319075345993042,9.659403562545776,12.305022239685059,False
-6.319075345993042,9.659403562545776,12.305022239685059,False
-6.319075345993042,9.659403562545776,12.305022239685059,False
-6.319075345993042,9.659403562545776,12.305022239685059,False
-6.319075345993042,9.659403562545776,12.305022239685059,False
-6.319075345993042,9.659403562545776,12.305022239685059,False
-6.319075345993042,9.659403562545776,12.305022239685059,False
-6.319075345993042,9.659403562545776,12.305022239685059,False
-6.319075345993042,9.659403562545776,12.305022239685059,False
-6.319075345993042,9.659403562545776,12.305022239685059,False
-6.319075345993042,9.659403562545776,12.305022239685059,False
-6.319075345993042,9.659403562545776,12.305022239685059,False
-6.319075345993042,9.659403562545776,12.305022239685059,False
-6.319075345993042,9.659403562545776,12.305022239685059,False
-6.319075345993042,9.659403562545776,12.305022239685059,False
-6.319075345993042,9.659403562545776,12.305022239685059,False
-6.319075345993042,9.659403562545776,12.305022239685059,False
-6.319075345993042,9.659403562545776,12.305022239685059,False
-6.319075345993042,9.659403562545776,12.305022239685059,False
-6.319075345993042,9.659403562545776,12.305022239685059,False
-6.319075345993042,9.659403562545776,12.305022239685059,False
-6.319075345993042,9.659403562545776,12.305022239685059,False
-6.319075345993042,9.659403562545776,12.305022239685059,False
-6.319075345993042,9.659403562545776,12.305022239685059,False
-6.319075345993042,9.659403562545776,12.305022239685059,False
-6.319075345993042,9.659403562545776,12.305022239685059,False
-6.319075345993042,9.659403562545776,12.305022239685059,False
-6.319075345993042,9.659403562545776,12.305022239685059,False
-6.319075345993042,9.659403562545776,12.305022239685059,False
-6.319075345993042,9.659403562545776,12.305022239685059,False
-6.319075345993042,9.659403562545776,12.305022239685059,False
-6.319075345993042,9.659403562545776,12.305022239685059,False
-6.319075345993042,9.659403562545776,12.305022239685059,False
-6.319075345993042,9.659403562545776,12.305022239685059,False
-6.319075345993042,9.659403562545776,12.305022239685059,False
-6.319075345993042,9.659403562545776,12.305022239685059,False
-6.319075345993042,9.659403562545776,12.305022239685059,False
-6.319075345993042,9.659403562545776,12.305022239685059,False
-6.319075345993042,9.659403562545776,12.305022239685059,False
-6.319075345993042,9.659403562545776,12.305022239685059,False
-6.319075345993042,9.659403562545776,12.305022239685059,False
-6.319075345993042,9.659403562545776,12.305022239685059,False
-6.319075345993042,9.659403562545776,12.305022239685059,False
-6.319075345993042,9.659403562545776,12.305022239685059,False
-6.319075345993042,9.659403562545776,12.305022239685059,False
-6.319075345993042,9.659403562545776,12.305022239685059,False
-6.319075345993042,9.659403562545776,12.305022239685059,False
-6.319075345993042,9.659403562545776,12.305022239685059,False
-6.319075345993042,9.659403562545776,12.305022239685059,False
-6.319075345993042,9.659403562545776,12.305022239685059,False
-6.319075345993042,9.659403562545776,12.305022239685059,False
-6.319075345993042,9.659403562545776,12.305022239685059,False
-6.319075345993042,9.659403562545776,12.305022239685059,False
-6.319075345993042,9.659403562545776,12.305022239685059,False
-6.319075345993042,9.659403562545776,12.305022239685059,False
-6.319075345993042,9.659403562545776,12.305022239685059,False
-6.319075345993042,9.659403562545776,12.305022239685059,False
-6.319075345993042,9.659403562545776,12.305022239685059,False
-6.319075345993042,9.659403562545776,12.305022239685059,False
-6.319075345993042,9.659403562545776,12.305022239685059,False
-6.319075345993042,9.659403562545776,12.305022239685059,False
-6.319075345993042,9.659403562545776,12.305022239685059,False
-6.319075345993042,9.659403562545776,12.305022239685059,False
-6.319075345993042,9.659403562545776,12.305022239685059,False
-6.319075345993042,9.659403562545776,12.305022239685059,False
-6.319075345993042,9.659403562545776,12.305022239685059,False
-6.319075345993042,9.659403562545776,12.305022239685059,False
-6.319075345993042,9.659403562545776,12.305022239685059,False
-6.319075345993042,9.659403562545776,12.305022239685059,False
-6.319075345993042,9.659403562545776,12.305022239685059,False
-6.319075345993042,9.659403562545776,12.305022239685059,False
-6.319075345993042,9.659403562545776,12.305022239685059,False
-6.319075345993042,9.659403562545776,12.305022239685059,False
-6.319075345993042,9.659403562545776,12.305022239685059,False
-6.319075345993042,9.659403562545776,12.305022239685059,False
-6.319075345993042,9.659403562545776,12.305022239685059,False
-6.319075345993042,9.659403562545776,12.305022239685059,False
-6.319075345993042,9.659403562545776,12.305022239685059,False
-6.319075345993042,9.659403562545776,12.305022239685059,False
-6.319075345993042,9.659403562545776,12.305022239685059,False
-6.319075345993042,9.659403562545776,12.305022239685059,False
-6.319075345993042,9.659403562545776,12.305022239685059,False
-6.319075345993042,9.659403562545776,12.305022239685059,False
-6.319075345993042,9.659403562545776,12.305022239685059,False
-6.319075345993042,9.659403562545776,12.305022239685059,False
-6.319075345993042,9.659403562545776,12.305022239685059,False
-6.319075345993042,9.659403562545776,12.305022239685059,False
-6.319075345993042,9.659403562545776,12.305022239685059,False
-6.319075345993042,9.659403562545776,12.305022239685059,False
-6.319075345993042,9.659403562545776,12.305022239685059,False
-6.319075345993042,9.659403562545776,12.305022239685059,False
-6.319075345993042,9.659403562545776,12.305022239685059,False
-6.319075345993042,9.659403562545776,12.305022239685059,False
-6.319075345993042,9.659403562545776,12.305022239685059,False
-6.319075345993042,9.659403562545776,12.305022239685059,False
-6.319075345993042,9.659403562545776,12.305022239685059,False
-6.319075345993042,9.659403562545776,12.305022239685059,False
-6.319075345993042,9.659403562545776,12.305022239685059,False
-6.319075345993042,9.659403562545776,12.305022239685059,False
-6.319075345993042,9.659403562545776,12.305022239685059,False
-6.319075345993042,9.659403562545776,12.305022239685059,False
-6.319075345993042,9.659403562545776,12.305022239685059,False
-6.319075345993042,9.659403562545776,12.305022239685059,False
-6.319075345993042,9.659403562545776,12.305022239685059,False
-6.319075345993042,9.659403562545776,12.305022239685059,False
-6.319075345993042,9.659403562545776,12.305022239685059,False
-6.319075345993042,9.659403562545776,12.305022239685059,False
-6.319075345993042,9.659403562545776,12.305022239685059,False
-6.319075345993042,9.659403562545776,12.305022239685059,False
-6.319075345993042,9.659403562545776,12.305022239685059,False
-6.319075345993042,9.659403562545776,12.305022239685059,False
-6.319075345993042,9.659403562545776,12.305022239685059,False
-6.319075345993042,9.659403562545776,12.305022239685059,False
-6.319075345993042,9.659403562545776,12.305022239685059,False
-6.319075345993042,9.659403562545776,12.305022239685059,False
-6.319075345993042,9.659403562545776,12.305022239685059,False
-6.319075345993042,9.659403562545776,12.305022239685059,False
-6.319075345993042,9.659403562545776,12.305022239685059,False
-6.319075345993042,9.659403562545776,12.305022239685059,False
-6.319075345993042,9.659403562545776,12.305022239685059,False
-6.319075345993042,9.659403562545776,12.305022239685059,False
-6.319075345993042,9.659403562545776,12.305022239685059,False
-6.319075345993042,9.659403562545776,12.305022239685059,False
-6.319075345993042,9.659403562545776,12.305022239685059,False
-6.319075345993042,9.659403562545776,12.305022239685059,False
-6.319075345993042,9.659403562545776,12.305022239685059,False
-6.319075345993042,9.659403562545776,12.305022239685059,False
-6.319075345993042,9.659403562545776,12.305022239685059,False
-6.319075345993042,9.659403562545776,12.305022239685059,False
-6.319075345993042,9.659403562545776,12.305022239685059,False
-6.319075345993042,9.659403562545776,12.305022239685059,False
-6.319075345993042,9.659403562545776,12.305022239685059,False
-6.319075345993042,9.659403562545776,12.305022239685059,False
-6.319075345993042,9.659403562545776,12.305022239685059,False
-6.319075345993042,9.659403562545776,12.305022239685059,False
-6.319075345993042,9.659403562545776,12.305022239685059,False
-6.319075345993042,9.659403562545776,12.305022239685059,False
-6.319075345993042,9.659403562545776,12.305022239685059,False
-6.319075345993042,9.659403562545776,12.305022239685059,False
-6.319075345993042,9.659403562545776,12.305022239685059,False
-6.319075345993042,9.659403562545776,12.305022239685059,False
-6.319075345993042,9.659403562545776,12.305022239685059,False
-6.319075345993042,9.659403562545776,12.305022239685059,False
-6.319075345993042,9.659403562545776,12.305022239685059,False
-6.319075345993042,9.659403562545776,12.305022239685059,False
-6.319075345993042,9.659403562545776,12.305022239685059,False
-6.319075345993042,9.659403562545776,12.305022239685059,False
-6.319075345993042,9.659403562545776,12.305022239685059,False
-6.319075345993042,9.659403562545776,12.305022239685059,False
-6.319075345993042,9.659403562545776,12.305022239685059,False
-6.319075345993042,9.659403562545776,12.305022239685059,False
-6.319075345993042,9.659403562545776,12.305022239685059,False
-6.319075345993042,9.659403562545776,12.305022239685059,False
-6.319075345993042,9.659403562545776,12.305022239685059,False
-6.319075345993042,9.659403562545776,12.305022239685059,False
-6.319075345993042,9.659403562545776,12.305022239685059,False
-6.319075345993042,9.659403562545776,12.305022239685059,False
-6.319075345993042,9.659403562545776,12.305022239685059,False
-6.319075345993042,9.659403562545776,12.305022239685059,False
-6.319075345993042,9.659403562545776,12.305022239685059,False
-6.319075345993042,9.659403562545776,12.305022239685059,False
-6.319075345993042,9.659403562545776,12.305022239685059,False
-6.319075345993042,9.659403562545776,12.305022239685059,False
-6.319075345993042,9.659403562545776,12.305022239685059,False
-6.319075345993042,9.659403562545776,12.305022239685059,False
-6.319075345993042,9.659403562545776,12.305022239685059,False
-6.319075345993042,9.659403562545776,12.305022239685059,False
-6.319075345993042,9.659403562545776,12.305022239685059,False
-6.319075345993042,9.659403562545776,12.305022239685059,False
-6.319075345993042,9.659403562545776,12.305022239685059,False
-6.319075345993042,9.659403562545776,12.305022239685059,False
-6.319075345993042,9.659403562545776,12.305022239685059,False
-6.319075345993042,9.659403562545776,12.305022239685059,False
-6.319075345993042,9.659403562545776,12.305022239685059,False
-6.319075345993042,9.659403562545776,12.305022239685059,False
-6.319075345993042,9.659403562545776,12.305022239685059,False
-6.319075345993042,9.659403562545776,12.305022239685059,False
-6.319075345993042,9.659403562545776,12.305022239685059,False
-6.319075345993042,9.659403562545776,12.305022239685059,False
-6.319075345993042,9.659403562545776,12.305022239685059,False
-6.319075345993042,9.659403562545776,12.305022239685059,False
-6.319075345993042,9.659403562545776,12.305022239685059,False
-6.319075345993042,9.659403562545776,12.305022239685059,False
-6.319075345993042,9.659403562545776,12.305022239685059,False
-6.319075345993042,9.659403562545776,12.305022239685059,False
-6.319075345993042,9.659403562545776,12.305022239685059,False
-6.319075345993042,9.659403562545776,12.305022239685059,False
-6.319075345993042,9.659403562545776,12.305022239685059,False
-6.319075345993042,9.659403562545776,12.305022239685059,False
-6.319075345993042,9.659403562545776,12.305022239685059,False
-6.319075345993042,9.659403562545776,12.305022239685059,False
-6.319075345993042,9.659403562545776,12.305022239685059,False
-6.319075345993042,9.659403562545776,12.305022239685059,False
-6.319075345993042,9.659403562545776,12.305022239685059,False
-6.319075345993042,9.659403562545776,12.305022239685059,False
-6.319075345993042,9.659403562545776,12.305022239685059,False
-6.319075345993042,9.659403562545776,12.305022239685059,False
-6.319075345993042,9.659403562545776,12.305022239685059,False
-6.319075345993042,9.659403562545776,12.305022239685059,False
-6.319075345993042,9.659403562545776,12.305022239685059,False
-6.319075345993042,9.659403562545776,12.305022239685059,False
-6.319075345993042,9.659403562545776,12.305022239685059,False
-6.319075345993042,9.659403562545776,12.305022239685059,False
-6.319075345993042,9.659403562545776,12.305022239685059,False
-6.319075345993042,9.659403562545776,12.305022239685059,False
-6.319075345993042,9.659403562545776,12.305022239685059,False
-6.319075345993042,9.659403562545776,12.305022239685059,False
-6.319075345993042,9.659403562545776,12.305022239685059,False
-6.319075345993042,9.659403562545776,12.305022239685059,False
-6.319075345993042,9.659403562545776,12.305022239685059,False
-6.319075345993042,9.659403562545776,12.305022239685059,False
-6.319075345993042,9.659403562545776,12.305022239685059,False
-6.319075345993042,9.659403562545776,12.305022239685059,False
-6.319075345993042,9.659403562545776,12.305022239685059,False
-6.319075345993042,9.659403562545776,12.305022239685059,False
-6.319075345993042,9.659403562545776,12.305022239685059,False
-6.319075345993042,9.659403562545776,12.305022239685059,False
-6.319075345993042,9.659403562545776,12.305022239685059,False
-6.319075345993042,9.659403562545776,12.305022239685059,False
-6.319075345993042,9.659403562545776,12.305022239685059,False
-6.319075345993042,9.659403562545776,12.305022239685059,False
-6.319075345993042,9.659403562545776,12.305022239685059,False
-6.319075345993042,9.659403562545776,12.305022239685059,False
-6.319075345993042,9.659403562545776,12.305022239685059,False
-6.319075345993042,9.659403562545776,12.305022239685059,False
-6.319075345993042,9.659403562545776,12.305022239685059,False
-6.319075345993042,9.659403562545776,12.305022239685059,False
-6.319075345993042,9.659403562545776,12.305022239685059,False
-6.319075345993042,9.659403562545776,12.305022239685059,False
-6.319075345993042,9.659403562545776,12.305022239685059,False
-6.319075345993042,9.659403562545776,12.305022239685059,False
-6.319075345993042,9.659403562545776,12.305022239685059,False
-6.319075345993042,9.659403562545776,12.305022239685059,False
-6.319075345993042,9.659403562545776,12.305022239685059,False
-6.319075345993042,9.659403562545776,12.305022239685059,False
-6.319075345993042,9.659403562545776,12.305022239685059,False
-6.319075345993042,9.659403562545776,12.305022239685059,False
-6.319075345993042,9.659403562545776,12.305022239685059,False
-6.319075345993042,9.659403562545776,12.305022239685059,False
-6.319075345993042,9.659403562545776,12.305022239685059,False
-6.319075345993042,9.659403562545776,12.305022239685059,False
-6.319075345993042,9.659403562545776,12.305022239685059,False
-6.319075345993042,9.659403562545776,12.305022239685059,False
-6.319075345993042,9.659403562545776,12.305022239685059,False
-6.319075345993042,9.659403562545776,12.305022239685059,False
-6.319075345993042,9.659403562545776,12.305022239685059,False
-6.319075345993042,9.659403562545776,12.305022239685059,False
-6.319075345993042,9.659403562545776,12.305022239685059,False
-6.319075345993042,9.659403562545776,12.305022239685059,False
-6.319075345993042,9.659403562545776,12.305022239685059,False
-6.319075345993042,9.659403562545776,12.305022239685059,False
-6.319075345993042,9.659403562545776,12.305022239685059,False
-6.319075345993042,9.659403562545776,12.305022239685059,False
-6.319075345993042,9.659403562545776,12.305022239685059,False
-6.319075345993042,9.659403562545776,12.305022239685059,False
-6.319075345993042,9.659403562545776,12.305022239685059,False
-6.319075345993042,9.659403562545776,12.305022239685059,False
-6.319075345993042,9.659403562545776,12.305022239685059,False
-6.319075345993042,9.659403562545776,12.305022239685059,False
-6.319075345993042,9.659403562545776,12.305022239685059,False
-6.319075345993042,9.659403562545776,12.305022239685059,False
-6.319075345993042,9.659403562545776,12.305022239685059,False
-6.319075345993042,9.659403562545776,12.305022239685059,False
-6.319075345993042,9.659403562545776,12.305022239685059,False
-6.319075345993042,9.659403562545776,12.305022239685059,False
-6.319075345993042,9.659403562545776,12.305022239685059,False
-6.319075345993042,9.659403562545776,12.305022239685059,False
-6.319075345993042,9.659403562545776,12.305022239685059,False
-6.319075345993042,9.659403562545776,12.305022239685059,False
-6.319075345993042,9.659403562545776,12.305022239685059,False
-6.319075345993042,9.659403562545776,12.305022239685059,False
-6.319075345993042,9.659403562545776,12.305022239685059,False
-6.319075345993042,9.659403562545776,12.305022239685059,False
-6.319075345993042,9.659403562545776,12.305022239685059,False
-6.319075345993042,9.659403562545776,12.305022239685059,False
-6.319075345993042,9.659403562545776,12.305022239685059,False
-6.319075345993042,9.659403562545776,12.305022239685059,False
-6.319075345993042,9.659403562545776,12.305022239685059,False
-6.319075345993042,9.659403562545776,12.305022239685059,False
-6.319075345993042,9.659403562545776,12.305022239685059,False
-6.319075345993042,9.659403562545776,12.305022239685059,False
-6.319075345993042,9.659403562545776,12.305022239685059,False
-6.319075345993042,9.659403562545776,12.305022239685059,False
-6.319075345993042,9.659403562545776,12.305022239685059,False
-6.319075345993042,9.659403562545776,12.305022239685059,False
-6.319075345993042,9.659403562545776,12.305022239685059,False
-6.319075345993042,9.659403562545776,12.305022239685059,False
-6.319075345993042,9.659403562545776,12.305022239685059,False
-6.319075345993042,9.659403562545776,12.305022239685059,False
-6.319075345993042,9.659403562545776,12.305022239685059,False
-6.319075345993042,9.659403562545776,12.305022239685059,False
-6.319075345993042,9.659403562545776,12.305022239685059,False
-6.319075345993042,9.659403562545776,12.305022239685059,False
-6.319075345993042,9.659403562545776,12.305022239685059,False
-6.319075345993042,9.659403562545776,12.305022239685059,False
-6.319075345993042,9.659403562545776,12.305022239685059,False
-6.319075345993042,9.659403562545776,12.305022239685059,False
-6.319075345993042,9.659403562545776,12.305022239685059,False
-6.319075345993042,9.659403562545776,12.305022239685059,False
-6.319075345993042,9.659403562545776,12.305022239685059,False
-6.319075345993042,9.659403562545776,12.305022239685059,False
-6.319075345993042,9.659403562545776,12.305022239685059,False
-6.319075345993042,9.659403562545776,12.305022239685059,False
-6.319075345993042,9.659403562545776,12.305022239685059,False
-6.319075345993042,9.659403562545776,12.305022239685059,False
-6.319075345993042,9.659403562545776,12.305022239685059,False
-6.319075345993042,9.659403562545776,12.305022239685059,False
-6.319075345993042,9.659403562545776,12.305022239685059,False
-6.319075345993042,9.659403562545776,12.305022239685059,False
-6.319075345993042,9.659403562545776,12.305022239685059,False
-6.319075345993042,9.659403562545776,12.305022239685059,False
-6.319075345993042,9.659403562545776,12.305022239685059,False
-6.319075345993042,9.659403562545776,12.305022239685059,False
-6.319075345993042,9.659403562545776,12.305022239685059,False
-6.319075345993042,9.659403562545776,12.305022239685059,False
-6.319075345993042,9.659403562545776,12.305022239685059,False
-6.319075345993042,9.659403562545776,12.305022239685059,False
-6.319075345993042,9.659403562545776,12.305022239685059,False
-6.319075345993042,9.659403562545776,12.305022239685059,False
-6.319075345993042,9.659403562545776,12.305022239685059,False
-6.319075345993042,9.659403562545776,12.305022239685059,False
-6.319075345993042,9.659403562545776,12.305022239685059,False
-6.319075345993042,9.659403562545776,12.305022239685059,False
-6.319075345993042,9.659403562545776,12.305022239685059,False
-6.319075345993042,9.659403562545776,12.305022239685059,False
-6.319075345993042,9.659403562545776,12.305022239685059,False
-6.319075345993042,9.659403562545776,12.305022239685059,False
-6.319075345993042,9.659403562545776,12.305022239685059,False
-6.319075345993042,9.659403562545776,12.305022239685059,False
-6.319075345993042,9.659403562545776,12.305022239685059,False
-6.319075345993042,9.659403562545776,12.305022239685059,False
-6.319075345993042,9.659403562545776,12.305022239685059,False
-6.319075345993042,9.659403562545776,12.305022239685059,False
-6.319075345993042,9.659403562545776,12.305022239685059,False
-6.319075345993042,9.659403562545776,12.305022239685059,False
-6.319075345993042,9.659403562545776,12.305022239685059,False
-6.319075345993042,9.659403562545776,12.305022239685059,False
-6.319075345993042,9.659403562545776,12.305022239685059,False
-6.319075345993042,9.659403562545776,12.305022239685059,False
-6.319075345993042,9.659403562545776,12.305022239685059,False
-6.319075345993042,9.659403562545776,12.305022239685059,False
-6.319075345993042,9.659403562545776,12.305022239685059,False
-6.319075345993042,9.659403562545776,12.305022239685059,False
-6.319075345993042,9.659403562545776,12.305022239685059,False
-6.319075345993042,9.659403562545776,12.305022239685059,False
-6.319075345993042,9.659403562545776,12.305022239685059,False
-6.319075345993042,9.659403562545776,12.305022239685059,False
-6.319075345993042,9.659403562545776,12.305022239685059,False
-6.319075345993042,9.659403562545776,12.305022239685059,False
-6.319075345993042,9.659403562545776,12.305022239685059,False
-6.319075345993042,9.659403562545776,12.305022239685059,False
-6.319075345993042,9.659403562545776,12.305022239685059,False
-6.319075345993042,9.659403562545776,12.305022239685059,False
-6.319075345993042,9.659403562545776,12.305022239685059,False
-6.319075345993042,9.659403562545776,12.305022239685059,False
-6.319075345993042,9.659403562545776,12.305022239685059,False
-6.319075345993042,9.659403562545776,12.305022239685059,False
-6.319075345993042,9.659403562545776,12.305022239685059,False
-6.319075345993042,9.659403562545776,12.305022239685059,False
-6.319075345993042,9.659403562545776,12.305022239685059,False
-6.319075345993042,9.659403562545776,12.305022239685059,False
-6.319075345993042,9.659403562545776,12.305022239685059,False
-6.319075345993042,9.659403562545776,12.305022239685059,False
-6.319075345993042,9.659403562545776,12.305022239685059,False
-6.319075345993042,9.659403562545776,12.305022239685059,False
-6.319075345993042,9.659403562545776,12.305022239685059,False
-6.319075345993042,9.659403562545776,12.305022239685059,False
-6.319075345993042,9.659403562545776,12.305022239685059,False
-6.319075345993042,9.659403562545776,12.305022239685059,False
-6.319075345993042,9.659403562545776,12.305022239685059,False
-6.319075345993042,9.659403562545776,12.305022239685059,False
-6.319075345993042,9.659403562545776,12.305022239685059,False
-6.319075345993042,9.659403562545776,12.305022239685059,False
-6.319075345993042,9.659403562545776,12.305022239685059,False
-6.319075345993042,9.659403562545776,12.305022239685059,False
-6.319075345993042,9.659403562545776,12.305022239685059,False
-6.319075345993042,9.659403562545776,12.305022239685059,False
-6.319075345993042,9.659403562545776,12.305022239685059,False
-6.319075345993042,9.659403562545776,12.305022239685059,False
-6.319075345993042,9.659403562545776,12.305022239685059,False
-6.319075345993042,9.659403562545776,12.305022239685059,False
-6.319075345993042,9.659403562545776,12.305022239685059,False
-6.319075345993042,9.659403562545776,12.305022239685059,False
-6.319075345993042,9.659403562545776,12.305022239685059,False
-6.319075345993042,9.659403562545776,12.305022239685059,False
-6.319075345993042,9.659403562545776,12.305022239685059,False
-6.319075345993042,9.659403562545776,12.305022239685059,False
-6.319075345993042,9.659403562545776,12.305022239685059,False
-6.319075345993042,9.659403562545776,12.305022239685059,False
-6.319075345993042,9.659403562545776,12.305022239685059,False
-6.319075345993042,9.659403562545776,12.305022239685059,False
-6.319075345993042,9.659403562545776,12.305022239685059,False
-6.319075345993042,9.659403562545776,12.305022239685059,False
-6.319075345993042,9.659403562545776,12.305022239685059,False
-6.319075345993042,9.659403562545776,12.305022239685059,False
-6.319075345993042,9.659403562545776,12.305022239685059,False
-6.319075345993042,9.659403562545776,12.305022239685059,False
-6.319075345993042,9.659403562545776,12.305022239685059,False
-6.319075345993042,9.659403562545776,12.305022239685059,False
-6.319075345993042,9.659403562545776,12.305022239685059,False
-6.319075345993042,9.659403562545776,12.305022239685059,False
-6.319075345993042,9.659403562545776,12.305022239685059,False
-6.319075345993042,9.659403562545776,12.305022239685059,False
-6.319075345993042,9.659403562545776,12.305022239685059,False
-6.319075345993042,9.659403562545776,12.305022239685059,False
-6.319075345993042,9.659403562545776,12.305022239685059,False
-6.319075345993042,9.659403562545776,12.305022239685059,False
-6.319075345993042,9.659403562545776,12.305022239685059,False
-6.319075345993042,9.659403562545776,12.305022239685059,False
-6.319075345993042,9.659403562545776,12.305022239685059,False
-6.319075345993042,9.659403562545776,12.305022239685059,False
-6.319075345993042,9.659403562545776,12.305022239685059,False
-6.319075345993042,9.659403562545776,12.305022239685059,False
-6.319075345993042,9.659403562545776,12.305022239685059,False
-6.319075345993042,9.659403562545776,12.305022239685059,False
-6.319075345993042,9.659403562545776,12.305022239685059,False
-6.319075345993042,9.659403562545776,12.305022239685059,False
-6.319075345993042,9.659403562545776,12.305022239685059,False
-6.319075345993042,9.659403562545776,12.305022239685059,False
-6.319075345993042,9.659403562545776,12.305022239685059,False
-6.319075345993042,9.659403562545776,12.305022239685059,False
-6.319075345993042,9.659403562545776,12.305022239685059,False
-6.319075345993042,9.659403562545776,12.305022239685059,False
-6.319075345993042,9.659403562545776,12.305022239685059,False
-6.319075345993042,9.659403562545776,12.305022239685059,False
-6.319075345993042,9.659403562545776,12.305022239685059,False
-6.319075345993042,9.659403562545776,12.305022239685059,False
-6.319075345993042,9.659403562545776,12.305022239685059,False
-6.319075345993042,9.659403562545776,12.305022239685059,False
-6.319075345993042,9.659403562545776,12.305022239685059,False
-6.319075345993042,9.659403562545776,12.305022239685059,False
-6.319075345993042,9.659403562545776,12.305022239685059,False
-6.319075345993042,9.659403562545776,12.305022239685059,False
-6.319075345993042,9.659403562545776,12.305022239685059,False
-6.319075345993042,9.659403562545776,12.305022239685059,False
-6.319075345993042,9.659403562545776,12.305022239685059,False
-6.319075345993042,9.659403562545776,12.305022239685059,False
-6.319075345993042,9.659403562545776,12.305022239685059,False
-6.319075345993042,9.659403562545776,12.305022239685059,False
-6.319075345993042,9.659403562545776,12.305022239685059,False
-6.319075345993042,9.659403562545776,12.305022239685059,False
-6.319075345993042,9.659403562545776,12.305022239685059,False
-6.319075345993042,9.659403562545776,12.305022239685059,False
-6.319075345993042,9.659403562545776,12.305022239685059,False
-6.319075345993042,9.659403562545776,12.305022239685059,False
-6.319075345993042,9.659403562545776,12.305022239685059,False
-6.319075345993042,9.659403562545776,12.305022239685059,False
-6.319075345993042,9.659403562545776,12.305022239685059,False
-6.319075345993042,9.659403562545776,12.305022239685059,False
-6.319075345993042,9.659403562545776,12.305022239685059,False
-6.319075345993042,9.659403562545776,12.305022239685059,False
-6.319075345993042,9.659403562545776,12.305022239685059,False
-6.319075345993042,9.659403562545776,12.305022239685059,False
-6.319075345993042,9.659403562545776,12.305022239685059,False
-6.319075345993042,9.659403562545776,12.305022239685059,False
-6.319075345993042,9.659403562545776,12.305022239685059,False
-6.319075345993042,9.659403562545776,12.305022239685059,False
-6.319075345993042,9.659403562545776,12.305022239685059,False
-6.319075345993042,9.659403562545776,12.305022239685059,False
-6.319075345993042,9.659403562545776,12.305022239685059,False
-6.319075345993042,9.659403562545776,12.305022239685059,False
-6.319075345993042,9.659403562545776,12.305022239685059,False
-6.319075345993042,9.659403562545776,12.305022239685059,False
-6.319075345993042,9.659403562545776,12.305022239685059,False
-6.319075345993042,9.659403562545776,12.305022239685059,False
-6.319075345993042,9.659403562545776,12.305022239685059,False
-6.319075345993042,9.659403562545776,12.305022239685059,False
-6.319075345993042,9.659403562545776,12.305022239685059,False
-6.319075345993042,9.659403562545776,12.305022239685059,False
-6.319075345993042,9.659403562545776,12.305022239685059,False
-6.319075345993042,9.659403562545776,12.305022239685059,False
-6.319075345993042,9.659403562545776,12.305022239685059,False
-6.319075345993042,9.659403562545776,12.305022239685059,False
-6.319075345993042,9.659403562545776,12.305022239685059,False
-6.319075345993042,9.659403562545776,12.305022239685059,False
-6.319075345993042,9.659403562545776,12.305022239685059,False
-6.319075345993042,9.659403562545776,12.305022239685059,False
-6.319075345993042,9.659403562545776,12.305022239685059,False
-6.319075345993042,9.659403562545776,12.305022239685059,False
-6.319075345993042,9.659403562545776,12.305022239685059,False
-6.319075345993042,9.659403562545776,12.305022239685059,False
-6.319075345993042,9.659403562545776,12.305022239685059,False
-6.319075345993042,9.659403562545776,12.305022239685059,False
-6.319075345993042,9.659403562545776,12.305022239685059,False
-6.319075345993042,9.659403562545776,12.305022239685059,False
-6.319075345993042,9.659403562545776,12.305022239685059,False
-6.319075345993042,9.659403562545776,12.305022239685059,False
-6.319075345993042,9.659403562545776,12.305022239685059,False
-6.319075345993042,9.659403562545776,12.305022239685059,False
-6.319075345993042,9.659403562545776,12.305022239685059,False
-6.319075345993042,9.659403562545776,12.305022239685059,False
-6.319075345993042,9.659403562545776,12.305022239685059,False
-6.319075345993042,9.659403562545776,12.305022239685059,False
-6.319075345993042,9.659403562545776,12.305022239685059,False
-6.319075345993042,9.659403562545776,12.305022239685059,False
-6.319075345993042,9.659403562545776,12.305022239685059,False
-6.319075345993042,9.659403562545776,12.305022239685059,False
-6.319075345993042,9.659403562545776,12.305022239685059,False
-6.319075345993042,9.659403562545776,12.305022239685059,False
-6.319075345993042,9.659403562545776,12.305022239685059,False
-6.319075345993042,9.659403562545776,12.305022239685059,False
-6.319075345993042,9.659403562545776,12.305022239685059,False
-6.319075345993042,9.659403562545776,12.305022239685059,False
-6.319075345993042,9.659403562545776,12.305022239685059,False
-6.319075345993042,9.659403562545776,12.305022239685059,False
-6.319075345993042,9.659403562545776,12.305022239685059,False
-6.319075345993042,9.659403562545776,12.305022239685059,False
-6.319075345993042,9.659403562545776,12.305022239685059,False
-6.319075345993042,9.659403562545776,12.305022239685059,False
-6.319075345993042,9.659403562545776,12.305022239685059,False
-6.319075345993042,9.659403562545776,12.305022239685059,False
-6.319075345993042,9.659403562545776,12.305022239685059,False
-6.319075345993042,9.659403562545776,12.305022239685059,False
-6.319075345993042,9.659403562545776,12.305022239685059,False
-6.319075345993042,9.659403562545776,12.305022239685059,False
-6.319075345993042,9.659403562545776,12.305022239685059,False
-6.319075345993042,9.659403562545776,12.305022239685059,False
-6.319075345993042,9.659403562545776,12.305022239685059,False
-6.319075345993042,9.659403562545776,12.305022239685059,False
-6.319075345993042,9.659403562545776,12.305022239685059,False
-6.319075345993042,9.659403562545776,12.305022239685059,False
-6.319075345993042,9.659403562545776,12.305022239685059,False
-6.319075345993042,9.659403562545776,12.305022239685059,False
-6.319075345993042,9.659403562545776,12.305022239685059,False
-6.319075345993042,9.659403562545776,12.305022239685059,False
-6.319075345993042,9.659403562545776,12.305022239685059,False
-6.319075345993042,9.659403562545776,12.305022239685059,False
-6.319075345993042,9.659403562545776,12.305022239685059,False
-6.319075345993042,9.659403562545776,12.305022239685059,False
-6.319075345993042,9.659403562545776,12.305022239685059,False
-6.319075345993042,9.659403562545776,12.305022239685059,False
-6.319075345993042,9.659403562545776,12.305022239685059,False
-6.319075345993042,9.659403562545776,12.305022239685059,False
-6.319075345993042,9.659403562545776,12.305022239685059,False
-6.319075345993042,9.659403562545776,12.305022239685059,False
-6.319075345993042,9.659403562545776,12.305022239685059,False
-6.319075345993042,9.659403562545776,12.305022239685059,False
-6.319075345993042,9.659403562545776,12.305022239685059,False
-6.319075345993042,9.659403562545776,12.305022239685059,False
-6.319075345993042,9.659403562545776,12.305022239685059,False
-6.319075345993042,9.659403562545776,12.305022239685059,False
-6.319075345993042,9.659403562545776,12.305022239685059,False
-6.319075345993042,9.659403562545776,12.305022239685059,False
-6.319075345993042,9.659403562545776,12.305022239685059,False
-6.319075345993042,9.659403562545776,12.305022239685059,False
-6.319075345993042,9.659403562545776,12.305022239685059,False
-6.319075345993042,9.659403562545776,12.305022239685059,False
-6.319075345993042,9.659403562545776,12.305022239685059,False
-6.319075345993042,9.659403562545776,12.305022239685059,False
-6.319075345993042,9.659403562545776,12.305022239685059,False
-6.319075345993042,9.659403562545776,12.305022239685059,False
-6.319075345993042,9.659403562545776,12.305022239685059,False
-6.319075345993042,9.659403562545776,12.305022239685059,False
-6.319075345993042,9.659403562545776,12.305022239685059,False
-6.319075345993042,9.659403562545776,12.305022239685059,False
-6.319075345993042,9.659403562545776,12.305022239685059,False
-6.319075345993042,9.659403562545776,12.305022239685059,False
-6.319075345993042,9.659403562545776,12.305022239685059,False
-6.319075345993042,9.659403562545776,12.305022239685059,False
-6.319075345993042,9.659403562545776,12.305022239685059,False
-6.319075345993042,9.659403562545776,12.305022239685059,False
-6.319075345993042,9.659403562545776,12.305022239685059,False
-6.319075345993042,9.659403562545776,12.305022239685059,False
-6.319075345993042,9.659403562545776,12.305022239685059,False
-6.319075345993042,9.659403562545776,12.305022239685059,False
-6.319075345993042,9.659403562545776,12.305022239685059,False
-6.319075345993042,9.659403562545776,12.305022239685059,False
-6.319075345993042,9.659403562545776,12.305022239685059,False
-6.319075345993042,9.659403562545776,12.305022239685059,False
-6.319075345993042,9.659403562545776,12.305022239685059,False
-6.319075345993042,9.659403562545776,12.305022239685059,False
-6.319075345993042,9.659403562545776,12.305022239685059,False
-6.319075345993042,9.659403562545776,12.305022239685059,False
-6.319075345993042,9.659403562545776,12.305022239685059,False
-6.319075345993042,9.659403562545776,12.305022239685059,False
-6.319075345993042,9.659403562545776,12.305022239685059,False
-6.319075345993042,9.659403562545776,12.305022239685059,False
-6.319075345993042,9.659403562545776,12.305022239685059,False
-6.319075345993042,9.659403562545776,12.305022239685059,False
-6.319075345993042,9.659403562545776,12.305022239685059,False
-6.319075345993042,9.659403562545776,12.305022239685059,False
-6.319075345993042,9.659403562545776,12.305022239685059,False
-6.319075345993042,9.659403562545776,12.305022239685059,False
-6.319075345993042,9.659403562545776,12.305022239685059,False
-6.319075345993042,9.659403562545776,12.305022239685059,False
-6.319075345993042,9.659403562545776,12.305022239685059,False
-6.319075345993042,9.659403562545776,12.305022239685059,False
-6.319075345993042,9.659403562545776,12.305022239685059,False
-6.319075345993042,9.659403562545776,12.305022239685059,False
-6.319075345993042,9.659403562545776,12.305022239685059,False
-6.319075345993042,9.659403562545776,12.305022239685059,False
-6.319075345993042,9.659403562545776,12.305022239685059,False
-6.319075345993042,9.659403562545776,12.305022239685059,False
-6.319075345993042,9.659403562545776,12.305022239685059,False
-6.319075345993042,9.659403562545776,12.305022239685059,False
-6.319075345993042,9.659403562545776,12.305022239685059,False
-6.319075345993042,9.659403562545776,12.305022239685059,False
-6.319075345993042,9.659403562545776,12.305022239685059,False
-6.319075345993042,9.659403562545776,12.305022239685059,False
-6.319075345993042,9.659403562545776,12.305022239685059,False
-6.319075345993042,9.659403562545776,12.305022239685059,False
-6.319075345993042,9.659403562545776,12.305022239685059,False
-6.319075345993042,9.659403562545776,12.305022239685059,False
-6.319075345993042,9.659403562545776,12.305022239685059,False
-6.319075345993042,9.659403562545776,12.305022239685059,False
-6.319075345993042,9.659403562545776,12.305022239685059,False
-6.319075345993042,9.659403562545776,12.305022239685059,False
-6.319075345993042,9.659403562545776,12.305022239685059,False
-6.319075345993042,9.659403562545776,12.305022239685059,False
-6.319075345993042,9.659403562545776,12.305022239685059,False
-6.319075345993042,9.659403562545776,12.305022239685059,False
-6.319075345993042,9.659403562545776,12.305022239685059,False
-6.319075345993042,9.659403562545776,12.305022239685059,False
-6.319075345993042,9.659403562545776,12.305022239685059,False
-6.319075345993042,9.659403562545776,12.305022239685059,False
-6.319075345993042,9.659403562545776,12.305022239685059,False
-6.319075345993042,9.659403562545776,12.305022239685059,False
-6.319075345993042,9.659403562545776,12.305022239685059,False
-6.319075345993042,9.659403562545776,12.305022239685059,False
-6.319075345993042,9.659403562545776,12.305022239685059,False
-6.319075345993042,9.659403562545776,12.305022239685059,False
-6.319075345993042,9.659403562545776,12.305022239685059,False
-6.319075345993042,9.659403562545776,12.305022239685059,False
-6.319075345993042,9.659403562545776,12.305022239685059,False
-6.319075345993042,9.659403562545776,12.305022239685059,False
-6.319075345993042,9.659403562545776,12.305022239685059,False
-6.319075345993042,9.659403562545776,12.305022239685059,False
-6.319075345993042,9.659403562545776,12.305022239685059,False
-6.319075345993042,9.659403562545776,12.305022239685059,False
-6.319075345993042,9.659403562545776,12.305022239685059,False
-6.319075345993042,9.659403562545776,12.305022239685059,False
-6.319075345993042,9.659403562545776,12.305022239685059,False
-6.319075345993042,9.659403562545776,12.305022239685059,False
-6.319075345993042,9.659403562545776,12.305022239685059,False
-6.319075345993042,9.659403562545776,12.305022239685059,False
-6.319075345993042,9.659403562545776,12.305022239685059,False
-6.319075345993042,9.659403562545776,12.305022239685059,False
-6.319075345993042,9.659403562545776,12.305022239685059,False
-6.319075345993042,9.659403562545776,12.305022239685059,False
-6.319075345993042,9.659403562545776,12.305022239685059,False
-6.319075345993042,9.659403562545776,12.305022239685059,False
-6.319075345993042,9.659403562545776,12.305022239685059,False
-6.319075345993042,9.659403562545776,12.305022239685059,False
-6.319075345993042,9.659403562545776,12.305022239685059,False
-6.319075345993042,9.659403562545776,12.305022239685059,False
-6.319075345993042,9.659403562545776,12.305022239685059,False
-6.319075345993042,9.659403562545776,12.305022239685059,False
-6.319075345993042,9.659403562545776,12.305022239685059,False
-6.319075345993042,9.659403562545776,12.305022239685059,False
-6.319075345993042,9.659403562545776,12.305022239685059,False
-6.319075345993042,9.659403562545776,12.305022239685059,False
-6.319075345993042,9.659403562545776,12.305022239685059,False
-6.319075345993042,9.659403562545776,12.305022239685059,False
-6.319075345993042,9.659403562545776,12.305022239685059,False
-6.319075345993042,9.659403562545776,12.305022239685059,False
-6.319075345993042,9.659403562545776,12.305022239685059,False
-6.319075345993042,9.659403562545776,12.305022239685059,False
-6.319075345993042,9.659403562545776,12.305022239685059,False
-6.319075345993042,9.659403562545776,12.305022239685059,False
-6.319075345993042,9.659403562545776,12.305022239685059,False
-6.319075345993042,9.659403562545776,12.305022239685059,False
-6.319075345993042,9.659403562545776,12.305022239685059,False
-6.319075345993042,9.659403562545776,12.305022239685059,False
-6.319075345993042,9.659403562545776,12.305022239685059,False
-6.319075345993042,9.659403562545776,12.305022239685059,False
-6.319075345993042,9.659403562545776,12.305022239685059,False
-6.319075345993042,9.659403562545776,12.305022239685059,False
-6.319075345993042,9.659403562545776,12.305022239685059,False
-6.319075345993042,9.659403562545776,12.305022239685059,False
-6.319075345993042,9.659403562545776,12.305022239685059,False
-6.319075345993042,9.659403562545776,12.305022239685059,False
-6.319075345993042,9.659403562545776,12.305022239685059,False
-6.319075345993042,9.659403562545776,12.305022239685059,False
-6.319075345993042,9.659403562545776,12.305022239685059,False
-6.319075345993042,9.659403562545776,12.305022239685059,False
-6.319075345993042,9.659403562545776,12.305022239685059,False
-6.319075345993042,9.659403562545776,12.305022239685059,False
-6.319075345993042,9.659403562545776,12.305022239685059,False
-6.319075345993042,9.659403562545776,12.305022239685059,False
-6.319075345993042,9.659403562545776,12.305022239685059,False
-6.319075345993042,9.659403562545776,12.305022239685059,False
-6.319075345993042,9.659403562545776,12.305022239685059,False
-6.319075345993042,9.659403562545776,12.305022239685059,False
-6.319075345993042,9.659403562545776,12.305022239685059,False
-6.319075345993042,9.659403562545776,12.305022239685059,False
-6.319075345993042,9.659403562545776,12.305022239685059,False
-6.319075345993042,9.659403562545776,12.305022239685059,False
-6.319075345993042,9.659403562545776,12.305022239685059,False
-6.319075345993042,9.659403562545776,12.305022239685059,False
-6.319075345993042,9.659403562545776,12.305022239685059,False
-6.319075345993042,9.659403562545776,12.305022239685059,False
-6.319075345993042,9.659403562545776,12.305022239685059,False
-6.319075345993042,9.659403562545776,12.305022239685059,False
-6.319075345993042,9.659403562545776,12.305022239685059,False
-6.319075345993042,9.659403562545776,12.305022239685059,False
-6.319075345993042,9.659403562545776,12.305022239685059,False
-6.319075345993042,9.659403562545776,12.305022239685059,False
-6.319075345993042,9.659403562545776,12.305022239685059,False
-6.319075345993042,9.659403562545776,12.305022239685059,False
-6.319075345993042,9.659403562545776,12.305022239685059,False
-6.319075345993042,9.659403562545776,12.305022239685059,False
-6.319075345993042,9.659403562545776,12.305022239685059,False
-6.319075345993042,9.659403562545776,12.305022239685059,False
-6.319075345993042,9.659403562545776,12.305022239685059,False
-6.319075345993042,9.659403562545776,12.305022239685059,False
-6.319075345993042,9.659403562545776,12.305022239685059,False
-6.319075345993042,9.659403562545776,12.305022239685059,False
-6.319075345993042,9.659403562545776,12.305022239685059,False
-6.319075345993042,9.659403562545776,12.305022239685059,False
-6.319075345993042,9.659403562545776,12.305022239685059,False
-6.319075345993042,9.659403562545776,12.305022239685059,False
-6.319075345993042,9.659403562545776,12.305022239685059,False
-6.319075345993042,9.659403562545776,12.305022239685059,False
-6.319075345993042,9.659403562545776,12.305022239685059,False
-6.319075345993042,9.659403562545776,12.305022239685059,False
-6.319075345993042,9.659403562545776,12.305022239685059,False
-6.319075345993042,9.659403562545776,12.305022239685059,False
-6.319075345993042,9.659403562545776,12.305022239685059,False
-6.319075345993042,9.659403562545776,12.305022239685059,False
-6.319075345993042,9.659403562545776,12.305022239685059,False
-6.319075345993042,9.659403562545776,12.305022239685059,False
-6.319075345993042,9.659403562545776,12.305022239685059,False
-6.319075345993042,9.659403562545776,12.305022239685059,False
-6.319075345993042,9.659403562545776,12.305022239685059,False
-6.319075345993042,9.659403562545776,12.305022239685059,False
-6.319075345993042,9.659403562545776,12.305022239685059,False
-6.319075345993042,9.659403562545776,12.305022239685059,False
-6.319075345993042,9.659403562545776,12.305022239685059,False
-6.319075345993042,9.659403562545776,12.305022239685059,False
-6.319075345993042,9.659403562545776,12.305022239685059,False
-6.319075345993042,9.659403562545776,12.305022239685059,False
-6.319075345993042,9.659403562545776,12.305022239685059,False
-6.319075345993042,9.659403562545776,12.305022239685059,False
-6.319075345993042,9.659403562545776,12.305022239685059,False
-6.319075345993042,9.659403562545776,12.305022239685059,False
-6.319075345993042,9.659403562545776,12.305022239685059,False
-6.319075345993042,9.659403562545776,12.305022239685059,False
-6.319075345993042,9.659403562545776,12.305022239685059,False
-6.319075345993042,9.659403562545776,12.305022239685059,False
-6.319075345993042,9.659403562545776,12.305022239685059,False
-6.319075345993042,9.659403562545776,12.305022239685059,False
-6.319075345993042,9.659403562545776,12.305022239685059,False
-6.319075345993042,9.659403562545776,12.305022239685059,False
-6.319075345993042,9.659403562545776,12.305022239685059,False
-6.319075345993042,9.659403562545776,12.305022239685059,False
-6.319075345993042,9.659403562545776,12.305022239685059,False
-6.319075345993042,9.659403562545776,12.305022239685059,False
-6.319075345993042,9.659403562545776,12.305022239685059,False
-6.319075345993042,9.659403562545776,12.305022239685059,False
-6.319075345993042,9.659403562545776,12.305022239685059,False
-6.319075345993042,9.659403562545776,12.305022239685059,False
-6.319075345993042,9.659403562545776,12.305022239685059,False
-6.319075345993042,9.659403562545776,12.305022239685059,False
-6.319075345993042,9.659403562545776,12.305022239685059,False
-6.319075345993042,9.659403562545776,12.305022239685059,False
-6.319075345993042,9.659403562545776,12.305022239685059,False
-6.319075345993042,9.659403562545776,12.305022239685059,False
-6.319075345993042,9.659403562545776,12.305022239685059,False
-6.319075345993042,9.659403562545776,12.305022239685059,False
-6.319075345993042,9.659403562545776,12.305022239685059,False
-6.319075345993042,9.659403562545776,12.305022239685059,False
-6.319075345993042,9.659403562545776,12.305022239685059,False
-6.319075345993042,9.659403562545776,12.305022239685059,False
-6.319075345993042,9.659403562545776,12.305022239685059,False
-6.319075345993042,9.659403562545776,12.305022239685059,False
-6.319075345993042,9.659403562545776,12.305022239685059,False
-6.319075345993042,9.659403562545776,12.305022239685059,False
-6.319075345993042,9.659403562545776,12.305022239685059,False
-6.319075345993042,9.659403562545776,12.305022239685059,False
-6.319075345993042,9.659403562545776,12.305022239685059,False
-6.319075345993042,9.659403562545776,12.305022239685059,False
-6.319075345993042,9.659403562545776,12.305022239685059,False
-6.319075345993042,9.659403562545776,12.305022239685059,False
-6.319075345993042,9.659403562545776,12.305022239685059,False
-6.319075345993042,9.659403562545776,12.305022239685059,False
-6.319075345993042,9.659403562545776,12.305022239685059,False
-6.319075345993042,9.659403562545776,12.305022239685059,False
-6.319075345993042,9.659403562545776,12.305022239685059,False
-6.319075345993042,9.659403562545776,12.305022239685059,False
-6.319075345993042,9.659403562545776,12.305022239685059,False
-6.319075345993042,9.659403562545776,12.305022239685059,False
-6.319075345993042,9.659403562545776,12.305022239685059,False
-6.319075345993042,9.659403562545776,12.305022239685059,False
-6.319075345993042,9.659403562545776,12.305022239685059,False
-6.319075345993042,9.659403562545776,12.305022239685059,False
-6.319075345993042,9.659403562545776,12.305022239685059,False
-6.319075345993042,9.659403562545776,12.305022239685059,False
-6.319075345993042,9.659403562545776,12.305022239685059,False
-6.319075345993042,9.659403562545776,12.305022239685059,False
-6.319075345993042,9.659403562545776,12.305022239685059,False
-6.319075345993042,9.659403562545776,12.305022239685059,False
-6.319075345993042,9.659403562545776,12.305022239685059,False
-6.319075345993042,9.659403562545776,12.305022239685059,False
-6.319075345993042,9.659403562545776,12.305022239685059,False
-6.319075345993042,9.659403562545776,12.305022239685059,False
-6.319075345993042,9.659403562545776,12.305022239685059,False
-6.319075345993042,9.659403562545776,12.305022239685059,False
-6.319075345993042,9.659403562545776,12.305022239685059,False
-6.319075345993042,9.659403562545776,12.305022239685059,False
-6.319075345993042,9.659403562545776,12.305022239685059,False
-6.319075345993042,9.659403562545776,12.305022239685059,False
-6.319075345993042,9.659403562545776,12.305022239685059,False
-6.319075345993042,9.659403562545776,12.305022239685059,False
-6.319075345993042,9.659403562545776,12.305022239685059,False
-6.319075345993042,9.659403562545776,12.305022239685059,False
-6.319075345993042,9.659403562545776,12.305022239685059,False
-6.319075345993042,9.659403562545776,12.305022239685059,False
-6.319075345993042,9.659403562545776,12.305022239685059,False
-6.319075345993042,9.659403562545776,12.305022239685059,False
-6.319075345993042,9.659403562545776,12.305022239685059,False
-6.319075345993042,9.659403562545776,12.305022239685059,False
-6.319075345993042,9.659403562545776,12.305022239685059,False
-6.319075345993042,9.659403562545776,12.305022239685059,False
-6.319075345993042,9.659403562545776,12.305022239685059,False
-6.319075345993042,9.659403562545776,12.305022239685059,False
-6.319075345993042,9.659403562545776,12.305022239685059,False
-6.319075345993042,9.659403562545776,12.305022239685059,False
-6.319075345993042,9.659403562545776,12.305022239685059,False
-6.319075345993042,9.659403562545776,12.305022239685059,False
-6.319075345993042,9.659403562545776,12.305022239685059,False
-6.319075345993042,9.659403562545776,12.305022239685059,False
-6.319075345993042,9.659403562545776,12.305022239685059,False
-6.319075345993042,9.659403562545776,12.305022239685059,False
-6.319075345993042,9.659403562545776,12.305022239685059,False
-6.319075345993042,9.659403562545776,12.305022239685059,False
-6.319075345993042,9.659403562545776,12.305022239685059,False
-6.319075345993042,9.659403562545776,12.305022239685059,False
-6.319075345993042,9.659403562545776,12.305022239685059,False
-6.319075345993042,9.659403562545776,12.305022239685059,False
-6.319075345993042,9.659403562545776,12.305022239685059,False
-6.319075345993042,9.659403562545776,12.305022239685059,False
-6.319075345993042,9.659403562545776,12.305022239685059,False
-6.319075345993042,9.659403562545776,12.305022239685059,False
-6.319075345993042,9.659403562545776,12.305022239685059,False
-6.319075345993042,9.659403562545776,12.305022239685059,False
-6.319075345993042,9.659403562545776,12.305022239685059,False
-6.319075345993042,9.659403562545776,12.305022239685059,False
-6.319075345993042,9.659403562545776,12.305022239685059,False
-6.319075345993042,9.659403562545776,12.305022239685059,False
-6.319075345993042,9.659403562545776,12.305022239685059,False
-6.319075345993042,9.659403562545776,12.305022239685059,False
-6.319075345993042,9.659403562545776,12.305022239685059,False
-6.319075345993042,9.659403562545776,12.305022239685059,False
-6.319075345993042,9.659403562545776,12.305022239685059,False
-6.319075345993042,9.659403562545776,12.305022239685059,False
-6.319075345993042,9.659403562545776,12.305022239685059,False
-6.319075345993042,9.659403562545776,12.305022239685059,False
-6.319075345993042,9.659403562545776,12.305022239685059,False
-6.319075345993042,9.659403562545776,12.305022239685059,False
-6.319075345993042,9.659403562545776,12.305022239685059,False
-6.319075345993042,9.659403562545776,12.305022239685059,False
-6.319075345993042,9.659403562545776,12.305022239685059,False
-6.319075345993042,9.659403562545776,12.305022239685059,False
-6.319075345993042,9.659403562545776,12.305022239685059,False
-6.319075345993042,9.659403562545776,12.305022239685059,False
-6.319075345993042,9.659403562545776,12.305022239685059,False
-6.319075345993042,9.659403562545776,12.305022239685059,False
-6.319075345993042,9.659403562545776,12.305022239685059,False
-6.319075345993042,9.659403562545776,12.305022239685059,False
-6.319075345993042,9.659403562545776,12.305022239685059,False
-6.319075345993042,9.659403562545776,12.305022239685059,False
-6.319075345993042,9.659403562545776,12.305022239685059,False
-6.319075345993042,9.659403562545776,12.305022239685059,False
-6.319075345993042,9.659403562545776,12.305022239685059,False
-6.319075345993042,9.659403562545776,12.305022239685059,False
-6.319075345993042,9.659403562545776,12.305022239685059,False
-6.319075345993042,9.659403562545776,12.305022239685059,False
-6.319075345993042,9.659403562545776,12.305022239685059,False
-6.319075345993042,9.659403562545776,12.305022239685059,False
-6.319075345993042,9.659403562545776,12.305022239685059,False
-6.319075345993042,9.659403562545776,12.305022239685059,False
-6.319075345993042,9.659403562545776,12.305022239685059,False
-6.319075345993042,9.659403562545776,12.305022239685059,False
-6.319075345993042,9.659403562545776,12.305022239685059,False
-6.319075345993042,9.659403562545776,12.305022239685059,False
-6.319075345993042,9.659403562545776,12.305022239685059,False
-6.319075345993042,9.659403562545776,12.305022239685059,False
-6.319075345993042,9.659403562545776,12.305022239685059,False
-6.319075345993042,9.659403562545776,12.305022239685059,False
-6.319075345993042,9.659403562545776,12.305022239685059,False
-6.319075345993042,9.659403562545776,12.305022239685059,False
-6.319075345993042,9.659403562545776,12.305022239685059,False
-6.319075345993042,9.659403562545776,12.305022239685059,False
-6.319075345993042,9.659403562545776,12.305022239685059,False
-6.319075345993042,9.659403562545776,12.305022239685059,False
-6.319075345993042,9.659403562545776,12.305022239685059,False
-6.319075345993042,9.659403562545776,12.305022239685059,False
-6.319075345993042,9.659403562545776,12.305022239685059,False
-6.319075345993042,9.659403562545776,12.305022239685059,False
-6.319075345993042,9.659403562545776,12.305022239685059,False
-6.319075345993042,9.659403562545776,12.305022239685059,False
-6.319075345993042,9.659403562545776,12.305022239685059,False
-6.319075345993042,9.659403562545776,12.305022239685059,False
-6.319075345993042,9.659403562545776,12.305022239685059,False
-6.319075345993042,9.659403562545776,12.305022239685059,False
-6.319075345993042,9.659403562545776,12.305022239685059,False
-6.319075345993042,9.659403562545776,12.305022239685059,False
-6.319075345993042,9.659403562545776,12.305022239685059,False
-6.319075345993042,9.659403562545776,12.305022239685059,False
-6.319075345993042,9.659403562545776,12.305022239685059,False
-6.319075345993042,9.659403562545776,12.305022239685059,False
-6.319075345993042,9.659403562545776,12.305022239685059,False
-6.319075345993042,9.659403562545776,12.305022239685059,False
-6.319075345993042,9.659403562545776,12.305022239685059,False
-6.319075345993042,9.659403562545776,12.305022239685059,False
-6.319075345993042,9.659403562545776,12.305022239685059,False
-6.319075345993042,9.659403562545776,12.305022239685059,False
-6.319075345993042,9.659403562545776,12.305022239685059,False
-6.319075345993042,9.659403562545776,12.305022239685059,False
-6.319075345993042,9.659403562545776,12.305022239685059,False
-6.319075345993042,9.659403562545776,12.305022239685059,False
-6.319075345993042,9.659403562545776,12.305022239685059,False
-6.319075345993042,9.659403562545776,12.305022239685059,False
-6.319075345993042,9.659403562545776,12.305022239685059,False
-6.319075345993042,9.659403562545776,12.305022239685059,False
-6.319075345993042,9.659403562545776,12.305022239685059,False
-6.319075345993042,9.659403562545776,12.305022239685059,False
-6.319075345993042,9.659403562545776,12.305022239685059,False
-6.319075345993042,9.659403562545776,12.305022239685059,False
-6.319075345993042,9.659403562545776,12.305022239685059,False
-6.319075345993042,9.659403562545776,12.305022239685059,False
-6.319075345993042,9.659403562545776,12.305022239685059,False
-6.319075345993042,9.659403562545776,12.305022239685059,False
-6.319075345993042,9.659403562545776,12.305022239685059,False
-6.319075345993042,9.659403562545776,12.305022239685059,False
-6.319075345993042,9.659403562545776,12.305022239685059,False
-6.319075345993042,9.659403562545776,12.305022239685059,False
-6.319075345993042,9.659403562545776,12.305022239685059,False
-6.319075345993042,9.659403562545776,12.305022239685059,False
-6.319075345993042,9.659403562545776,12.305022239685059,False
-6.319075345993042,9.659403562545776,12.305022239685059,False
-6.319075345993042,9.659403562545776,12.305022239685059,False
-6.319075345993042,9.659403562545776,12.305022239685059,False
-6.319075345993042,9.659403562545776,12.305022239685059,False
-6.319075345993042,9.659403562545776,12.305022239685059,False
-6.319075345993042,9.659403562545776,12.305022239685059,False
-6.319075345993042,9.659403562545776,12.305022239685059,False
-6.319075345993042,9.659403562545776,12.305022239685059,False
-6.319075345993042,9.659403562545776,12.305022239685059,False
-6.319075345993042,9.659403562545776,12.305022239685059,False
-6.319075345993042,9.659403562545776,12.305022239685059,False
-6.319075345993042,9.659403562545776,12.305022239685059,False
-6.319075345993042,9.659403562545776,12.305022239685059,False
-6.319075345993042,9.659403562545776,12.305022239685059,False
-6.319075345993042,9.659403562545776,12.305022239685059,False
-6.319075345993042,9.659403562545776,12.305022239685059,False
-6.319075345993042,9.659403562545776,12.305022239685059,False
-6.319075345993042,9.659403562545776,12.305022239685059,False
-6.319075345993042,9.659403562545776,12.305022239685059,False
-6.319075345993042,9.659403562545776,12.305022239685059,False
-6.319075345993042,9.659403562545776,12.305022239685059,False
-6.319075345993042,9.659403562545776,12.305022239685059,False
-6.319075345993042,9.659403562545776,12.305022239685059,False
-6.319075345993042,9.659403562545776,12.305022239685059,False
-6.319075345993042,9.659403562545776,12.305022239685059,False
-6.319075345993042,9.659403562545776,12.305022239685059,False
-6.319075345993042,9.659403562545776,12.305022239685059,False
-6.319075345993042,9.659403562545776,12.305022239685059,False
-6.319075345993042,9.659403562545776,12.305022239685059,False
-6.319075345993042,9.659403562545776,12.305022239685059,False
-6.319075345993042,9.659403562545776,12.305022239685059,False
-6.319075345993042,9.659403562545776,12.305022239685059,False
-6.319075345993042,9.659403562545776,12.305022239685059,False
-6.319075345993042,9.659403562545776,12.305022239685059,False
-6.319075345993042,9.659403562545776,12.305022239685059,False
-6.319075345993042,9.659403562545776,12.305022239685059,False
-6.319075345993042,9.659403562545776,12.305022239685059,False
-6.319075345993042,9.659403562545776,12.305022239685059,False
-6.319075345993042,9.659403562545776,12.305022239685059,False
-6.319075345993042,9.659403562545776,12.305022239685059,False
-6.319075345993042,9.659403562545776,12.305022239685059,False
-6.319075345993042,9.659403562545776,12.305022239685059,False
-6.319075345993042,9.659403562545776,12.305022239685059,False
-6.319075345993042,9.659403562545776,12.305022239685059,False
-6.319075345993042,9.659403562545776,12.305022239685059,False
-6.319075345993042,9.659403562545776,12.305022239685059,False
-6.319075345993042,9.659403562545776,12.305022239685059,False
-6.319075345993042,9.659403562545776,12.305022239685059,False
-6.319075345993042,9.659403562545776,12.305022239685059,False
-6.319075345993042,9.659403562545776,12.305022239685059,False
-6.319075345993042,9.659403562545776,12.305022239685059,False
-6.319075345993042,9.659403562545776,12.305022239685059,False
-6.319075345993042,9.659403562545776,12.305022239685059,False
-6.319075345993042,9.659403562545776,12.305022239685059,False
-6.319075345993042,9.659403562545776,12.305022239685059,False
-6.319075345993042,9.659403562545776,12.305022239685059,False
-6.319075345993042,9.659403562545776,12.305022239685059,False
-6.319075345993042,9.659403562545776,12.305022239685059,False
-6.319075345993042,9.659403562545776,12.305022239685059,False
-6.319075345993042,9.659403562545776,12.305022239685059,False
-6.319075345993042,9.659403562545776,12.305022239685059,False
-6.319075345993042,9.659403562545776,12.305022239685059,False
-6.319075345993042,9.659403562545776,12.305022239685059,False
-6.319075345993042,9.659403562545776,12.305022239685059,False
-6.319075345993042,9.659403562545776,12.305022239685059,False
-6.319075345993042,9.659403562545776,12.305022239685059,False
-6.319075345993042,9.659403562545776,12.305022239685059,False
-6.319075345993042,9.659403562545776,12.305022239685059,False
-6.319075345993042,9.659403562545776,12.305022239685059,False
-6.319075345993042,9.659403562545776,12.305022239685059,False
-6.319075345993042,9.659403562545776,12.305022239685059,False
-6.319075345993042,9.659403562545776,12.305022239685059,False
-6.319075345993042,9.659403562545776,12.305022239685059,False
-6.319075345993042,9.659403562545776,12.305022239685059,False
-6.319075345993042,9.659403562545776,12.305022239685059,False
-6.319075345993042,9.659403562545776,12.305022239685059,False
-6.319075345993042,9.659403562545776,12.305022239685059,False
-6.319075345993042,9.659403562545776,12.305022239685059,False
-6.319075345993042,9.659403562545776,12.305022239685059,False
-6.319075345993042,9.659403562545776,12.305022239685059,False
-6.319075345993042,9.659403562545776,12.305022239685059,False
-6.319075345993042,9.659403562545776,12.305022239685059,False
-6.319075345993042,9.659403562545776,12.305022239685059,False
-6.319075345993042,9.659403562545776,12.305022239685059,False
-6.319075345993042,9.659403562545776,12.305022239685059,False
-6.319075345993042,9.659403562545776,12.305022239685059,False
-6.319075345993042,9.659403562545776,12.305022239685059,False
-6.319075345993042,9.659403562545776,12.305022239685059,False
-6.319075345993042,9.659403562545776,12.305022239685059,False
-6.319075345993042,9.659403562545776,12.305022239685059,False
-6.319075345993042,9.659403562545776,12.305022239685059,False
-6.319075345993042,9.659403562545776,12.305022239685059,False
-6.319075345993042,9.659403562545776,12.305022239685059,False
-6.319075345993042,9.659403562545776,12.305022239685059,False
-6.319075345993042,9.659403562545776,12.305022239685059,False
-6.319075345993042,9.659403562545776,12.305022239685059,False
-6.319075345993042,9.659403562545776,12.305022239685059,False
-6.319075345993042,9.659403562545776,12.305022239685059,False
-6.319075345993042,9.659403562545776,12.305022239685059,False
-6.319075345993042,9.659403562545776,12.305022239685059,False
-6.319075345993042,9.659403562545776,12.305022239685059,False
-6.319075345993042,9.659403562545776,12.305022239685059,False
-6.319075345993042,9.659403562545776,12.305022239685059,False
-6.319075345993042,9.659403562545776,12.305022239685059,False
-6.319075345993042,9.659403562545776,12.305022239685059,False
-6.319075345993042,9.659403562545776,12.305022239685059,False
-6.319075345993042,9.659403562545776,12.305022239685059,False
-6.319075345993042,9.659403562545776,12.305022239685059,False
-6.319075345993042,9.659403562545776,12.305022239685059,False
-6.319075345993042,9.659403562545776,12.305022239685059,False
-6.319075345993042,9.659403562545776,12.305022239685059,False
-6.319075345993042,9.659403562545776,12.305022239685059,False
-6.319075345993042,9.659403562545776,12.305022239685059,False
-6.319075345993042,9.659403562545776,12.305022239685059,False
-6.319075345993042,9.659403562545776,12.305022239685059,False
-6.319075345993042,9.659403562545776,12.305022239685059,False
-6.319075345993042,9.659403562545776,12.305022239685059,False
-6.319075345993042,9.659403562545776,12.305022239685059,False
-6.319075345993042,9.659403562545776,12.305022239685059,False
-6.319075345993042,9.659403562545776,12.305022239685059,False
-6.319075345993042,9.659403562545776,12.305022239685059,False
-6.319075345993042,9.659403562545776,12.305022239685059,False
-6.319075345993042,9.659403562545776,12.305022239685059,False
-6.319075345993042,9.659403562545776,12.305022239685059,False
-6.319075345993042,9.659403562545776,12.305022239685059,False
-6.319075345993042,9.659403562545776,12.305022239685059,False
-6.319075345993042,9.659403562545776,12.305022239685059,False
-6.319075345993042,9.659403562545776,12.305022239685059,False
-6.319075345993042,9.659403562545776,12.305022239685059,False
-6.319075345993042,9.659403562545776,12.305022239685059,False
-6.319075345993042,9.659403562545776,12.305022239685059,False
-6.319075345993042,9.659403562545776,12.305022239685059,False
-6.319075345993042,9.659403562545776,12.305022239685059,False
-6.319075345993042,9.659403562545776,12.305022239685059,False
-6.319075345993042,9.659403562545776,12.305022239685059,False
-6.319075345993042,9.659403562545776,12.305022239685059,False
-6.319075345993042,9.659403562545776,12.305022239685059,False
-6.319075345993042,9.659403562545776,12.305022239685059,False
-6.319075345993042,9.659403562545776,12.305022239685059,False
-6.319075345993042,9.659403562545776,12.305022239685059,False
-6.319075345993042,9.659403562545776,12.305022239685059,False
-6.319075345993042,9.659403562545776,12.305022239685059,False
-6.319075345993042,9.659403562545776,12.305022239685059,False
-6.319075345993042,9.659403562545776,12.305022239685059,False
-6.319075345993042,9.659403562545776,12.305022239685059,False
-6.319075345993042,9.659403562545776,12.305022239685059,False
-6.319075345993042,9.659403562545776,12.305022239685059,False
-6.319075345993042,9.659403562545776,12.305022239685059,False
-6.319075345993042,9.659403562545776,12.305022239685059,False
-6.319075345993042,9.659403562545776,12.305022239685059,False
-6.319075345993042,9.659403562545776,12.305022239685059,False
-6.319075345993042,9.659403562545776,12.305022239685059,False
-6.319075345993042,9.659403562545776,12.305022239685059,False
-6.319075345993042,9.659403562545776,12.305022239685059,False
-6.319075345993042,9.659403562545776,12.305022239685059,False
-6.319075345993042,9.659403562545776,12.305022239685059,False
-6.319075345993042,9.659403562545776,12.305022239685059,False
-6.319075345993042,9.659403562545776,12.305022239685059,False
-6.319075345993042,9.659403562545776,12.305022239685059,False
-6.319075345993042,9.659403562545776,12.305022239685059,False
-6.319075345993042,9.659403562545776,12.305022239685059,False
-6.319075345993042,9.659403562545776,12.305022239685059,False
-6.319075345993042,9.659403562545776,12.305022239685059,False
-6.319075345993042,9.659403562545776,12.305022239685059,False
-6.319075345993042,9.659403562545776,12.305022239685059,False
-6.319075345993042,9.659403562545776,12.305022239685059,False
-6.319075345993042,9.659403562545776,12.305022239685059,False
-6.319075345993042,9.659403562545776,12.305022239685059,False
-6.319075345993042,9.659403562545776,12.305022239685059,False
-6.319075345993042,9.659403562545776,12.305022239685059,False
-6.319075345993042,9.659403562545776,12.305022239685059,False
-6.319075345993042,9.659403562545776,12.305022239685059,False
-6.319075345993042,9.659403562545776,12.305022239685059,False
-6.319075345993042,9.659403562545776,12.305022239685059,False
-6.319075345993042,9.659403562545776,12.305022239685059,False
-6.319075345993042,9.659403562545776,12.305022239685059,False
-6.319075345993042,9.659403562545776,12.305022239685059,False
-6.319075345993042,9.659403562545776,12.305022239685059,False
-6.319075345993042,9.659403562545776,12.305022239685059,False
-6.319075345993042,9.659403562545776,12.305022239685059,False
-6.319075345993042,9.659403562545776,12.305022239685059,False
-6.319075345993042,9.659403562545776,12.305022239685059,False
-6.319075345993042,9.659403562545776,12.305022239685059,False
-6.319075345993042,9.659403562545776,12.305022239685059,False
-6.319075345993042,9.659403562545776,12.305022239685059,False
-6.319075345993042,9.659403562545776,12.305022239685059,False
-6.319075345993042,9.659403562545776,12.305022239685059,False
-6.319075345993042,9.659403562545776,12.305022239685059,False
-6.319075345993042,9.659403562545776,12.305022239685059,False
-6.319075345993042,9.659403562545776,12.305022239685059,False
-6.319075345993042,9.659403562545776,12.305022239685059,False
-6.319075345993042,9.659403562545776,12.305022239685059,False
-6.319075345993042,9.659403562545776,12.305022239685059,False
-6.319075345993042,9.659403562545776,12.305022239685059,False
-6.319075345993042,9.659403562545776,12.305022239685059,False
-6.319075345993042,9.659403562545776,12.305022239685059,False
-6.319075345993042,9.659403562545776,12.305022239685059,False
-6.319075345993042,9.659403562545776,12.305022239685059,False
-6.319075345993042,9.659403562545776,12.305022239685059,False
-6.319075345993042,9.659403562545776,12.305022239685059,False
-6.319075345993042,9.659403562545776,12.305022239685059,False
-6.319075345993042,9.659403562545776,12.305022239685059,False
-6.319075345993042,9.659403562545776,12.305022239685059,False
-6.319075345993042,9.659403562545776,12.305022239685059,False
-6.319075345993042,9.659403562545776,12.305022239685059,False
-6.319075345993042,9.659403562545776,12.305022239685059,False
-6.319075345993042,9.659403562545776,12.305022239685059,False
-6.319075345993042,9.659403562545776,12.305022239685059,False
-6.319075345993042,9.659403562545776,12.305022239685059,False
-6.319075345993042,9.659403562545776,12.305022239685059,False
-6.319075345993042,9.659403562545776,12.305022239685059,False
-6.319075345993042,9.659403562545776,12.305022239685059,False
-6.319075345993042,9.659403562545776,12.305022239685059,False
-6.319075345993042,9.659403562545776,12.305022239685059,False
-6.319075345993042,9.659403562545776,12.305022239685059,False
-6.319075345993042,9.659403562545776,12.305022239685059,False
-6.319075345993042,9.659403562545776,12.305022239685059,False
-6.319075345993042,9.659403562545776,12.305022239685059,False
-6.319075345993042,9.659403562545776,12.305022239685059,False
-6.319075345993042,9.659403562545776,12.305022239685059,False
-6.319075345993042,9.659403562545776,12.305022239685059,False
-6.319075345993042,9.659403562545776,12.305022239685059,False
-6.319075345993042,9.659403562545776,12.305022239685059,False
-6.319075345993042,9.659403562545776,12.305022239685059,False
-6.319075345993042,9.659403562545776,12.305022239685059,False
-6.319075345993042,9.659403562545776,12.305022239685059,False
-6.319075345993042,9.659403562545776,12.305022239685059,False
-6.319075345993042,9.659403562545776,12.305022239685059,False
-6.319075345993042,9.659403562545776,12.305022239685059,False
-6.319075345993042,9.659403562545776,12.305022239685059,False
-6.319075345993042,9.659403562545776,12.305022239685059,False
-6.319075345993042,9.659403562545776,12.305022239685059,False
-6.319075345993042,9.659403562545776,12.305022239685059,False
-6.319075345993042,9.659403562545776,12.305022239685059,False
-6.319075345993042,9.659403562545776,12.305022239685059,False
-6.319075345993042,9.659403562545776,12.305022239685059,False
-6.319075345993042,9.659403562545776,12.305022239685059,False
-6.319075345993042,9.659403562545776,12.305022239685059,False
-6.319075345993042,9.659403562545776,12.305022239685059,False
-6.319075345993042,9.659403562545776,12.305022239685059,False
-6.319075345993042,9.659403562545776,12.305022239685059,False
-6.319075345993042,9.659403562545776,12.305022239685059,False
-6.319075345993042,9.659403562545776,12.305022239685059,False
-6.319075345993042,9.659403562545776,12.305022239685059,False
-6.319075345993042,9.659403562545776,12.305022239685059,False
-6.319075345993042,9.659403562545776,12.305022239685059,False
-6.319075345993042,9.659403562545776,12.305022239685059,False
-6.319075345993042,9.659403562545776,12.305022239685059,False
-6.319075345993042,9.659403562545776,12.305022239685059,False
-6.319075345993042,9.659403562545776,12.305022239685059,False
-6.319075345993042,9.659403562545776,12.305022239685059,False
-6.319075345993042,9.659403562545776,12.305022239685059,False
-6.319075345993042,9.659403562545776,12.305022239685059,False
-6.319075345993042,9.659403562545776,12.305022239685059,False
-6.319075345993042,9.659403562545776,12.305022239685059,False
-6.319075345993042,9.659403562545776,12.305022239685059,False
-6.319075345993042,9.659403562545776,12.305022239685059,False
-6.319075345993042,9.659403562545776,12.305022239685059,False
-6.319075345993042,9.659403562545776,12.305022239685059,False
-6.319075345993042,9.659403562545776,12.305022239685059,False
-6.319075345993042,9.659403562545776,12.305022239685059,False
-6.319075345993042,9.659403562545776,12.305022239685059,False
-6.319075345993042,9.659403562545776,12.305022239685059,False
-6.319075345993042,9.659403562545776,12.305022239685059,False
-6.319075345993042,9.659403562545776,12.305022239685059,False
-6.319075345993042,9.659403562545776,12.305022239685059,False
-6.319075345993042,9.659403562545776,12.305022239685059,False
-6.319075345993042,9.659403562545776,12.305022239685059,False
-6.319075345993042,9.659403562545776,12.305022239685059,False
-6.319075345993042,9.659403562545776,12.305022239685059,False
-6.319075345993042,9.659403562545776,12.305022239685059,False
-6.319075345993042,9.659403562545776,12.305022239685059,False
-6.319075345993042,9.659403562545776,12.305022239685059,False
-6.319075345993042,9.659403562545776,12.305022239685059,False
-6.319075345993042,9.659403562545776,12.305022239685059,False
-6.319075345993042,9.659403562545776,12.305022239685059,False
-6.319075345993042,9.659403562545776,12.305022239685059,False
-6.319075345993042,9.659403562545776,12.305022239685059,False
-6.319075345993042,9.659403562545776,12.305022239685059,False
-6.319075345993042,9.659403562545776,12.305022239685059,False
-6.319075345993042,9.659403562545776,12.305022239685059,False
-6.319075345993042,9.659403562545776,12.305022239685059,False
-6.319075345993042,9.659403562545776,12.305022239685059,False
-6.319075345993042,9.659403562545776,12.305022239685059,False
-6.319075345993042,9.659403562545776,12.305022239685059,False
-6.319075345993042,9.659403562545776,12.305022239685059,False
-6.319075345993042,9.659403562545776,12.305022239685059,False
-6.319075345993042,9.659403562545776,12.305022239685059,False
-6.319075345993042,9.659403562545776,12.305022239685059,False
-6.319075345993042,9.659403562545776,12.305022239685059,False
-6.319075345993042,9.659403562545776,12.305022239685059,False
-6.319075345993042,9.659403562545776,12.305022239685059,False
-6.319075345993042,9.659403562545776,12.305022239685059,False
-6.319075345993042,9.659403562545776,12.305022239685059,False
-6.319075345993042,9.659403562545776,12.305022239685059,False
-6.319075345993042,9.659403562545776,12.305022239685059,False
-6.319075345993042,9.659403562545776,12.305022239685059,False
-6.319075345993042,9.659403562545776,12.305022239685059,False
-6.319075345993042,9.659403562545776,12.305022239685059,False
-6.319075345993042,9.659403562545776,12.305022239685059,False
-6.319075345993042,9.659403562545776,12.305022239685059,False
-6.319075345993042,9.659403562545776,12.305022239685059,False
-6.319075345993042,9.659403562545776,12.305022239685059,False
-6.319075345993042,9.659403562545776,12.305022239685059,False
-6.319075345993042,9.659403562545776,12.305022239685059,False
-6.319075345993042,9.659403562545776,12.305022239685059,False
-6.319075345993042,9.659403562545776,12.305022239685059,False
-6.319075345993042,9.659403562545776,12.305022239685059,False
-6.319075345993042,9.659403562545776,12.305022239685059,False
-6.319075345993042,9.659403562545776,12.305022239685059,False
-6.319075345993042,9.659403562545776,12.305022239685059,False
-6.319075345993042,9.659403562545776,12.305022239685059,False
-6.319075345993042,9.659403562545776,12.305022239685059,False
-6.319075345993042,9.659403562545776,12.305022239685059,False
-6.319075345993042,9.659403562545776,12.305022239685059,False
-6.319075345993042,9.659403562545776,12.305022239685059,False
-6.319075345993042,9.659403562545776,12.305022239685059,False
-6.319075345993042,9.659403562545776,12.305022239685059,False
-6.319075345993042,9.659403562545776,12.305022239685059,False
-6.319075345993042,9.659403562545776,12.305022239685059,False
-6.319075345993042,9.659403562545776,12.305022239685059,False
-6.319075345993042,9.659403562545776,12.305022239685059,False
-6.319075345993042,9.659403562545776,12.305022239685059,False
-6.319075345993042,9.659403562545776,12.305022239685059,False
-6.319075345993042,9.659403562545776,12.305022239685059,False
-6.319075345993042,9.659403562545776,12.305022239685059,False
-6.319075345993042,9.659403562545776,12.305022239685059,False
-6.319075345993042,9.659403562545776,12.305022239685059,False
-6.319075345993042,9.659403562545776,12.305022239685059,False
-6.319075345993042,9.659403562545776,12.305022239685059,False
-6.319075345993042,9.659403562545776,12.305022239685059,False
-6.319075345993042,9.659403562545776,12.305022239685059,False
-6.319075345993042,9.659403562545776,12.305022239685059,False
-6.319075345993042,9.659403562545776,12.305022239685059,False
-6.319075345993042,9.659403562545776,12.305022239685059,False
-6.319075345993042,9.659403562545776,12.305022239685059,False
-6.319075345993042,9.659403562545776,12.305022239685059,False
-6.319075345993042,9.659403562545776,12.305022239685059,False
-6.319075345993042,9.659403562545776,12.305022239685059,False
-6.319075345993042,9.659403562545776,12.305022239685059,False
-6.319075345993042,9.659403562545776,12.305022239685059,False
-6.319075345993042,9.659403562545776,12.305022239685059,False
-6.319075345993042,9.659403562545776,12.305022239685059,False
-6.319075345993042,9.659403562545776,12.305022239685059,False
-6.319075345993042,9.659403562545776,12.305022239685059,False
-6.319075345993042,9.659403562545776,12.305022239685059,False
-6.319075345993042,9.659403562545776,12.305022239685059,False
-6.319075345993042,9.659403562545776,12.305022239685059,False
-6.319075345993042,9.659403562545776,12.305022239685059,False
-6.319075345993042,9.659403562545776,12.305022239685059,False
-6.319075345993042,9.659403562545776,12.305022239685059,False
-6.319075345993042,9.659403562545776,12.305022239685059,False
-6.319075345993042,9.659403562545776,12.305022239685059,False
-6.319075345993042,9.659403562545776,12.305022239685059,False
-6.319075345993042,9.659403562545776,12.305022239685059,False
-6.319075345993042,9.659403562545776,12.305022239685059,False
-6.319075345993042,9.659403562545776,12.305022239685059,False
-6.319075345993042,9.659403562545776,12.305022239685059,False
-6.319075345993042,9.659403562545776,12.305022239685059,False
-6.319075345993042,9.659403562545776,12.305022239685059,False
-6.319075345993042,9.659403562545776,12.305022239685059,False
-6.319075345993042,9.659403562545776,12.305022239685059,False
-6.319075345993042,9.659403562545776,12.305022239685059,False
-6.319075345993042,9.659403562545776,12.305022239685059,False
-6.319075345993042,9.659403562545776,12.305022239685059,False
-6.319075345993042,9.659403562545776,12.305022239685059,False
-6.319075345993042,9.659403562545776,12.305022239685059,False
-6.319075345993042,9.659403562545776,12.305022239685059,False
-6.319075345993042,9.659403562545776,12.305022239685059,False
-6.319075345993042,9.659403562545776,12.305022239685059,False
-6.319075345993042,9.659403562545776,12.305022239685059,False
-6.319075345993042,9.659403562545776,12.305022239685059,False
-6.319075345993042,9.659403562545776,12.305022239685059,False
-6.319075345993042,9.659403562545776,12.305022239685059,False
-6.319075345993042,9.659403562545776,12.305022239685059,False
-6.319075345993042,9.659403562545776,12.305022239685059,False
-6.319075345993042,9.659403562545776,12.305022239685059,False
-6.319075345993042,9.659403562545776,12.305022239685059,False
-6.319075345993042,9.659403562545776,12.305022239685059,False
-6.319075345993042,9.659403562545776,12.305022239685059,False
-6.319075345993042,9.659403562545776,12.305022239685059,False
-6.319075345993042,9.659403562545776,12.305022239685059,False
-6.319075345993042,9.659403562545776,12.305022239685059,False
-6.319075345993042,9.659403562545776,12.305022239685059,False
-6.319075345993042,9.659403562545776,12.305022239685059,False
-6.319075345993042,9.659403562545776,12.305022239685059,False
-6.319075345993042,9.659403562545776,12.305022239685059,False
-6.319075345993042,9.659403562545776,12.305022239685059,False
-6.319075345993042,9.659403562545776,12.305022239685059,False
-6.319075345993042,9.659403562545776,12.305022239685059,False
-6.319075345993042,9.659403562545776,12.305022239685059,False
-6.319075345993042,9.659403562545776,12.305022239685059,False
-6.319075345993042,9.659403562545776,12.305022239685059,False
-6.319075345993042,9.659403562545776,12.305022239685059,False
-6.319075345993042,9.659403562545776,12.305022239685059,False
-6.319075345993042,9.659403562545776,12.305022239685059,False
-6.319075345993042,9.659403562545776,12.305022239685059,False
-6.319075345993042,9.659403562545776,12.305022239685059,False
-6.319075345993042,9.659403562545776,12.305022239685059,False
-6.319075345993042,9.659403562545776,12.305022239685059,False
-6.319075345993042,9.659403562545776,12.305022239685059,False
-6.319075345993042,9.659403562545776,12.305022239685059,False
-6.319075345993042,9.659403562545776,12.305022239685059,False
-6.319075345993042,9.659403562545776,12.305022239685059,False
-6.319075345993042,9.659403562545776,12.305022239685059,False
-6.319075345993042,9.659403562545776,12.305022239685059,False
-6.319075345993042,9.659403562545776,12.305022239685059,False
-6.319075345993042,9.659403562545776,12.305022239685059,False
-6.319075345993042,9.659403562545776,12.305022239685059,False
-6.319075345993042,9.659403562545776,12.305022239685059,False
-6.319075345993042,9.659403562545776,12.305022239685059,False
-6.319075345993042,9.659403562545776,12.305022239685059,False
-6.319075345993042,9.659403562545776,12.305022239685059,False
-6.319075345993042,9.659403562545776,12.305022239685059,False
-6.319075345993042,9.659403562545776,12.305022239685059,False
-6.319075345993042,9.659403562545776,12.305022239685059,False
-6.319075345993042,9.659403562545776,12.305022239685059,False
-6.319075345993042,9.659403562545776,12.305022239685059,False
-6.319075345993042,9.659403562545776,12.305022239685059,False
-6.319075345993042,9.659403562545776,12.305022239685059,False
-6.319075345993042,9.659403562545776,12.305022239685059,False
-6.319075345993042,9.659403562545776,12.305022239685059,False
-6.319075345993042,9.659403562545776,12.305022239685059,False
-6.319075345993042,9.659403562545776,12.305022239685059,False
-6.319075345993042,9.659403562545776,12.305022239685059,False
-6.319075345993042,9.659403562545776,12.305022239685059,False
-6.319075345993042,9.659403562545776,12.305022239685059,False
-6.319075345993042,9.659403562545776,12.305022239685059,False
-6.319075345993042,9.659403562545776,12.305022239685059,False
-6.319075345993042,9.659403562545776,12.305022239685059,False
-6.319075345993042,9.659403562545776,12.305022239685059,False
-6.319075345993042,9.659403562545776,12.305022239685059,False
-6.319075345993042,9.659403562545776,12.305022239685059,False
-6.319075345993042,9.659403562545776,12.305022239685059,False
-6.319075345993042,9.659403562545776,12.305022239685059,False
-6.319075345993042,9.659403562545776,12.305022239685059,False
-6.319075345993042,9.659403562545776,12.305022239685059,False
-6.319075345993042,9.659403562545776,12.305022239685059,False
-6.319075345993042,9.659403562545776,12.305022239685059,False
-6.319075345993042,9.659403562545776,12.305022239685059,False
-6.319075345993042,9.659403562545776,12.305022239685059,False
-6.319075345993042,9.659403562545776,12.305022239685059,False
-6.319075345993042,9.659403562545776,12.305022239685059,False
-6.319075345993042,9.659403562545776,12.305022239685059,False
-6.319075345993042,9.659403562545776,12.305022239685059,False
-6.319075345993042,9.659403562545776,12.305022239685059,False
-6.319075345993042,9.659403562545776,12.305022239685059,False
-6.319075345993042,9.659403562545776,12.305022239685059,False
-6.319075345993042,9.659403562545776,12.305022239685059,False
-6.319075345993042,9.659403562545776,12.305022239685059,False
-6.319075345993042,9.659403562545776,12.305022239685059,False
-6.319075345993042,9.659403562545776,12.305022239685059,False
-6.319075345993042,9.659403562545776,12.305022239685059,False
-6.319075345993042,9.659403562545776,12.305022239685059,False
-6.319075345993042,9.659403562545776,12.305022239685059,False
-6.319075345993042,9.659403562545776,12.305022239685059,False
-6.319075345993042,9.659403562545776,12.305022239685059,False
-6.319075345993042,9.659403562545776,12.305022239685059,False
-6.319075345993042,9.659403562545776,12.305022239685059,False
-6.319075345993042,9.659403562545776,12.305022239685059,False
-6.319075345993042,9.659403562545776,12.305022239685059,False
-6.319075345993042,9.659403562545776,12.305022239685059,False
-6.319075345993042,9.659403562545776,12.305022239685059,False
-6.319075345993042,9.659403562545776,12.305022239685059,False
-6.319075345993042,9.659403562545776,12.305022239685059,False
-6.319075345993042,9.659403562545776,12.305022239685059,False
-6.319075345993042,9.659403562545776,12.305022239685059,False
-6.319075345993042,9.659403562545776,12.305022239685059,False
-6.319075345993042,9.659403562545776,12.305022239685059,False
-6.319075345993042,9.659403562545776,12.305022239685059,False
-6.319075345993042,9.659403562545776,12.305022239685059,False
-6.319075345993042,9.659403562545776,12.305022239685059,False
-6.319075345993042,9.659403562545776,12.305022239685059,False
-6.319075345993042,9.659403562545776,12.305022239685059,False
-6.319075345993042,9.659403562545776,12.305022239685059,False
-6.319075345993042,9.659403562545776,12.305022239685059,False
-6.319075345993042,9.659403562545776,12.305022239685059,False
-6.319075345993042,9.659403562545776,12.305022239685059,False
-6.319075345993042,9.659403562545776,12.305022239685059,False
-6.319075345993042,9.659403562545776,12.305022239685059,False
-6.319075345993042,9.659403562545776,12.305022239685059,False
-6.319075345993042,9.659403562545776,12.305022239685059,False
-6.319075345993042,9.659403562545776,12.305022239685059,False
-6.319075345993042,9.659403562545776,12.305022239685059,False
-6.319075345993042,9.659403562545776,12.305022239685059,False
-6.319075345993042,9.659403562545776,12.305022239685059,False
-6.319075345993042,9.659403562545776,12.305022239685059,False
-6.319075345993042,9.659403562545776,12.305022239685059,False
-6.319075345993042,9.659403562545776,12.305022239685059,False
-6.319075345993042,9.659403562545776,12.305022239685059,False
-6.319075345993042,9.659403562545776,12.305022239685059,False
-6.319075345993042,9.659403562545776,12.305022239685059,False
-6.319075345993042,9.659403562545776,12.305022239685059,False
-6.319075345993042,9.659403562545776,12.305022239685059,False
-6.319075345993042,9.659403562545776,12.305022239685059,False
-6.319075345993042,9.659403562545776,12.305022239685059,False
-6.319075345993042,9.659403562545776,12.305022239685059,False
-6.319075345993042,9.659403562545776,12.305022239685059,False
-6.319075345993042,9.659403562545776,12.305022239685059,False
-6.319075345993042,9.659403562545776,12.305022239685059,False
-6.319075345993042,9.659403562545776,12.305022239685059,False
-6.319075345993042,9.659403562545776,12.305022239685059,False
-6.319075345993042,9.659403562545776,12.305022239685059,False
-6.319075345993042,9.659403562545776,12.305022239685059,False
-6.319075345993042,9.659403562545776,12.305022239685059,False
-6.319075345993042,9.659403562545776,12.305022239685059,False
-6.319075345993042,9.659403562545776,12.305022239685059,False
-6.319075345993042,9.659403562545776,12.305022239685059,False
-6.319075345993042,9.659403562545776,12.305022239685059,False
-6.319075345993042,9.659403562545776,12.305022239685059,False
-6.319075345993042,9.659403562545776,12.305022239685059,False
-6.319075345993042,9.659403562545776,12.305022239685059,False
-6.319075345993042,9.659403562545776,12.305022239685059,False
-6.319075345993042,9.659403562545776,12.305022239685059,False
-6.319075345993042,9.659403562545776,12.305022239685059,False
-6.319075345993042,9.659403562545776,12.305022239685059,False
-6.319075345993042,9.659403562545776,12.305022239685059,False
-6.319075345993042,9.659403562545776,12.305022239685059,False
-6.319075345993042,9.659403562545776,12.305022239685059,False
-6.319075345993042,9.659403562545776,12.305022239685059,False
-6.319075345993042,9.659403562545776,12.305022239685059,False
-6.319075345993042,9.659403562545776,12.305022239685059,False
-6.319075345993042,9.659403562545776,12.305022239685059,False
-6.319075345993042,9.659403562545776,12.305022239685059,False
-6.319075345993042,9.659403562545776,12.305022239685059,False
-6.319075345993042,9.659403562545776,12.305022239685059,False
-6.319075345993042,9.659403562545776,12.305022239685059,False
-6.319075345993042,9.659403562545776,12.305022239685059,False
-6.319075345993042,9.659403562545776,12.305022239685059,False
-6.319075345993042,9.659403562545776,12.305022239685059,False
-6.319075345993042,9.659403562545776,12.305022239685059,False
-6.319075345993042,9.659403562545776,12.305022239685059,False
-6.319075345993042,9.659403562545776,12.305022239685059,False
-6.319075345993042,9.659403562545776,12.305022239685059,False
-6.319075345993042,9.659403562545776,12.305022239685059,False
-6.319075345993042,9.659403562545776,12.305022239685059,False
-6.319075345993042,9.659403562545776,12.305022239685059,False
-6.319075345993042,9.659403562545776,12.305022239685059,False
-6.319075345993042,9.659403562545776,12.305022239685059,False
-6.319075345993042,9.659403562545776,12.305022239685059,False
-6.319075345993042,9.659403562545776,12.305022239685059,False
-6.319075345993042,9.659403562545776,12.305022239685059,False
-6.319075345993042,9.659403562545776,12.305022239685059,False
-6.319075345993042,9.659403562545776,12.305022239685059,False
-6.319075345993042,9.659403562545776,12.305022239685059,False
-6.319075345993042,9.659403562545776,12.305022239685059,False
-6.319075345993042,9.659403562545776,12.305022239685059,False
-6.319075345993042,9.659403562545776,12.305022239685059,False
-6.319075345993042,9.659403562545776,12.305022239685059,False
-6.319075345993042,9.659403562545776,12.305022239685059,False
-6.319075345993042,9.659403562545776,12.305022239685059,False
-6.319075345993042,9.659403562545776,12.305022239685059,False
-6.319075345993042,9.659403562545776,12.305022239685059,False
-6.319075345993042,9.659403562545776,12.305022239685059,False
-6.319075345993042,9.659403562545776,12.305022239685059,False
-6.319075345993042,9.659403562545776,12.305022239685059,False
-6.319075345993042,9.659403562545776,12.305022239685059,False
-6.319075345993042,9.659403562545776,12.305022239685059,False
-6.319075345993042,9.659403562545776,12.305022239685059,False
-6.319075345993042,9.659403562545776,12.305022239685059,False
-6.319075345993042,9.659403562545776,12.305022239685059,False
-6.319075345993042,9.659403562545776,12.305022239685059,False
-6.319075345993042,9.659403562545776,12.305022239685059,False
-6.319075345993042,9.659403562545776,12.305022239685059,False
-6.319075345993042,9.659403562545776,12.305022239685059,False
-6.319075345993042,9.659403562545776,12.305022239685059,False
-6.319075345993042,9.659403562545776,12.305022239685059,False
-6.319075345993042,9.659403562545776,12.305022239685059,False
-6.319075345993042,9.659403562545776,12.305022239685059,False
-6.319075345993042,9.659403562545776,12.305022239685059,False
-6.319075345993042,9.659403562545776,12.305022239685059,False
-6.319075345993042,9.659403562545776,12.305022239685059,False
-6.319075345993042,9.659403562545776,12.305022239685059,False
-6.319075345993042,9.659403562545776,12.305022239685059,False
-6.319075345993042,9.659403562545776,12.305022239685059,False
-6.319075345993042,9.659403562545776,12.305022239685059,False
-6.319075345993042,9.659403562545776,12.305022239685059,False
-6.319075345993042,9.659403562545776,12.305022239685059,False
-6.319075345993042,9.659403562545776,12.305022239685059,False
-6.319075345993042,9.659403562545776,12.305022239685059,False
-6.319075345993042,9.659403562545776,12.305022239685059,False
-6.319075345993042,9.659403562545776,12.305022239685059,False
-6.319075345993042,9.659403562545776,12.305022239685059,False
-6.319075345993042,9.659403562545776,12.305022239685059,False
-6.319075345993042,9.659403562545776,12.305022239685059,False
-6.319075345993042,9.659403562545776,12.305022239685059,False
-6.319075345993042,9.659403562545776,12.305022239685059,False
-6.319075345993042,9.659403562545776,12.305022239685059,False
-6.319075345993042,9.659403562545776,12.305022239685059,False
-6.319075345993042,9.659403562545776,12.305022239685059,False
-6.319075345993042,9.659403562545776,12.305022239685059,False
-6.319075345993042,9.659403562545776,12.305022239685059,False
-6.319075345993042,9.659403562545776,12.305022239685059,False
-6.319075345993042,9.659403562545776,12.305022239685059,False
-6.319075345993042,9.659403562545776,12.305022239685059,False
-6.319075345993042,9.659403562545776,12.305022239685059,False
-6.319075345993042,9.659403562545776,12.305022239685059,False
-6.319075345993042,9.659403562545776,12.305022239685059,False
-6.319075345993042,9.659403562545776,12.305022239685059,False
-6.319075345993042,9.659403562545776,12.305022239685059,False
-6.319075345993042,9.659403562545776,12.305022239685059,False
-6.319075345993042,9.659403562545776,12.305022239685059,False
-6.319075345993042,9.659403562545776,12.305022239685059,False
-6.319075345993042,9.659403562545776,12.305022239685059,False
-6.319075345993042,9.659403562545776,12.305022239685059,False
-6.319075345993042,9.659403562545776,12.305022239685059,False
-6.319075345993042,9.659403562545776,12.305022239685059,False
-6.319075345993042,9.659403562545776,12.305022239685059,False
-6.319075345993042,9.659403562545776,12.305022239685059,False
-6.319075345993042,9.659403562545776,12.305022239685059,False
-6.319075345993042,9.659403562545776,12.305022239685059,False
-6.319075345993042,9.659403562545776,12.305022239685059,False
-6.319075345993042,9.659403562545776,12.305022239685059,False
-6.319075345993042,9.659403562545776,12.305022239685059,False
-6.319075345993042,9.659403562545776,12.305022239685059,False
-6.319075345993042,9.659403562545776,12.305022239685059,False
-6.319075345993042,9.659403562545776,12.305022239685059,False
-6.319075345993042,9.659403562545776,12.305022239685059,False
-6.319075345993042,9.659403562545776,12.305022239685059,False
-6.319075345993042,9.659403562545776,12.305022239685059,False
-6.319075345993042,9.659403562545776,12.305022239685059,False
-6.319075345993042,9.659403562545776,12.305022239685059,False
-6.319075345993042,9.659403562545776,12.305022239685059,False
-6.319075345993042,9.659403562545776,12.305022239685059,False
-6.319075345993042,9.659403562545776,12.305022239685059,False
-6.319075345993042,9.659403562545776,12.305022239685059,False
-6.319075345993042,9.659403562545776,12.305022239685059,False
-6.319075345993042,9.659403562545776,12.305022239685059,False
-6.319075345993042,9.659403562545776,12.305022239685059,False
-6.319075345993042,9.659403562545776,12.305022239685059,False
-6.319075345993042,9.659403562545776,12.305022239685059,False
-6.319075345993042,9.659403562545776,12.305022239685059,False
-6.319075345993042,9.659403562545776,12.305022239685059,False
-6.319075345993042,9.659403562545776,12.305022239685059,False
-6.319075345993042,9.659403562545776,12.305022239685059,False
-6.319075345993042,9.659403562545776,12.305022239685059,False
-6.319075345993042,9.659403562545776,12.305022239685059,False
-6.319075345993042,9.659403562545776,12.305022239685059,False
-6.319075345993042,9.659403562545776,12.305022239685059,False
-6.319075345993042,9.659403562545776,12.305022239685059,False
-6.319075345993042,9.659403562545776,12.305022239685059,False
-6.319075345993042,9.659403562545776,12.305022239685059,False
-6.319075345993042,9.659403562545776,12.305022239685059,False
-6.319075345993042,9.659403562545776,12.305022239685059,False
-6.319075345993042,9.659403562545776,12.305022239685059,False
-6.319075345993042,9.659403562545776,12.305022239685059,False
-6.319075345993042,9.659403562545776,12.305022239685059,False
-6.319075345993042,9.659403562545776,12.305022239685059,False
-6.319075345993042,9.659403562545776,12.305022239685059,False
-6.319075345993042,9.659403562545776,12.305022239685059,False
-6.319075345993042,9.659403562545776,12.305022239685059,False
-6.319075345993042,9.659403562545776,12.305022239685059,False
-6.319075345993042,9.659403562545776,12.305022239685059,False
-6.319075345993042,9.659403562545776,12.305022239685059,False
-6.319075345993042,9.659403562545776,12.305022239685059,False
-6.319075345993042,9.659403562545776,12.305022239685059,False
-6.319075345993042,9.659403562545776,12.305022239685059,False
-6.319075345993042,9.659403562545776,12.305022239685059,False
-6.319075345993042,9.659403562545776,12.305022239685059,False
-6.319075345993042,9.659403562545776,12.305022239685059,False
-6.319075345993042,9.659403562545776,12.305022239685059,False
-6.319075345993042,9.659403562545776,12.305022239685059,False
-6.319075345993042,9.659403562545776,12.305022239685059,False
-6.319075345993042,9.659403562545776,12.305022239685059,False
-6.319075345993042,9.659403562545776,12.305022239685059,False
-6.319075345993042,9.659403562545776,12.305022239685059,False
-6.319075345993042,9.659403562545776,12.305022239685059,False
-6.319075345993042,9.659403562545776,12.305022239685059,False
-6.319075345993042,9.659403562545776,12.305022239685059,False
-6.319075345993042,9.659403562545776,12.305022239685059,False
-6.319075345993042,9.659403562545776,12.305022239685059,False
-6.319075345993042,9.659403562545776,12.305022239685059,False
-6.319075345993042,9.659403562545776,12.305022239685059,False
-6.319075345993042,9.659403562545776,12.305022239685059,False
-6.319075345993042,9.659403562545776,12.305022239685059,False
-6.319075345993042,9.659403562545776,12.305022239685059,False
-6.319075345993042,9.659403562545776,12.305022239685059,False
-6.319075345993042,9.659403562545776,12.305022239685059,False
-6.319075345993042,9.659403562545776,12.305022239685059,False
-6.319075345993042,9.659403562545776,12.305022239685059,False
-6.319075345993042,9.659403562545776,12.305022239685059,False
-6.319075345993042,9.659403562545776,12.305022239685059,False
-6.319075345993042,9.659403562545776,12.305022239685059,False
-6.319075345993042,9.659403562545776,12.305022239685059,False
-6.319075345993042,9.659403562545776,12.305022239685059,False
-6.319075345993042,9.659403562545776,12.305022239685059,False
-6.319075345993042,9.659403562545776,12.305022239685059,False
-6.319075345993042,9.659403562545776,12.305022239685059,False
-6.319075345993042,9.659403562545776,12.305022239685059,False
-6.319075345993042,9.659403562545776,12.305022239685059,False
-6.319075345993042,9.659403562545776,12.305022239685059,False
-6.319075345993042,9.659403562545776,12.305022239685059,False
-6.319075345993042,9.659403562545776,12.305022239685059,False
-6.319075345993042,9.659403562545776,12.305022239685059,False
-6.319075345993042,9.659403562545776,12.305022239685059,False
-6.319075345993042,9.659403562545776,12.305022239685059,False
-6.319075345993042,9.659403562545776,12.305022239685059,False
-6.319075345993042,9.659403562545776,12.305022239685059,False
-6.319075345993042,9.659403562545776,12.305022239685059,False
-6.319075345993042,9.659403562545776,12.305022239685059,False
-6.319075345993042,9.659403562545776,12.305022239685059,False
-6.319075345993042,9.659403562545776,12.305022239685059,False
-6.319075345993042,9.659403562545776,12.305022239685059,False
-6.319075345993042,9.659403562545776,12.305022239685059,False
-6.319075345993042,9.659403562545776,12.305022239685059,False
-6.319075345993042,9.659403562545776,12.305022239685059,False
-6.319075345993042,9.659403562545776,12.305022239685059,False
-6.319075345993042,9.659403562545776,12.305022239685059,False
-6.319075345993042,9.659403562545776,12.305022239685059,False
-6.319075345993042,9.659403562545776,12.305022239685059,False
-6.319075345993042,9.659403562545776,12.305022239685059,False
-6.319075345993042,9.659403562545776,12.305022239685059,False
-6.319075345993042,9.659403562545776,12.305022239685059,False
-6.319075345993042,9.659403562545776,12.305022239685059,False
-6.319075345993042,9.659403562545776,12.305022239685059,False
-6.319075345993042,9.659403562545776,12.305022239685059,False
-6.319075345993042,9.659403562545776,12.305022239685059,False
-6.319075345993042,9.659403562545776,12.305022239685059,False
-6.319075345993042,9.659403562545776,12.305022239685059,False
-6.319075345993042,9.659403562545776,12.305022239685059,False
-6.319075345993042,9.659403562545776,12.305022239685059,False
-6.319075345993042,9.659403562545776,12.305022239685059,False
-6.319075345993042,9.659403562545776,12.305022239685059,False
-6.319075345993042,9.659403562545776,12.305022239685059,False
-6.319075345993042,9.659403562545776,12.305022239685059,False
-6.319075345993042,9.659403562545776,12.305022239685059,False
-6.319075345993042,9.659403562545776,12.305022239685059,False
-6.319075345993042,9.659403562545776,12.305022239685059,False
-6.319075345993042,9.659403562545776,12.305022239685059,False
-6.319075345993042,9.659403562545776,12.305022239685059,False
-6.319075345993042,9.659403562545776,12.305022239685059,False
-6.319075345993042,9.659403562545776,12.305022239685059,False
-6.319075345993042,9.659403562545776,12.305022239685059,False
-6.319075345993042,9.659403562545776,12.305022239685059,False
-6.319075345993042,9.659403562545776,12.305022239685059,False
-6.319075345993042,9.659403562545776,12.305022239685059,False
-6.319075345993042,9.659403562545776,12.305022239685059,False
-6.319075345993042,9.659403562545776,12.305022239685059,False
-6.319075345993042,9.659403562545776,12.305022239685059,False
-6.319075345993042,9.659403562545776,12.305022239685059,False
-6.319075345993042,9.659403562545776,12.305022239685059,False
-6.319075345993042,9.659403562545776,12.305022239685059,False
-6.319075345993042,9.659403562545776,12.305022239685059,False
-6.319075345993042,9.659403562545776,12.305022239685059,False
-6.319075345993042,9.659403562545776,12.305022239685059,False
-6.319075345993042,9.659403562545776,12.305022239685059,False
-6.319075345993042,9.659403562545776,12.305022239685059,False
-6.319075345993042,9.659403562545776,12.305022239685059,False
-6.319075345993042,9.659403562545776,12.305022239685059,False
-6.319075345993042,9.659403562545776,12.305022239685059,False
-6.319075345993042,9.659403562545776,12.305022239685059,False
-6.319075345993042,9.659403562545776,12.305022239685059,False
-6.319075345993042,9.659403562545776,12.305022239685059,False
-6.319075345993042,9.659403562545776,12.305022239685059,False
-6.319075345993042,9.659403562545776,12.305022239685059,False
-6.319075345993042,9.659403562545776,12.305022239685059,False
-6.319075345993042,9.659403562545776,12.305022239685059,False
-6.319075345993042,9.659403562545776,12.305022239685059,False
-6.319075345993042,9.659403562545776,12.305022239685059,False
-6.319075345993042,9.659403562545776,12.305022239685059,False
-6.319075345993042,9.659403562545776,12.305022239685059,False
-6.319075345993042,9.659403562545776,12.305022239685059,False
-6.319075345993042,9.659403562545776,12.305022239685059,False
-6.319075345993042,9.659403562545776,12.305022239685059,False
-6.319075345993042,9.659403562545776,12.305022239685059,False
-6.319075345993042,9.659403562545776,12.305022239685059,False
-6.319075345993042,9.659403562545776,12.305022239685059,False
-6.319075345993042,9.659403562545776,12.305022239685059,False
-6.319075345993042,9.659403562545776,12.305022239685059,False
-6.319075345993042,9.659403562545776,12.305022239685059,False
-6.319075345993042,9.659403562545776,12.305022239685059,False
-6.319075345993042,9.659403562545776,12.305022239685059,False
-6.319075345993042,9.659403562545776,12.305022239685059,False
-6.319075345993042,9.659403562545776,12.305022239685059,False
-6.319075345993042,9.659403562545776,12.305022239685059,False
-6.319075345993042,9.659403562545776,12.305022239685059,False
-6.319075345993042,9.659403562545776,12.305022239685059,False
-6.319075345993042,9.659403562545776,12.305022239685059,False
-6.319075345993042,9.659403562545776,12.305022239685059,False
-6.319075345993042,9.659403562545776,12.305022239685059,False
-6.319075345993042,9.659403562545776,12.305022239685059,False
-6.319075345993042,9.659403562545776,12.305022239685059,False
-6.319075345993042,9.659403562545776,12.305022239685059,False
-6.319075345993042,9.659403562545776,12.305022239685059,False
-6.319075345993042,9.659403562545776,12.305022239685059,False
-6.319075345993042,9.659403562545776,12.305022239685059,False
-6.319075345993042,9.659403562545776,12.305022239685059,False
-6.319075345993042,9.659403562545776,12.305022239685059,False
-6.319075345993042,9.659403562545776,12.305022239685059,False
-6.319075345993042,9.659403562545776,12.305022239685059,False
-6.319075345993042,9.659403562545776,12.305022239685059,False
-6.319075345993042,9.659403562545776,12.305022239685059,False
-6.319075345993042,9.659403562545776,12.305022239685059,False
-6.319075345993042,9.659403562545776,12.305022239685059,False
-6.319075345993042,9.659403562545776,12.305022239685059,False
-6.319075345993042,9.659403562545776,12.305022239685059,False
-6.319075345993042,9.659403562545776,12.305022239685059,False
-6.319075345993042,9.659403562545776,12.305022239685059,False
-6.319075345993042,9.659403562545776,12.305022239685059,False
-6.319075345993042,9.659403562545776,12.305022239685059,False
-6.319075345993042,9.659403562545776,12.305022239685059,False
-6.319075345993042,9.659403562545776,12.305022239685059,False
-6.319075345993042,9.659403562545776,12.305022239685059,False
-6.319075345993042,9.659403562545776,12.305022239685059,False
-6.319075345993042,9.659403562545776,12.305022239685059,False
-6.319075345993042,9.659403562545776,12.305022239685059,False
-6.319075345993042,9.659403562545776,12.305022239685059,False
-6.319075345993042,9.659403562545776,12.305022239685059,False
-6.319075345993042,9.659403562545776,12.305022239685059,False
-6.319075345993042,9.659403562545776,12.305022239685059,False
-6.319075345993042,9.659403562545776,12.305022239685059,False
-6.319075345993042,9.659403562545776,12.305022239685059,False
-6.319075345993042,9.659403562545776,12.305022239685059,False
-6.319075345993042,9.659403562545776,12.305022239685059,False
-6.319075345993042,9.659403562545776,12.305022239685059,False
-6.319075345993042,9.659403562545776,12.305022239685059,False
-6.319075345993042,9.659403562545776,12.305022239685059,False
-6.319075345993042,9.659403562545776,12.305022239685059,False
-6.319075345993042,9.659403562545776,12.305022239685059,False
-6.319075345993042,9.659403562545776,12.305022239685059,False
-6.319075345993042,9.659403562545776,12.305022239685059,False
-6.319075345993042,9.659403562545776,12.305022239685059,False
-6.319075345993042,9.659403562545776,12.305022239685059,False
-6.319075345993042,9.659403562545776,12.305022239685059,False
-6.319075345993042,9.659403562545776,12.305022239685059,False
-6.319075345993042,9.659403562545776,12.305022239685059,False
-6.319075345993042,9.659403562545776,12.305022239685059,False
-6.319075345993042,9.659403562545776,12.305022239685059,False
-6.319075345993042,9.659403562545776,12.305022239685059,False
-6.319075345993042,9.659403562545776,12.305022239685059,False
-6.319075345993042,9.659403562545776,12.305022239685059,False
-6.319075345993042,9.659403562545776,12.305022239685059,False
-6.319075345993042,9.659403562545776,12.305022239685059,False
-6.319075345993042,9.659403562545776,12.305022239685059,False
-6.319075345993042,9.659403562545776,12.305022239685059,False
-6.319075345993042,9.659403562545776,12.305022239685059,False
-6.319075345993042,9.659403562545776,12.305022239685059,False
-6.319075345993042,9.659403562545776,12.305022239685059,False
-6.319075345993042,9.659403562545776,12.305022239685059,False
-6.319075345993042,9.659403562545776,12.305022239685059,False
-6.319075345993042,9.659403562545776,12.305022239685059,False
-6.319075345993042,9.659403562545776,12.305022239685059,False
-6.319075345993042,9.659403562545776,12.305022239685059,False
-6.319075345993042,9.659403562545776,12.305022239685059,False
-6.319075345993042,9.659403562545776,12.305022239685059,False
-6.319075345993042,9.659403562545776,12.305022239685059,False
-6.319075345993042,9.659403562545776,12.305022239685059,False
-6.319075345993042,9.659403562545776,12.305022239685059,False
-6.319075345993042,9.659403562545776,12.305022239685059,False
-6.319075345993042,9.659403562545776,12.305022239685059,False
-6.319075345993042,9.659403562545776,12.305022239685059,False
-6.319075345993042,9.659403562545776,12.305022239685059,False
-6.319075345993042,9.659403562545776,12.305022239685059,False
-6.319075345993042,9.659403562545776,12.305022239685059,False
-6.319075345993042,9.659403562545776,12.305022239685059,False
-6.319075345993042,9.659403562545776,12.305022239685059,False
-6.319075345993042,9.659403562545776,12.305022239685059,False
-6.319075345993042,9.659403562545776,12.305022239685059,False
-6.319075345993042,9.659403562545776,12.305022239685059,False
-6.319075345993042,9.659403562545776,12.305022239685059,False
-6.319075345993042,9.659403562545776,12.305022239685059,False
-6.319075345993042,9.659403562545776,12.305022239685059,False
-6.319075345993042,9.659403562545776,12.305022239685059,False
-6.319075345993042,9.659403562545776,12.305022239685059,False
-6.319075345993042,9.659403562545776,12.305022239685059,False
-6.319075345993042,9.659403562545776,12.305022239685059,False
-6.319075345993042,9.659403562545776,12.305022239685059,False
-6.319075345993042,9.659403562545776,12.305022239685059,False
-6.319075345993042,9.659403562545776,12.305022239685059,False
-6.319075345993042,9.659403562545776,12.305022239685059,False
-6.319075345993042,9.659403562545776,12.305022239685059,False
-6.319075345993042,9.659403562545776,12.305022239685059,False
-6.319075345993042,9.659403562545776,12.305022239685059,False
-6.319075345993042,9.659403562545776,12.305022239685059,False
-6.319075345993042,9.659403562545776,12.305022239685059,False
-6.319075345993042,9.659403562545776,12.305022239685059,False
-6.319075345993042,9.659403562545776,12.305022239685059,False
-6.319075345993042,9.659403562545776,12.305022239685059,False
-6.319075345993042,9.659403562545776,12.305022239685059,False
-6.319075345993042,9.659403562545776,12.305022239685059,False
-6.319075345993042,9.659403562545776,12.305022239685059,False
-6.319075345993042,9.659403562545776,12.305022239685059,False
-6.319075345993042,9.659403562545776,12.305022239685059,False
-6.319075345993042,9.659403562545776,12.305022239685059,False
-6.319075345993042,9.659403562545776,12.305022239685059,False
-6.319075345993042,9.659403562545776,12.305022239685059,False
-6.319075345993042,9.659403562545776,12.305022239685059,False
-6.319075345993042,9.659403562545776,12.305022239685059,False
-6.319075345993042,9.659403562545776,12.305022239685059,False
-6.319075345993042,9.659403562545776,12.305022239685059,False
-6.319075345993042,9.659403562545776,12.305022239685059,False
-6.319075345993042,9.659403562545776,12.305022239685059,False
-6.319075345993042,9.659403562545776,12.305022239685059,False
-6.319075345993042,9.659403562545776,12.305022239685059,False
-6.319075345993042,9.659403562545776,12.305022239685059,False
-6.319075345993042,9.659403562545776,12.305022239685059,False
-6.319075345993042,9.659403562545776,12.305022239685059,False
-6.319075345993042,9.659403562545776,12.305022239685059,False
-6.319075345993042,9.659403562545776,12.305022239685059,False
-6.319075345993042,9.659403562545776,12.305022239685059,False
-6.319075345993042,9.659403562545776,12.305022239685059,False
-6.319075345993042,9.659403562545776,12.305022239685059,False
-6.319075345993042,9.659403562545776,12.305022239685059,False
-6.319075345993042,9.659403562545776,12.305022239685059,False
-6.319075345993042,9.659403562545776,12.305022239685059,False
-6.319075345993042,9.659403562545776,12.305022239685059,False
-6.319075345993042,9.659403562545776,12.305022239685059,False
-6.319075345993042,9.659403562545776,12.305022239685059,False
-6.319075345993042,9.659403562545776,12.305022239685059,False
-6.319075345993042,9.659403562545776,12.305022239685059,False
-6.319075345993042,9.659403562545776,12.305022239685059,False
-6.319075345993042,9.659403562545776,12.305022239685059,False
-6.319075345993042,9.659403562545776,12.305022239685059,False
-6.319075345993042,9.659403562545776,12.305022239685059,False
-6.319075345993042,9.659403562545776,12.305022239685059,False
-6.319075345993042,9.659403562545776,12.305022239685059,False
-6.319075345993042,9.659403562545776,12.305022239685059,False
-6.319075345993042,9.659403562545776,12.305022239685059,False
-6.319075345993042,9.659403562545776,12.305022239685059,False
-6.319075345993042,9.659403562545776,12.305022239685059,False
-6.319075345993042,9.659403562545776,12.305022239685059,False
-6.319075345993042,9.659403562545776,12.305022239685059,False
-6.319075345993042,9.659403562545776,12.305022239685059,False
-6.319075345993042,9.659403562545776,12.305022239685059,False
-6.319075345993042,9.659403562545776,12.305022239685059,False
-6.319075345993042,9.659403562545776,12.305022239685059,False
-6.319075345993042,9.659403562545776,12.305022239685059,False
-6.319075345993042,9.659403562545776,12.305022239685059,False
-6.319075345993042,9.659403562545776,12.305022239685059,False
-6.319075345993042,9.659403562545776,12.305022239685059,False
-6.319075345993042,9.659403562545776,12.305022239685059,False
-6.319075345993042,9.659403562545776,12.305022239685059,False
-6.319075345993042,9.659403562545776,12.305022239685059,False
-6.319075345993042,9.659403562545776,12.305022239685059,False
-6.319075345993042,9.659403562545776,12.305022239685059,False
-6.319075345993042,9.659403562545776,12.305022239685059,False
-6.319075345993042,9.659403562545776,12.305022239685059,False
-6.319075345993042,9.659403562545776,12.305022239685059,False
-6.319075345993042,9.659403562545776,12.305022239685059,False
-6.319075345993042,9.659403562545776,12.305022239685059,False
-6.319075345993042,9.659403562545776,12.305022239685059,False
-6.319075345993042,9.659403562545776,12.305022239685059,False
-6.319075345993042,9.659403562545776,12.305022239685059,False
-6.319075345993042,9.659403562545776,12.305022239685059,False
-6.319075345993042,9.659403562545776,12.305022239685059,False
-6.319075345993042,9.659403562545776,12.305022239685059,False
-6.319075345993042,9.659403562545776,12.305022239685059,False
-6.319075345993042,9.659403562545776,12.305022239685059,False
-6.319075345993042,9.659403562545776,12.305022239685059,False
-6.319075345993042,9.659403562545776,12.305022239685059,False
-6.319075345993042,9.659403562545776,12.305022239685059,False
-6.319075345993042,9.659403562545776,12.305022239685059,False
-6.319075345993042,9.659403562545776,12.305022239685059,False
-6.319075345993042,9.659403562545776,12.305022239685059,False
-6.319075345993042,9.659403562545776,12.305022239685059,False
-6.319075345993042,9.659403562545776,12.305022239685059,False
-6.319075345993042,9.659403562545776,12.305022239685059,False
-6.319075345993042,9.659403562545776,12.305022239685059,False
-6.319075345993042,9.659403562545776,12.305022239685059,False
-6.319075345993042,9.659403562545776,12.305022239685059,False
-6.319075345993042,9.659403562545776,12.305022239685059,False
-6.319075345993042,9.659403562545776,12.305022239685059,False
-6.319075345993042,9.659403562545776,12.305022239685059,False
-6.319075345993042,9.659403562545776,12.305022239685059,False
-6.319075345993042,9.659403562545776,12.305022239685059,False
-6.319075345993042,9.659403562545776,12.305022239685059,False
-6.319075345993042,9.659403562545776,12.305022239685059,False
-6.319075345993042,9.659403562545776,12.305022239685059,False
-6.319075345993042,9.659403562545776,12.305022239685059,False
-6.319075345993042,9.659403562545776,12.305022239685059,False
-6.319075345993042,9.659403562545776,12.305022239685059,False
-6.319075345993042,9.659403562545776,12.305022239685059,False
-6.319075345993042,9.659403562545776,12.305022239685059,False
-6.319075345993042,9.659403562545776,12.305022239685059,False
-6.319075345993042,9.659403562545776,12.305022239685059,False
-6.319075345993042,9.659403562545776,12.305022239685059,False
-6.319075345993042,9.659403562545776,12.305022239685059,False
-6.319075345993042,9.659403562545776,12.305022239685059,False
-6.319075345993042,9.659403562545776,12.305022239685059,False
-6.319075345993042,9.659403562545776,12.305022239685059,False
-6.319075345993042,9.659403562545776,12.305022239685059,False
-6.319075345993042,9.659403562545776,12.305022239685059,False
-6.319075345993042,9.659403562545776,12.305022239685059,False
-6.319075345993042,9.659403562545776,12.305022239685059,False
-6.319075345993042,9.659403562545776,12.305022239685059,False
-6.319075345993042,9.659403562545776,12.305022239685059,False
-6.319075345993042,9.659403562545776,12.305022239685059,False
-6.319075345993042,9.659403562545776,12.305022239685059,False
-6.319075345993042,9.659403562545776,12.305022239685059,False
-6.319075345993042,9.659403562545776,12.305022239685059,False
-6.319075345993042,9.659403562545776,12.305022239685059,False
-6.319075345993042,9.659403562545776,12.305022239685059,False
-6.319075345993042,9.659403562545776,12.305022239685059,False
-6.319075345993042,9.659403562545776,12.305022239685059,False
-6.319075345993042,9.659403562545776,12.305022239685059,False
-6.319075345993042,9.659403562545776,12.305022239685059,False
-6.319075345993042,9.659403562545776,12.305022239685059,False
-6.319075345993042,9.659403562545776,12.305022239685059,False
-6.319075345993042,9.659403562545776,12.305022239685059,False
-6.319075345993042,9.659403562545776,12.305022239685059,False
-6.319075345993042,9.659403562545776,12.305022239685059,False
-6.319075345993042,9.659403562545776,12.305022239685059,False
-6.319075345993042,9.659403562545776,12.305022239685059,False
-6.319075345993042,9.659403562545776,12.305022239685059,False
-6.319075345993042,9.659403562545776,12.305022239685059,False
-6.319075345993042,9.659403562545776,12.305022239685059,False
-6.319075345993042,9.659403562545776,12.305022239685059,False
-6.319075345993042,9.659403562545776,12.305022239685059,False
-6.319075345993042,9.659403562545776,12.305022239685059,False
-6.319075345993042,9.659403562545776,12.305022239685059,False
-6.319075345993042,9.659403562545776,12.305022239685059,False
-6.319075345993042,9.659403562545776,12.305022239685059,False
-6.319075345993042,9.659403562545776,12.305022239685059,False
-6.319075345993042,9.659403562545776,12.305022239685059,False
-6.319075345993042,9.659403562545776,12.305022239685059,False
-6.319075345993042,9.659403562545776,12.305022239685059,False
-6.319075345993042,9.659403562545776,12.305022239685059,False
-6.319075345993042,9.659403562545776,12.305022239685059,False
-6.319075345993042,9.659403562545776,12.305022239685059,False
-6.319075345993042,9.659403562545776,12.305022239685059,False
-6.319075345993042,9.659403562545776,12.305022239685059,False
-6.319075345993042,9.659403562545776,12.305022239685059,False
-6.319075345993042,9.659403562545776,12.305022239685059,False
-6.319075345993042,9.659403562545776,12.305022239685059,False
-6.319075345993042,9.659403562545776,12.305022239685059,False
-6.319075345993042,9.659403562545776,12.305022239685059,False
-6.319075345993042,9.659403562545776,12.305022239685059,False
-6.319075345993042,9.659403562545776,12.305022239685059,False
-6.319075345993042,9.659403562545776,12.305022239685059,False
-6.319075345993042,9.659403562545776,12.305022239685059,False
-6.319075345993042,9.659403562545776,12.305022239685059,False
-6.319075345993042,9.659403562545776,12.305022239685059,False
-6.319075345993042,9.659403562545776,12.305022239685059,False
-6.319075345993042,9.659403562545776,12.305022239685059,False
-6.319075345993042,9.659403562545776,12.305022239685059,False
-6.319075345993042,9.659403562545776,12.305022239685059,False
-6.319075345993042,9.659403562545776,12.305022239685059,False
-6.319075345993042,9.659403562545776,12.305022239685059,False
-6.319075345993042,9.659403562545776,12.305022239685059,False
-6.319075345993042,9.659403562545776,12.305022239685059,False
-6.319075345993042,9.659403562545776,12.305022239685059,False
-6.319075345993042,9.659403562545776,12.305022239685059,False
-6.319075345993042,9.659403562545776,12.305022239685059,False
-6.319075345993042,9.659403562545776,12.305022239685059,False
-6.319075345993042,9.659403562545776,12.305022239685059,False
-6.319075345993042,9.659403562545776,12.305022239685059,False
-6.319075345993042,9.659403562545776,12.305022239685059,False
-6.319075345993042,9.659403562545776,12.305022239685059,False
-6.319075345993042,9.659403562545776,12.305022239685059,False
-6.319075345993042,9.659403562545776,12.305022239685059,False
-6.319075345993042,9.659403562545776,12.305022239685059,False
-6.319075345993042,9.659403562545776,12.305022239685059,False
-6.319075345993042,9.659403562545776,12.305022239685059,False
-6.319075345993042,9.659403562545776,12.305022239685059,False
-6.319075345993042,9.659403562545776,12.305022239685059,False
-6.319075345993042,9.659403562545776,12.305022239685059,False
-6.319075345993042,9.659403562545776,12.305022239685059,False
-6.319075345993042,9.659403562545776,12.305022239685059,False
-6.319075345993042,9.659403562545776,12.305022239685059,False
-6.319075345993042,9.659403562545776,12.305022239685059,False
-6.319075345993042,9.659403562545776,12.305022239685059,False
-6.319075345993042,9.659403562545776,12.305022239685059,False
-6.319075345993042,9.659403562545776,12.305022239685059,False
-6.319075345993042,9.659403562545776,12.305022239685059,False
-6.319075345993042,9.659403562545776,12.305022239685059,False
-6.319075345993042,9.659403562545776,12.305022239685059,False
-6.319075345993042,9.659403562545776,12.305022239685059,False
-6.319075345993042,9.659403562545776,12.305022239685059,False
-6.319075345993042,9.659403562545776,12.305022239685059,False
-6.319075345993042,9.659403562545776,12.305022239685059,False
-6.319075345993042,9.659403562545776,12.305022239685059,False
-6.319075345993042,9.659403562545776,12.305022239685059,False
-6.319075345993042,9.659403562545776,12.305022239685059,False
-6.319075345993042,9.659403562545776,12.305022239685059,False
-6.319075345993042,9.659403562545776,12.305022239685059,False
-6.319075345993042,9.659403562545776,12.305022239685059,False
-6.319075345993042,9.659403562545776,12.305022239685059,False
-6.319075345993042,9.659403562545776,12.305022239685059,False
-6.319075345993042,9.659403562545776,12.305022239685059,False
-6.319075345993042,9.659403562545776,12.305022239685059,False
-6.319075345993042,9.659403562545776,12.305022239685059,False
-6.319075345993042,9.659403562545776,12.305022239685059,False
-6.319075345993042,9.659403562545776,12.305022239685059,False
-6.319075345993042,9.659403562545776,12.305022239685059,False
-6.319075345993042,9.659403562545776,12.305022239685059,False
-6.319075345993042,9.659403562545776,12.305022239685059,False
-6.319075345993042,9.659403562545776,12.305022239685059,False
-6.319075345993042,9.659403562545776,12.305022239685059,False
-6.319075345993042,9.659403562545776,12.305022239685059,False
-6.319075345993042,9.659403562545776,12.305022239685059,False
-6.319075345993042,9.659403562545776,12.305022239685059,False
-6.319075345993042,9.659403562545776,12.305022239685059,False
-6.319075345993042,9.659403562545776,12.305022239685059,False
-6.319075345993042,9.659403562545776,12.305022239685059,False
-6.319075345993042,9.659403562545776,12.305022239685059,False
-6.319075345993042,9.659403562545776,12.305022239685059,False
-6.319075345993042,9.659403562545776,12.305022239685059,False
-6.319075345993042,9.659403562545776,12.305022239685059,False
-6.319075345993042,9.659403562545776,12.305022239685059,False
-6.319075345993042,9.659403562545776,12.305022239685059,False
-6.319075345993042,9.659403562545776,12.305022239685059,False
-6.319075345993042,9.659403562545776,12.305022239685059,False
-6.319075345993042,9.659403562545776,12.305022239685059,False
-6.319075345993042,9.659403562545776,12.305022239685059,False
-6.319075345993042,9.659403562545776,12.305022239685059,False
-6.319075345993042,9.659403562545776,12.305022239685059,False
-6.319075345993042,9.659403562545776,12.305022239685059,False
-6.319075345993042,9.659403562545776,12.305022239685059,False
-6.319075345993042,9.659403562545776,12.305022239685059,False
-6.319075345993042,9.659403562545776,12.305022239685059,False
-6.319075345993042,9.659403562545776,12.305022239685059,False
-6.319075345993042,9.659403562545776,12.305022239685059,False
-6.319075345993042,9.659403562545776,12.305022239685059,False
-6.319075345993042,9.659403562545776,12.305022239685059,False
-6.319075345993042,9.659403562545776,12.305022239685059,False
-6.319075345993042,9.659403562545776,12.305022239685059,False
-6.319075345993042,9.659403562545776,12.305022239685059,False
-6.319075345993042,9.659403562545776,12.305022239685059,False
-6.319075345993042,9.659403562545776,12.305022239685059,False
-6.319075345993042,9.659403562545776,12.305022239685059,False
-6.319075345993042,9.659403562545776,12.305022239685059,False
-6.319075345993042,9.659403562545776,12.305022239685059,False
-6.319075345993042,9.659403562545776,12.305022239685059,False
-6.319075345993042,9.659403562545776,12.305022239685059,False
-6.319075345993042,9.659403562545776,12.305022239685059,False
-6.319075345993042,9.659403562545776,12.305022239685059,False
-6.319075345993042,9.659403562545776,12.305022239685059,False
-6.319075345993042,9.659403562545776,12.305022239685059,False
-6.319075345993042,9.659403562545776,12.305022239685059,False
-6.319075345993042,9.659403562545776,12.305022239685059,False
-6.319075345993042,9.659403562545776,12.305022239685059,False
-6.319075345993042,9.659403562545776,12.305022239685059,False
-6.319075345993042,9.659403562545776,12.305022239685059,False
-6.319075345993042,9.659403562545776,12.305022239685059,False
-6.319075345993042,9.659403562545776,12.305022239685059,False
-6.319075345993042,9.659403562545776,12.305022239685059,False
-6.319075345993042,9.659403562545776,12.305022239685059,False
-6.319075345993042,9.659403562545776,12.305022239685059,False
-6.319075345993042,9.659403562545776,12.305022239685059,False
-6.319075345993042,9.659403562545776,12.305022239685059,False
-6.319075345993042,9.659403562545776,12.305022239685059,False
-6.319075345993042,9.659403562545776,12.305022239685059,False
-6.319075345993042,9.659403562545776,12.305022239685059,False
-6.319075345993042,9.659403562545776,12.305022239685059,False
-6.319075345993042,9.659403562545776,12.305022239685059,False
-6.319075345993042,9.659403562545776,12.305022239685059,False
-6.319075345993042,9.659403562545776,12.305022239685059,False
-6.319075345993042,9.659403562545776,12.305022239685059,False
-6.319075345993042,9.659403562545776,12.305022239685059,False
-6.319075345993042,9.659403562545776,12.305022239685059,False
-6.319075345993042,9.659403562545776,12.305022239685059,False
-6.319075345993042,9.659403562545776,12.305022239685059,False
-6.319075345993042,9.659403562545776,12.305022239685059,False
-6.319075345993042,9.659403562545776,12.305022239685059,False
-6.319075345993042,9.659403562545776,12.305022239685059,False
-6.319075345993042,9.659403562545776,12.305022239685059,False
-6.319075345993042,9.659403562545776,12.305022239685059,False
-6.319075345993042,9.659403562545776,12.305022239685059,False
-6.319075345993042,9.659403562545776,12.305022239685059,False
-6.319075345993042,9.659403562545776,12.305022239685059,False
-6.319075345993042,9.659403562545776,12.305022239685059,False
-6.319075345993042,9.659403562545776,12.305022239685059,False
-6.319075345993042,9.659403562545776,12.305022239685059,False
-6.319075345993042,9.659403562545776,12.305022239685059,False
-6.319075345993042,9.659403562545776,12.305022239685059,False
-6.319075345993042,9.659403562545776,12.305022239685059,False
-6.319075345993042,9.659403562545776,12.305022239685059,False
-6.319075345993042,9.659403562545776,12.305022239685059,False
-6.319075345993042,9.659403562545776,12.305022239685059,False
-6.319075345993042,9.659403562545776,12.305022239685059,False
-6.319075345993042,9.659403562545776,12.305022239685059,False
-6.319075345993042,9.659403562545776,12.305022239685059,False
-6.319075345993042,9.659403562545776,12.305022239685059,False
-6.319075345993042,9.659403562545776,12.305022239685059,False
-6.319075345993042,9.659403562545776,12.305022239685059,False
-6.319075345993042,9.659403562545776,12.305022239685059,False
-6.319075345993042,9.659403562545776,12.305022239685059,False
-6.319075345993042,9.659403562545776,12.305022239685059,False
-6.319075345993042,9.659403562545776,12.305022239685059,False
-6.319075345993042,9.659403562545776,12.305022239685059,False
-6.319075345993042,9.659403562545776,12.305022239685059,False
-6.319075345993042,9.659403562545776,12.305022239685059,False
-6.319075345993042,9.659403562545776,12.305022239685059,False
-6.319075345993042,9.659403562545776,12.305022239685059,False
-6.319075345993042,9.659403562545776,12.305022239685059,False
-6.319075345993042,9.659403562545776,12.305022239685059,False
-6.319075345993042,9.659403562545776,12.305022239685059,False
-6.319075345993042,9.659403562545776,12.305022239685059,False
-6.319075345993042,9.659403562545776,12.305022239685059,False
-6.319075345993042,9.659403562545776,12.305022239685059,False
-6.319075345993042,9.659403562545776,12.305022239685059,False
-6.319075345993042,9.659403562545776,12.305022239685059,False
-6.319075345993042,9.659403562545776,12.305022239685059,False
-6.319075345993042,9.659403562545776,12.305022239685059,False
-6.319075345993042,9.659403562545776,12.305022239685059,False
-6.319075345993042,9.659403562545776,12.305022239685059,False
-6.319075345993042,9.659403562545776,12.305022239685059,False
-6.319075345993042,9.659403562545776,12.305022239685059,False
-6.319075345993042,9.659403562545776,12.305022239685059,False
-6.319075345993042,9.659403562545776,12.305022239685059,False
-6.319075345993042,9.659403562545776,12.305022239685059,False
-6.319075345993042,9.659403562545776,12.305022239685059,False
-6.319075345993042,9.659403562545776,12.305022239685059,False
-6.319075345993042,9.659403562545776,12.305022239685059,False
-6.319075345993042,9.659403562545776,12.305022239685059,False
-6.319075345993042,9.659403562545776,12.305022239685059,False
-6.319075345993042,9.659403562545776,12.305022239685059,False
-6.319075345993042,9.659403562545776,12.305022239685059,False
-6.319075345993042,9.659403562545776,12.305022239685059,False
-6.319075345993042,9.659403562545776,12.305022239685059,False
-6.319075345993042,9.659403562545776,12.305022239685059,False
-6.319075345993042,9.659403562545776,12.305022239685059,False
-6.319075345993042,9.659403562545776,12.305022239685059,False
-6.319075345993042,9.659403562545776,12.305022239685059,False
-6.319075345993042,9.659403562545776,12.305022239685059,False
-6.319075345993042,9.659403562545776,12.305022239685059,False
-6.319075345993042,9.659403562545776,12.305022239685059,False
-6.319075345993042,9.659403562545776,12.305022239685059,False
-6.319075345993042,9.659403562545776,12.305022239685059,False
-6.319075345993042,9.659403562545776,12.305022239685059,False
-6.319075345993042,9.659403562545776,12.305022239685059,False
-6.319075345993042,9.659403562545776,12.305022239685059,False
-6.319075345993042,9.659403562545776,12.305022239685059,False
-6.319075345993042,9.659403562545776,12.305022239685059,False
-6.319075345993042,9.659403562545776,12.305022239685059,False
-6.319075345993042,9.659403562545776,12.305022239685059,False
-6.319075345993042,9.659403562545776,12.305022239685059,False
-6.319075345993042,9.659403562545776,12.305022239685059,False
-6.319075345993042,9.659403562545776,12.305022239685059,False
-6.319075345993042,9.659403562545776,12.305022239685059,False
-6.319075345993042,9.659403562545776,12.305022239685059,False
-6.319075345993042,9.659403562545776,12.305022239685059,False
-6.319075345993042,9.659403562545776,12.305022239685059,False
-6.319075345993042,9.659403562545776,12.305022239685059,False
-6.319075345993042,9.659403562545776,12.305022239685059,False
-6.319075345993042,9.659403562545776,12.305022239685059,False
-6.319075345993042,9.659403562545776,12.305022239685059,False
-6.319075345993042,9.659403562545776,12.305022239685059,False
-6.319075345993042,9.659403562545776,12.305022239685059,False
-6.319075345993042,9.659403562545776,12.305022239685059,False
-6.319075345993042,9.659403562545776,12.305022239685059,False
-6.319075345993042,9.659403562545776,12.305022239685059,False
-6.319075345993042,9.659403562545776,12.305022239685059,False
-6.319075345993042,9.659403562545776,12.305022239685059,False
-6.319075345993042,9.659403562545776,12.305022239685059,False
-6.319075345993042,9.659403562545776,12.305022239685059,False
-6.319075345993042,9.659403562545776,12.305022239685059,False
-6.319075345993042,9.659403562545776,12.305022239685059,False
-6.319075345993042,9.659403562545776,12.305022239685059,False
-6.319075345993042,9.659403562545776,12.305022239685059,False
-6.319075345993042,9.659403562545776,12.305022239685059,False
-6.319075345993042,9.659403562545776,12.305022239685059,False
-6.319075345993042,9.659403562545776,12.305022239685059,False
-6.319075345993042,9.659403562545776,12.305022239685059,False
-6.319075345993042,9.659403562545776,12.305022239685059,False
-6.319075345993042,9.659403562545776,12.305022239685059,False
-6.319075345993042,9.659403562545776,12.305022239685059,False
-6.319075345993042,9.659403562545776,12.305022239685059,False
-6.319075345993042,9.659403562545776,12.305022239685059,False
-6.319075345993042,9.659403562545776,12.305022239685059,False
-6.319075345993042,9.659403562545776,12.305022239685059,False
-6.319075345993042,9.659403562545776,12.305022239685059,False
-6.319075345993042,9.659403562545776,12.305022239685059,False
-6.319075345993042,9.659403562545776,12.305022239685059,False
-6.319075345993042,9.659403562545776,12.305022239685059,False
-6.319075345993042,9.659403562545776,12.305022239685059,False
-6.319075345993042,9.659403562545776,12.305022239685059,False
-6.319075345993042,9.659403562545776,12.305022239685059,False
-6.319075345993042,9.659403562545776,12.305022239685059,False
-6.319075345993042,9.659403562545776,12.305022239685059,False
-6.319075345993042,9.659403562545776,12.305022239685059,False
-6.319075345993042,9.659403562545776,12.305022239685059,False
-6.319075345993042,9.659403562545776,12.305022239685059,False
-6.319075345993042,9.659403562545776,12.305022239685059,False
-6.319075345993042,9.659403562545776,12.305022239685059,False
-6.319075345993042,9.659403562545776,12.305022239685059,False
-6.319075345993042,9.659403562545776,12.305022239685059,False
-6.319075345993042,9.659403562545776,12.305022239685059,False
-6.319075345993042,9.659403562545776,12.305022239685059,False
-6.319075345993042,9.659403562545776,12.305022239685059,False
-6.319075345993042,9.659403562545776,12.305022239685059,False
-6.319075345993042,9.659403562545776,12.305022239685059,False
-6.319075345993042,9.659403562545776,12.305022239685059,False
-6.319075345993042,9.659403562545776,12.305022239685059,False
-6.319075345993042,9.659403562545776,12.305022239685059,False
-6.319075345993042,9.659403562545776,12.305022239685059,False
-6.319075345993042,9.659403562545776,12.305022239685059,False
-6.319075345993042,9.659403562545776,12.305022239685059,False
-6.319075345993042,9.659403562545776,12.305022239685059,False
-6.319075345993042,9.659403562545776,12.305022239685059,False
-6.319075345993042,9.659403562545776,12.305022239685059,False
-6.319075345993042,9.659403562545776,12.305022239685059,False
-6.319075345993042,9.659403562545776,12.305022239685059,False
-6.319075345993042,9.659403562545776,12.305022239685059,False
-6.319075345993042,9.659403562545776,12.305022239685059,False
-6.319075345993042,9.659403562545776,12.305022239685059,False
-6.319075345993042,9.659403562545776,12.305022239685059,False
-6.319075345993042,9.659403562545776,12.305022239685059,False
-6.319075345993042,9.659403562545776,12.305022239685059,False
-6.319075345993042,9.659403562545776,12.305022239685059,False
-6.319075345993042,9.659403562545776,12.305022239685059,False
-6.319075345993042,9.659403562545776,12.305022239685059,False
-6.319075345993042,9.659403562545776,12.305022239685059,False
-6.319075345993042,9.659403562545776,12.305022239685059,False
-6.319075345993042,9.659403562545776,12.305022239685059,False
-6.319075345993042,9.659403562545776,12.305022239685059,False
-6.319075345993042,9.659403562545776,12.305022239685059,False
-6.319075345993042,9.659403562545776,12.305022239685059,False
-6.319075345993042,9.659403562545776,12.305022239685059,False
-6.319075345993042,9.659403562545776,12.305022239685059,False
-6.319075345993042,9.659403562545776,12.305022239685059,False
-6.319075345993042,9.659403562545776,12.305022239685059,False
-6.319075345993042,9.659403562545776,12.305022239685059,False
-6.319075345993042,9.659403562545776,12.305022239685059,False
-6.319075345993042,9.659403562545776,12.305022239685059,False
-6.319075345993042,9.659403562545776,12.305022239685059,False
-6.319075345993042,9.659403562545776,12.305022239685059,False
-6.319075345993042,9.659403562545776,12.305022239685059,False
-6.319075345993042,9.659403562545776,12.305022239685059,False
-6.319075345993042,9.659403562545776,12.305022239685059,False
-6.319075345993042,9.659403562545776,12.305022239685059,False
-6.319075345993042,9.659403562545776,12.305022239685059,False
-6.319075345993042,9.659403562545776,12.305022239685059,False
-6.319075345993042,9.659403562545776,12.305022239685059,False
-6.319075345993042,9.659403562545776,12.305022239685059,False
-6.319075345993042,9.659403562545776,12.305022239685059,False
-6.319075345993042,9.659403562545776,12.305022239685059,False
-6.319075345993042,9.659403562545776,12.305022239685059,False
-6.319075345993042,9.659403562545776,12.305022239685059,False
-6.319075345993042,9.659403562545776,12.305022239685059,False
-6.319075345993042,9.659403562545776,12.305022239685059,False
-6.319075345993042,9.659403562545776,12.305022239685059,False
-6.319075345993042,9.659403562545776,12.305022239685059,False
-6.319075345993042,9.659403562545776,12.305022239685059,False
-6.319075345993042,9.659403562545776,12.305022239685059,False
-6.319075345993042,9.659403562545776,12.305022239685059,False
-6.319075345993042,9.659403562545776,12.305022239685059,False
-6.319075345993042,9.659403562545776,12.305022239685059,False
-6.319075345993042,9.659403562545776,12.305022239685059,False
-6.319075345993042,9.659403562545776,12.305022239685059,False
-6.319075345993042,9.659403562545776,12.305022239685059,False
-6.319075345993042,9.659403562545776,12.305022239685059,False
-6.319075345993042,9.659403562545776,12.305022239685059,False
-6.319075345993042,9.659403562545776,12.305022239685059,False
-6.319075345993042,9.659403562545776,12.305022239685059,False
-6.319075345993042,9.659403562545776,12.305022239685059,False
-6.319075345993042,9.659403562545776,12.305022239685059,False
-6.319075345993042,9.659403562545776,12.305022239685059,False
-6.319075345993042,9.659403562545776,12.305022239685059,False
-6.319075345993042,9.659403562545776,12.305022239685059,False
-6.319075345993042,9.659403562545776,12.305022239685059,False
-6.319075345993042,9.659403562545776,12.305022239685059,False
-6.319075345993042,9.659403562545776,12.305022239685059,False
-6.319075345993042,9.659403562545776,12.305022239685059,False
-6.319075345993042,9.659403562545776,12.305022239685059,False
-6.319075345993042,9.659403562545776,12.305022239685059,False
-6.319075345993042,9.659403562545776,12.305022239685059,False
-6.319075345993042,9.659403562545776,12.305022239685059,False
-6.319075345993042,9.659403562545776,12.305022239685059,False
-6.319075345993042,9.659403562545776,12.305022239685059,False
-6.319075345993042,9.659403562545776,12.305022239685059,False
-6.319075345993042,9.659403562545776,12.305022239685059,False
-6.319075345993042,9.659403562545776,12.305022239685059,False
-6.319075345993042,9.659403562545776,12.305022239685059,False
-6.319075345993042,9.659403562545776,12.305022239685059,False
-6.319075345993042,9.659403562545776,12.305022239685059,False
-6.319075345993042,9.659403562545776,12.305022239685059,False
-6.319075345993042,9.659403562545776,12.305022239685059,False
-6.319075345993042,9.659403562545776,12.305022239685059,False
-6.319075345993042,9.659403562545776,12.305022239685059,False
-6.319075345993042,9.659403562545776,12.305022239685059,False
-6.319075345993042,9.659403562545776,12.305022239685059,False
-6.319075345993042,9.659403562545776,12.305022239685059,False
-6.319075345993042,9.659403562545776,12.305022239685059,False
-6.319075345993042,9.659403562545776,12.305022239685059,False
-6.319075345993042,9.659403562545776,12.305022239685059,False
-6.319075345993042,9.659403562545776,12.305022239685059,False
-6.319075345993042,9.659403562545776,12.305022239685059,False
-6.319075345993042,9.659403562545776,12.305022239685059,False
-6.319075345993042,9.659403562545776,12.305022239685059,False
-6.319075345993042,9.659403562545776,12.305022239685059,False
-6.319075345993042,9.659403562545776,12.305022239685059,False
-6.319075345993042,9.659403562545776,12.305022239685059,False
-6.319075345993042,9.659403562545776,12.305022239685059,False
-6.319075345993042,9.659403562545776,12.305022239685059,False
-6.319075345993042,9.659403562545776,12.305022239685059,False
-6.319075345993042,9.659403562545776,12.305022239685059,False
-6.319075345993042,9.659403562545776,12.305022239685059,False
-6.319075345993042,9.659403562545776,12.305022239685059,False
-6.319075345993042,9.659403562545776,12.305022239685059,False
-6.319075345993042,9.659403562545776,12.305022239685059,False
-6.319075345993042,9.659403562545776,12.305022239685059,False
-6.319075345993042,9.659403562545776,12.305022239685059,False
-6.319075345993042,9.659403562545776,12.305022239685059,False
-6.319075345993042,9.659403562545776,12.305022239685059,False
-6.319075345993042,9.659403562545776,12.305022239685059,False
-6.319075345993042,9.659403562545776,12.305022239685059,False
-6.319075345993042,9.659403562545776,12.305022239685059,False
-6.319075345993042,9.659403562545776,12.305022239685059,False
-6.319075345993042,9.659403562545776,12.305022239685059,False
-6.319075345993042,9.659403562545776,12.305022239685059,False
-6.319075345993042,9.659403562545776,12.305022239685059,False
-6.319075345993042,9.659403562545776,12.305022239685059,False
-6.319075345993042,9.659403562545776,12.305022239685059,False
-6.319075345993042,9.659403562545776,12.305022239685059,False
-6.319075345993042,9.659403562545776,12.305022239685059,False
-6.319075345993042,9.659403562545776,12.305022239685059,False
-6.319075345993042,9.659403562545776,12.305022239685059,False
-6.319075345993042,9.659403562545776,12.305022239685059,False
-6.319075345993042,9.659403562545776,12.305022239685059,False
-6.319075345993042,9.659403562545776,12.305022239685059,False
-6.319075345993042,9.659403562545776,12.305022239685059,False
-6.319075345993042,9.659403562545776,12.305022239685059,False
-6.319075345993042,9.659403562545776,12.305022239685059,False
-6.319075345993042,9.659403562545776,12.305022239685059,False
-6.319075345993042,9.659403562545776,12.305022239685059,False
-6.319075345993042,9.659403562545776,12.305022239685059,False
-6.319075345993042,9.659403562545776,12.305022239685059,False
-6.319075345993042,9.659403562545776,12.305022239685059,False
-6.319075345993042,9.659403562545776,12.305022239685059,False
-6.319075345993042,9.659403562545776,12.305022239685059,False
-6.319075345993042,9.659403562545776,12.305022239685059,False
-6.319075345993042,9.659403562545776,12.305022239685059,False
-6.319075345993042,9.659403562545776,12.305022239685059,False
-6.319075345993042,9.659403562545776,12.305022239685059,False
-6.319075345993042,9.659403562545776,12.305022239685059,False
-6.319075345993042,9.659403562545776,12.305022239685059,False
-6.319075345993042,9.659403562545776,12.305022239685059,False
-6.319075345993042,9.659403562545776,12.305022239685059,False
-6.319075345993042,9.659403562545776,12.305022239685059,False
-6.319075345993042,9.659403562545776,12.305022239685059,False
-6.319075345993042,9.659403562545776,12.305022239685059,False
-6.319075345993042,9.659403562545776,12.305022239685059,False
-6.319075345993042,9.659403562545776,12.305022239685059,False
-6.319075345993042,9.659403562545776,12.305022239685059,False
-6.319075345993042,9.659403562545776,12.305022239685059,False
-6.319075345993042,9.659403562545776,12.305022239685059,False
-6.319075345993042,9.659403562545776,12.305022239685059,False
-6.319075345993042,9.659403562545776,12.305022239685059,False
-6.319075345993042,9.659403562545776,12.305022239685059,False
-6.319075345993042,9.659403562545776,12.305022239685059,False
-6.319075345993042,9.659403562545776,12.305022239685059,False
-6.319075345993042,9.659403562545776,12.305022239685059,False
-6.319075345993042,9.659403562545776,12.305022239685059,False
-6.319075345993042,9.659403562545776,12.305022239685059,False
-6.319075345993042,9.659403562545776,12.305022239685059,False
-6.319075345993042,9.659403562545776,12.305022239685059,False
-6.319075345993042,9.659403562545776,12.305022239685059,False
-6.319075345993042,9.659403562545776,12.305022239685059,False
-6.319075345993042,9.659403562545776,12.305022239685059,False
-6.319075345993042,9.659403562545776,12.305022239685059,False
-6.319075345993042,9.659403562545776,12.305022239685059,False
-6.319075345993042,9.659403562545776,12.305022239685059,False
-6.319075345993042,9.659403562545776,12.305022239685059,False
-6.319075345993042,9.659403562545776,12.305022239685059,False
-6.319075345993042,9.659403562545776,12.305022239685059,False
-6.319075345993042,9.659403562545776,12.305022239685059,False
-6.319075345993042,9.659403562545776,12.305022239685059,False
-6.319075345993042,9.659403562545776,12.305022239685059,False
-6.319075345993042,9.659403562545776,12.305022239685059,False
-6.319075345993042,9.659403562545776,12.305022239685059,False
-6.319075345993042,9.659403562545776,12.305022239685059,False
-6.319075345993042,9.659403562545776,12.305022239685059,False
-6.319075345993042,9.659403562545776,12.305022239685059,False
-6.319075345993042,9.659403562545776,12.305022239685059,False
-6.319075345993042,9.659403562545776,12.305022239685059,False
-6.319075345993042,9.659403562545776,12.305022239685059,False
-6.319075345993042,9.659403562545776,12.305022239685059,False
-6.319075345993042,9.659403562545776,12.305022239685059,False
-6.319075345993042,9.659403562545776,12.305022239685059,False
-6.319075345993042,9.659403562545776,12.305022239685059,False
-6.319075345993042,9.659403562545776,12.305022239685059,False
-6.319075345993042,9.659403562545776,12.305022239685059,False
-6.319075345993042,9.659403562545776,12.305022239685059,False
-6.319075345993042,9.659403562545776,12.305022239685059,False
-6.319075345993042,9.659403562545776,12.305022239685059,False
-6.319075345993042,9.659403562545776,12.305022239685059,False
-6.319075345993042,9.659403562545776,12.305022239685059,False
-6.319075345993042,9.659403562545776,12.305022239685059,False
-6.319075345993042,9.659403562545776,12.305022239685059,False
-6.319075345993042,9.659403562545776,12.305022239685059,False
-6.319075345993042,9.659403562545776,12.305022239685059,False
-6.319075345993042,9.659403562545776,12.305022239685059,False
-6.319075345993042,9.659403562545776,12.305022239685059,False
-6.319075345993042,9.659403562545776,12.305022239685059,False
-6.319075345993042,9.659403562545776,12.305022239685059,False
-6.319075345993042,9.659403562545776,12.305022239685059,False
-6.319075345993042,9.659403562545776,12.305022239685059,False
-6.319075345993042,9.659403562545776,12.305022239685059,False
-6.319075345993042,9.659403562545776,12.305022239685059,False
-6.319075345993042,9.659403562545776,12.305022239685059,False
-6.319075345993042,9.659403562545776,12.305022239685059,False
-6.319075345993042,9.659403562545776,12.305022239685059,False
-6.319075345993042,9.659403562545776,12.305022239685059,False
-6.319075345993042,9.659403562545776,12.305022239685059,False
-6.319075345993042,9.659403562545776,12.305022239685059,False
-6.319075345993042,9.659403562545776,12.305022239685059,False
-6.319075345993042,9.659403562545776,12.305022239685059,False
-6.319075345993042,9.659403562545776,12.305022239685059,False
-6.319075345993042,9.659403562545776,12.305022239685059,False
-6.319075345993042,9.659403562545776,12.305022239685059,False
-6.319075345993042,9.659403562545776,12.305022239685059,False
-6.319075345993042,9.659403562545776,12.305022239685059,False
-6.319075345993042,9.659403562545776,12.305022239685059,False
-6.319075345993042,9.659403562545776,12.305022239685059,False
-6.319075345993042,9.659403562545776,12.305022239685059,False
-6.319075345993042,9.659403562545776,12.305022239685059,False
-6.319075345993042,9.659403562545776,12.305022239685059,False
-6.319075345993042,9.659403562545776,12.305022239685059,False
-6.319075345993042,9.659403562545776,12.305022239685059,False
-6.319075345993042,9.659403562545776,12.305022239685059,False
-6.319075345993042,9.659403562545776,12.305022239685059,False
-6.319075345993042,9.659403562545776,12.305022239685059,False
-6.319075345993042,9.659403562545776,12.305022239685059,False
-6.319075345993042,9.659403562545776,12.305022239685059,False
-6.319075345993042,9.659403562545776,12.305022239685059,False
-6.319075345993042,9.659403562545776,12.305022239685059,False
-6.319075345993042,9.659403562545776,12.305022239685059,False
-6.319075345993042,9.659403562545776,12.305022239685059,False
-6.319075345993042,9.659403562545776,12.305022239685059,False
-6.319075345993042,9.659403562545776,12.305022239685059,False
-6.319075345993042,9.659403562545776,12.305022239685059,False
-6.319075345993042,9.659403562545776,12.305022239685059,False
-6.319075345993042,9.659403562545776,12.305022239685059,False
-6.319075345993042,9.659403562545776,12.305022239685059,False
-6.319075345993042,9.659403562545776,12.305022239685059,False
-6.319075345993042,9.659403562545776,12.305022239685059,False
-6.319075345993042,9.659403562545776,12.305022239685059,False
-6.319075345993042,9.659403562545776,12.305022239685059,False
-6.319075345993042,9.659403562545776,12.305022239685059,False
-6.319075345993042,9.659403562545776,12.305022239685059,False
-6.319075345993042,9.659403562545776,12.305022239685059,False
-6.319075345993042,9.659403562545776,12.305022239685059,False
-6.319075345993042,9.659403562545776,12.305022239685059,False
-6.319075345993042,9.659403562545776,12.305022239685059,False
-6.319075345993042,9.659403562545776,12.305022239685059,False
-6.319075345993042,9.659403562545776,12.305022239685059,False
-6.319075345993042,9.659403562545776,12.305022239685059,False
-6.319075345993042,9.659403562545776,12.305022239685059,False
-6.319075345993042,9.659403562545776,12.305022239685059,False
-6.319075345993042,9.659403562545776,12.305022239685059,False
-6.319075345993042,9.659403562545776,12.305022239685059,False
-6.319075345993042,9.659403562545776,12.305022239685059,False
-6.319075345993042,9.659403562545776,12.305022239685059,False
-6.319075345993042,9.659403562545776,12.305022239685059,False
-6.319075345993042,9.659403562545776,12.305022239685059,False
-6.319075345993042,9.659403562545776,12.305022239685059,False
-6.319075345993042,9.659403562545776,12.305022239685059,False
-6.319075345993042,9.659403562545776,12.305022239685059,False
-6.319075345993042,9.659403562545776,12.305022239685059,False
-6.319075345993042,9.659403562545776,12.305022239685059,False
-6.319075345993042,9.659403562545776,12.305022239685059,False
-6.319075345993042,9.659403562545776,12.305022239685059,False
-6.319075345993042,9.659403562545776,12.305022239685059,False
-6.319075345993042,9.659403562545776,12.305022239685059,False
-6.319075345993042,9.659403562545776,12.305022239685059,False
-6.319075345993042,9.659403562545776,12.305022239685059,False
-6.319075345993042,9.659403562545776,12.305022239685059,False
-6.319075345993042,9.659403562545776,12.305022239685059,False
-6.319075345993042,9.659403562545776,12.305022239685059,False
-6.319075345993042,9.659403562545776,12.305022239685059,False
-6.319075345993042,9.659403562545776,12.305022239685059,False
-6.319075345993042,9.659403562545776,12.305022239685059,False
-6.319075345993042,9.659403562545776,12.305022239685059,False
-6.319075345993042,9.659403562545776,12.305022239685059,False
-6.319075345993042,9.659403562545776,12.305022239685059,False
-6.319075345993042,9.659403562545776,12.305022239685059,False
-6.319075345993042,9.659403562545776,12.305022239685059,False
-6.319075345993042,9.659403562545776,12.305022239685059,False
-6.319075345993042,9.659403562545776,12.305022239685059,False
-6.319075345993042,9.659403562545776,12.305022239685059,False
-6.319075345993042,9.659403562545776,12.305022239685059,False
-6.319075345993042,9.659403562545776,12.305022239685059,False
-6.319075345993042,9.659403562545776,12.305022239685059,False
-6.319075345993042,9.659403562545776,12.305022239685059,False
-6.319075345993042,9.659403562545776,12.305022239685059,False
-6.319075345993042,9.659403562545776,12.305022239685059,False
-6.319075345993042,9.659403562545776,12.305022239685059,False
-6.319075345993042,9.659403562545776,12.305022239685059,False
-6.319075345993042,9.659403562545776,12.305022239685059,False
-6.319075345993042,9.659403562545776,12.305022239685059,False
-6.319075345993042,9.659403562545776,12.305022239685059,False
-6.319075345993042,9.659403562545776,12.305022239685059,False
-6.319075345993042,9.659403562545776,12.305022239685059,False
-6.319075345993042,9.659403562545776,12.305022239685059,False
-6.319075345993042,9.659403562545776,12.305022239685059,False
-6.319075345993042,9.659403562545776,12.305022239685059,False
-6.319075345993042,9.659403562545776,12.305022239685059,False
-6.319075345993042,9.659403562545776,12.305022239685059,False
-6.319075345993042,9.659403562545776,12.305022239685059,False
-6.319075345993042,9.659403562545776,12.305022239685059,False
-6.319075345993042,9.659403562545776,12.305022239685059,False
-6.319075345993042,9.659403562545776,12.305022239685059,False
-6.319075345993042,9.659403562545776,12.305022239685059,False
-6.319075345993042,9.659403562545776,12.305022239685059,False
-6.319075345993042,9.659403562545776,12.305022239685059,False
-6.319075345993042,9.659403562545776,12.305022239685059,False
-6.319075345993042,9.659403562545776,12.305022239685059,False
-6.319075345993042,9.659403562545776,12.305022239685059,False
-6.319075345993042,9.659403562545776,12.305022239685059,False
-6.319075345993042,9.659403562545776,12.305022239685059,False
-6.319075345993042,9.659403562545776,12.305022239685059,False
-6.319075345993042,9.659403562545776,12.305022239685059,False
-6.319075345993042,9.659403562545776,12.305022239685059,False
-6.319075345993042,9.659403562545776,12.305022239685059,False
-6.319075345993042,9.659403562545776,12.305022239685059,False
-6.319075345993042,9.659403562545776,12.305022239685059,False
-6.319075345993042,9.659403562545776,12.305022239685059,False
-6.319075345993042,9.659403562545776,12.305022239685059,False
-6.319075345993042,9.659403562545776,12.305022239685059,False
-6.319075345993042,9.659403562545776,12.305022239685059,False
-6.319075345993042,9.659403562545776,12.305022239685059,False
-6.319075345993042,9.659403562545776,12.305022239685059,False
-6.319075345993042,9.659403562545776,12.305022239685059,False
-6.319075345993042,9.659403562545776,12.305022239685059,False
-6.319075345993042,9.659403562545776,12.305022239685059,False
-6.319075345993042,9.659403562545776,12.305022239685059,False
-6.319075345993042,9.659403562545776,12.305022239685059,False
-6.319075345993042,9.659403562545776,12.305022239685059,False
-6.319075345993042,9.659403562545776,12.305022239685059,False
-6.319075345993042,9.659403562545776,12.305022239685059,False
-6.319075345993042,9.659403562545776,12.305022239685059,False
-6.319075345993042,9.659403562545776,12.305022239685059,False
-6.319075345993042,9.659403562545776,12.305022239685059,False
-6.319075345993042,9.659403562545776,12.305022239685059,False
-6.319075345993042,9.659403562545776,12.305022239685059,False
-6.319075345993042,9.659403562545776,12.305022239685059,False
-6.319075345993042,9.659403562545776,12.305022239685059,False
-6.319075345993042,9.659403562545776,12.305022239685059,False
-6.319075345993042,9.659403562545776,12.305022239685059,False
-6.319075345993042,9.659403562545776,12.305022239685059,False
-6.319075345993042,9.659403562545776,12.305022239685059,False
-6.319075345993042,9.659403562545776,12.305022239685059,False
-6.319075345993042,9.659403562545776,12.305022239685059,False
-6.319075345993042,9.659403562545776,12.305022239685059,False
-6.319075345993042,9.659403562545776,12.305022239685059,False
-6.319075345993042,9.659403562545776,12.305022239685059,False
-6.319075345993042,9.659403562545776,12.305022239685059,False
-6.319075345993042,9.659403562545776,12.305022239685059,False
-6.319075345993042,9.659403562545776,12.305022239685059,False
-6.319075345993042,9.659403562545776,12.305022239685059,False
-6.319075345993042,9.659403562545776,12.305022239685059,False
-6.319075345993042,9.659403562545776,12.305022239685059,False
-6.319075345993042,9.659403562545776,12.305022239685059,False
-6.319075345993042,9.659403562545776,12.305022239685059,False
-6.319075345993042,9.659403562545776,12.305022239685059,False
-6.319075345993042,9.659403562545776,12.305022239685059,False
-6.319075345993042,9.659403562545776,12.305022239685059,False
-6.319075345993042,9.659403562545776,12.305022239685059,False
-6.319075345993042,9.659403562545776,12.305022239685059,False
-6.319075345993042,9.659403562545776,12.305022239685059,False
-6.319075345993042,9.659403562545776,12.305022239685059,False
-6.319075345993042,9.659403562545776,12.305022239685059,False
-6.319075345993042,9.659403562545776,12.305022239685059,False
-6.319075345993042,9.659403562545776,12.305022239685059,False
-6.319075345993042,9.659403562545776,12.305022239685059,False
-6.319075345993042,9.659403562545776,12.305022239685059,False
-6.319075345993042,9.659403562545776,12.305022239685059,False
-6.319075345993042,9.659403562545776,12.305022239685059,False
-6.319075345993042,9.659403562545776,12.305022239685059,False
-6.319075345993042,9.659403562545776,12.305022239685059,False
-6.319075345993042,9.659403562545776,12.305022239685059,False
-6.319075345993042,9.659403562545776,12.305022239685059,False
-6.319075345993042,9.659403562545776,12.305022239685059,False
-6.319075345993042,9.659403562545776,12.305022239685059,False
-6.319075345993042,9.659403562545776,12.305022239685059,False
-6.319075345993042,9.659403562545776,12.305022239685059,False
-6.319075345993042,9.659403562545776,12.305022239685059,False
-6.319075345993042,9.659403562545776,12.305022239685059,False
-6.319075345993042,9.659403562545776,12.305022239685059,False
-6.319075345993042,9.659403562545776,12.305022239685059,False
-6.319075345993042,9.659403562545776,12.305022239685059,False
-6.319075345993042,9.659403562545776,12.305022239685059,False
-6.319075345993042,9.659403562545776,12.305022239685059,False
-6.319075345993042,9.659403562545776,12.305022239685059,False
-6.319075345993042,9.659403562545776,12.305022239685059,False
-6.319075345993042,9.659403562545776,12.305022239685059,False
-6.319075345993042,9.659403562545776,12.305022239685059,False
-6.319075345993042,9.659403562545776,12.305022239685059,False
-6.319075345993042,9.659403562545776,12.305022239685059,False
-6.319075345993042,9.659403562545776,12.305022239685059,False
-6.319075345993042,9.659403562545776,12.305022239685059,False
-6.319075345993042,9.659403562545776,12.305022239685059,False
-6.319075345993042,9.659403562545776,12.305022239685059,False
-6.319075345993042,9.659403562545776,12.305022239685059,False
-6.319075345993042,9.659403562545776,12.305022239685059,False
-6.319075345993042,9.659403562545776,12.305022239685059,False
-6.319075345993042,9.659403562545776,12.305022239685059,False
-6.319075345993042,9.659403562545776,12.305022239685059,False
-6.319075345993042,9.659403562545776,12.305022239685059,False
-6.319075345993042,9.659403562545776,12.305022239685059,False
-6.319075345993042,9.659403562545776,12.305022239685059,False
-6.319075345993042,9.659403562545776,12.305022239685059,False
-6.319075345993042,9.659403562545776,12.305022239685059,False
-6.319075345993042,9.659403562545776,12.305022239685059,False
-6.319075345993042,9.659403562545776,12.305022239685059,False
-6.319075345993042,9.659403562545776,12.305022239685059,False
-6.319075345993042,9.659403562545776,12.305022239685059,False
-6.319075345993042,9.659403562545776,12.305022239685059,False
-6.319075345993042,9.659403562545776,12.305022239685059,False
-6.319075345993042,9.659403562545776,12.305022239685059,False
-6.319075345993042,9.659403562545776,12.305022239685059,False
-6.319075345993042,9.659403562545776,12.305022239685059,False
-6.319075345993042,9.659403562545776,12.305022239685059,False
-6.319075345993042,9.659403562545776,12.305022239685059,False
-6.319075345993042,9.659403562545776,12.305022239685059,False
-6.319075345993042,9.659403562545776,12.305022239685059,False
-6.319075345993042,9.659403562545776,12.305022239685059,False
-6.319075345993042,9.659403562545776,12.305022239685059,False
-6.319075345993042,9.659403562545776,12.305022239685059,False
-6.319075345993042,9.659403562545776,12.305022239685059,False
-6.319075345993042,9.659403562545776,12.305022239685059,False
-6.319075345993042,9.659403562545776,12.305022239685059,False
-6.319075345993042,9.659403562545776,12.305022239685059,False
-6.319075345993042,9.659403562545776,12.305022239685059,False
-6.319075345993042,9.659403562545776,12.305022239685059,False
-6.319075345993042,9.659403562545776,12.305022239685059,False
-6.319075345993042,9.659403562545776,12.305022239685059,False
-6.319075345993042,9.659403562545776,12.305022239685059,False
-6.319075345993042,9.659403562545776,12.305022239685059,False
-6.319075345993042,9.659403562545776,12.305022239685059,False
-6.319075345993042,9.659403562545776,12.305022239685059,False
-6.319075345993042,9.659403562545776,12.305022239685059,False
-6.319075345993042,9.659403562545776,12.305022239685059,False
-6.319075345993042,9.659403562545776,12.305022239685059,False
-6.319075345993042,9.659403562545776,12.305022239685059,False
-6.319075345993042,9.659403562545776,12.305022239685059,False
-6.319075345993042,9.659403562545776,12.305022239685059,False
-6.319075345993042,9.659403562545776,12.305022239685059,False
-6.319075345993042,9.659403562545776,12.305022239685059,False
-6.319075345993042,9.659403562545776,12.305022239685059,False
-6.319075345993042,9.659403562545776,12.305022239685059,False
-6.319075345993042,9.659403562545776,12.305022239685059,False
-6.319075345993042,9.659403562545776,12.305022239685059,False
-6.319075345993042,9.659403562545776,12.305022239685059,False
-6.319075345993042,9.659403562545776,12.305022239685059,False
-6.319075345993042,9.659403562545776,12.305022239685059,False
-6.319075345993042,9.659403562545776,12.305022239685059,False
-6.319075345993042,9.659403562545776,12.305022239685059,False
-6.319075345993042,9.659403562545776,12.305022239685059,False
-6.319075345993042,9.659403562545776,12.305022239685059,False
-6.319075345993042,9.659403562545776,12.305022239685059,False
-6.319075345993042,9.659403562545776,12.305022239685059,False
-6.319075345993042,9.659403562545776,12.305022239685059,False
-6.319075345993042,9.659403562545776,12.305022239685059,False
-6.319075345993042,9.659403562545776,12.305022239685059,False
-6.319075345993042,9.659403562545776,12.305022239685059,False
-6.319075345993042,9.659403562545776,12.305022239685059,False
-6.319075345993042,9.659403562545776,12.305022239685059,False
-6.319075345993042,9.659403562545776,12.305022239685059,False
-6.319075345993042,9.659403562545776,12.305022239685059,False
-6.319075345993042,9.659403562545776,12.305022239685059,False
-6.319075345993042,9.659403562545776,12.305022239685059,False
-6.319075345993042,9.659403562545776,12.305022239685059,False
-6.319075345993042,9.659403562545776,12.305022239685059,False
-6.319075345993042,9.659403562545776,12.305022239685059,False
-6.319075345993042,9.659403562545776,12.305022239685059,False
-6.319075345993042,9.659403562545776,12.305022239685059,False
-6.319075345993042,9.659403562545776,12.305022239685059,False
-6.319075345993042,9.659403562545776,12.305022239685059,False
-6.319075345993042,9.659403562545776,12.305022239685059,False
-6.319075345993042,9.659403562545776,12.305022239685059,False
-6.319075345993042,9.659403562545776,12.305022239685059,False
-6.319075345993042,9.659403562545776,12.305022239685059,False
-6.319075345993042,9.659403562545776,12.305022239685059,False
-6.319075345993042,9.659403562545776,12.305022239685059,False
-6.319075345993042,9.659403562545776,12.305022239685059,False
-6.319075345993042,9.659403562545776,12.305022239685059,False
-6.319075345993042,9.659403562545776,12.305022239685059,False
-6.319075345993042,9.659403562545776,12.305022239685059,False
-6.319075345993042,9.659403562545776,12.305022239685059,False
-6.319075345993042,9.659403562545776,12.305022239685059,False
-6.319075345993042,9.659403562545776,12.305022239685059,False
-6.319075345993042,9.659403562545776,12.305022239685059,False
-6.319075345993042,9.659403562545776,12.305022239685059,False
-6.319075345993042,9.659403562545776,12.305022239685059,False
-6.319075345993042,9.659403562545776,12.305022239685059,False
-6.319075345993042,9.659403562545776,12.305022239685059,False
-6.319075345993042,9.659403562545776,12.305022239685059,False
-6.319075345993042,9.659403562545776,12.305022239685059,False
-6.319075345993042,9.659403562545776,12.305022239685059,False
-6.319075345993042,9.659403562545776,12.305022239685059,False
-6.319075345993042,9.659403562545776,12.305022239685059,False
-6.319075345993042,9.659403562545776,12.305022239685059,False
-6.319075345993042,9.659403562545776,12.305022239685059,False
-6.319075345993042,9.659403562545776,12.305022239685059,False
-6.319075345993042,9.659403562545776,12.305022239685059,False
-6.319075345993042,9.659403562545776,12.305022239685059,False
-6.319075345993042,9.659403562545776,12.305022239685059,False
-6.319075345993042,9.659403562545776,12.305022239685059,False
-6.319075345993042,9.659403562545776,12.305022239685059,False
-6.319075345993042,9.659403562545776,12.305022239685059,False
-6.319075345993042,9.659403562545776,12.305022239685059,False
-6.319075345993042,9.659403562545776,12.305022239685059,False
-6.319075345993042,9.659403562545776,12.305022239685059,False
-6.319075345993042,9.659403562545776,12.305022239685059,False
-6.319075345993042,9.659403562545776,12.305022239685059,False
-6.319075345993042,9.659403562545776,12.305022239685059,False
-6.319075345993042,9.659403562545776,12.305022239685059,False
-6.319075345993042,9.659403562545776,12.305022239685059,False
-6.319075345993042,9.659403562545776,12.305022239685059,False
-6.319075345993042,9.659403562545776,12.305022239685059,False
-6.319075345993042,9.659403562545776,12.305022239685059,False
-6.319075345993042,9.659403562545776,12.305022239685059,False
-6.319075345993042,9.659403562545776,12.305022239685059,False
-6.319075345993042,9.659403562545776,12.305022239685059,False
-6.319075345993042,9.659403562545776,12.305022239685059,False
-6.319075345993042,9.659403562545776,12.305022239685059,False
-6.319075345993042,9.659403562545776,12.305022239685059,False
-6.319075345993042,9.659403562545776,12.305022239685059,False
-6.319075345993042,9.659403562545776,12.305022239685059,False
-6.319075345993042,9.659403562545776,12.305022239685059,False
-6.319075345993042,9.659403562545776,12.305022239685059,False
-6.319075345993042,9.659403562545776,12.305022239685059,False
-6.319075345993042,9.659403562545776,12.305022239685059,False
-6.319075345993042,9.659403562545776,12.305022239685059,False
-6.319075345993042,9.659403562545776,12.305022239685059,False
-6.319075345993042,9.659403562545776,12.305022239685059,False
-6.319075345993042,9.659403562545776,12.305022239685059,False
-6.319075345993042,9.659403562545776,12.305022239685059,False
-6.319075345993042,9.659403562545776,12.305022239685059,False
-6.319075345993042,9.659403562545776,12.305022239685059,False
-6.319075345993042,9.659403562545776,12.305022239685059,False
-6.319075345993042,9.659403562545776,12.305022239685059,False
-6.319075345993042,9.659403562545776,12.305022239685059,False
-6.319075345993042,9.659403562545776,12.305022239685059,False
-6.319075345993042,9.659403562545776,12.305022239685059,False
-6.319075345993042,9.659403562545776,12.305022239685059,False
-6.319075345993042,9.659403562545776,12.305022239685059,False
-6.319075345993042,9.659403562545776,12.305022239685059,False
-6.319075345993042,9.659403562545776,12.305022239685059,False
-6.319075345993042,9.659403562545776,12.305022239685059,False
-6.319075345993042,9.659403562545776,12.305022239685059,False
-6.319075345993042,9.659403562545776,12.305022239685059,False
-6.319075345993042,9.659403562545776,12.305022239685059,False
-6.319075345993042,9.659403562545776,12.305022239685059,False
-6.319075345993042,9.659403562545776,12.305022239685059,False
-6.319075345993042,9.659403562545776,12.305022239685059,False
-6.319075345993042,9.659403562545776,12.305022239685059,False
-6.319075345993042,9.659403562545776,12.305022239685059,False
-6.319075345993042,9.659403562545776,12.305022239685059,False
-6.319075345993042,9.659403562545776,12.305022239685059,False
-6.319075345993042,9.659403562545776,12.305022239685059,False
-6.319075345993042,9.659403562545776,12.305022239685059,False
-6.319075345993042,9.659403562545776,12.305022239685059,False
-6.319075345993042,9.659403562545776,12.305022239685059,False
-6.319075345993042,9.659403562545776,12.305022239685059,False
-6.319075345993042,9.659403562545776,12.305022239685059,False
-6.319075345993042,9.659403562545776,12.305022239685059,False
-6.319075345993042,9.659403562545776,12.305022239685059,False
-6.319075345993042,9.659403562545776,12.305022239685059,False
-6.319075345993042,9.659403562545776,12.305022239685059,False
-6.319075345993042,9.659403562545776,12.305022239685059,False
-6.319075345993042,9.659403562545776,12.305022239685059,False
-6.319075345993042,9.659403562545776,12.305022239685059,False
-6.319075345993042,9.659403562545776,12.305022239685059,False
-6.319075345993042,9.659403562545776,12.305022239685059,False
-6.319075345993042,9.659403562545776,12.305022239685059,False
-6.319075345993042,9.659403562545776,12.305022239685059,False
-6.319075345993042,9.659403562545776,12.305022239685059,False
-6.319075345993042,9.659403562545776,12.305022239685059,False
-6.319075345993042,9.659403562545776,12.305022239685059,False
-6.319075345993042,9.659403562545776,12.305022239685059,False
-6.319075345993042,9.659403562545776,12.305022239685059,False
-6.319075345993042,9.659403562545776,12.305022239685059,False
-6.319075345993042,9.659403562545776,12.305022239685059,False
-6.319075345993042,9.659403562545776,12.305022239685059,False
-6.319075345993042,9.659403562545776,12.305022239685059,False
-6.319075345993042,9.659403562545776,12.305022239685059,False
-6.319075345993042,9.659403562545776,12.305022239685059,False
-6.319075345993042,9.659403562545776,12.305022239685059,False
-6.319075345993042,9.659403562545776,12.305022239685059,False
-6.319075345993042,9.659403562545776,12.305022239685059,False
-6.319075345993042,9.659403562545776,12.305022239685059,False
-6.319075345993042,9.659403562545776,12.305022239685059,False
-6.319075345993042,9.659403562545776,12.305022239685059,False
-6.319075345993042,9.659403562545776,12.305022239685059,False
-6.319075345993042,9.659403562545776,12.305022239685059,False
-6.319075345993042,9.659403562545776,12.305022239685059,False
-6.319075345993042,9.659403562545776,12.305022239685059,False
-6.319075345993042,9.659403562545776,12.305022239685059,False
-6.319075345993042,9.659403562545776,12.305022239685059,False
-6.319075345993042,9.659403562545776,12.305022239685059,False
-6.319075345993042,9.659403562545776,12.305022239685059,False
-6.319075345993042,9.659403562545776,12.305022239685059,False
-6.319075345993042,9.659403562545776,12.305022239685059,False
-6.319075345993042,9.659403562545776,12.305022239685059,False
-6.319075345993042,9.659403562545776,12.305022239685059,False
-6.319075345993042,9.659403562545776,12.305022239685059,False
-6.319075345993042,9.659403562545776,12.305022239685059,False
-6.319075345993042,9.659403562545776,12.305022239685059,False
-6.319075345993042,9.659403562545776,12.305022239685059,False
-6.319075345993042,9.659403562545776,12.305022239685059,False
-6.319075345993042,9.659403562545776,12.305022239685059,False
-6.319075345993042,9.659403562545776,12.305022239685059,False
-6.319075345993042,9.659403562545776,12.305022239685059,False
-6.319075345993042,9.659403562545776,12.305022239685059,False
-6.319075345993042,9.659403562545776,12.305022239685059,False
-6.319075345993042,9.659403562545776,12.305022239685059,False
-6.319075345993042,9.659403562545776,12.305022239685059,False
-6.319075345993042,9.659403562545776,12.305022239685059,False
-6.319075345993042,9.659403562545776,12.305022239685059,False
-6.319075345993042,9.659403562545776,12.305022239685059,False
-6.319075345993042,9.659403562545776,12.305022239685059,False
-6.319075345993042,9.659403562545776,12.305022239685059,False
-6.319075345993042,9.659403562545776,12.305022239685059,False
-6.319075345993042,9.659403562545776,12.305022239685059,False
-6.319075345993042,9.659403562545776,12.305022239685059,False
-6.319075345993042,9.659403562545776,12.305022239685059,False
-6.319075345993042,9.659403562545776,12.305022239685059,False
-6.319075345993042,9.659403562545776,12.305022239685059,False
-6.319075345993042,9.659403562545776,12.305022239685059,False
-6.319075345993042,9.659403562545776,12.305022239685059,False
-6.319075345993042,9.659403562545776,12.305022239685059,False
-6.319075345993042,9.659403562545776,12.305022239685059,False
-6.319075345993042,9.659403562545776,12.305022239685059,False
-6.319075345993042,9.659403562545776,12.305022239685059,False
-6.319075345993042,9.659403562545776,12.305022239685059,False
-6.319075345993042,9.659403562545776,12.305022239685059,False
-6.319075345993042,9.659403562545776,12.305022239685059,False
-6.319075345993042,9.659403562545776,12.305022239685059,False
-6.319075345993042,9.659403562545776,12.305022239685059,False
-6.319075345993042,9.659403562545776,12.305022239685059,False
-6.319075345993042,9.659403562545776,12.305022239685059,False
-6.319075345993042,9.659403562545776,12.305022239685059,False
-6.319075345993042,9.659403562545776,12.305022239685059,False
-6.319075345993042,9.659403562545776,12.305022239685059,False
-6.319075345993042,9.659403562545776,12.305022239685059,False
-6.319075345993042,9.659403562545776,12.305022239685059,False
-6.319075345993042,9.659403562545776,12.305022239685059,False
-6.319075345993042,9.659403562545776,12.305022239685059,False
-6.319075345993042,9.659403562545776,12.305022239685059,False
-6.319075345993042,9.659403562545776,12.305022239685059,False
-6.319075345993042,9.659403562545776,12.305022239685059,False
-6.319075345993042,9.659403562545776,12.305022239685059,False
-6.319075345993042,9.659403562545776,12.305022239685059,False
-6.319075345993042,9.659403562545776,12.305022239685059,False
-6.319075345993042,9.659403562545776,12.305022239685059,False
-6.319075345993042,9.659403562545776,12.305022239685059,False
-6.319075345993042,9.659403562545776,12.305022239685059,False
-6.319075345993042,9.659403562545776,12.305022239685059,False
-6.319075345993042,9.659403562545776,12.305022239685059,False
-6.319075345993042,9.659403562545776,12.305022239685059,False
-6.319075345993042,9.659403562545776,12.305022239685059,False
-6.319075345993042,9.659403562545776,12.305022239685059,False
-6.319075345993042,9.659403562545776,12.305022239685059,False
-6.319075345993042,9.659403562545776,12.305022239685059,False
-6.319075345993042,9.659403562545776,12.305022239685059,False
-6.319075345993042,9.659403562545776,12.305022239685059,False
-6.319075345993042,9.659403562545776,12.305022239685059,False
-6.319075345993042,9.659403562545776,12.305022239685059,False
-6.319075345993042,9.659403562545776,12.305022239685059,False
-6.319075345993042,9.659403562545776,12.305022239685059,False
-6.319075345993042,9.659403562545776,12.305022239685059,False
-6.319075345993042,9.659403562545776,12.305022239685059,False
-6.319075345993042,9.659403562545776,12.305022239685059,False
-6.319075345993042,9.659403562545776,12.305022239685059,False
-6.319075345993042,9.659403562545776,12.305022239685059,False
-6.319075345993042,9.659403562545776,12.305022239685059,False
-6.319075345993042,9.659403562545776,12.305022239685059,False
-6.319075345993042,9.659403562545776,12.305022239685059,False
-6.319075345993042,9.659403562545776,12.305022239685059,False
-6.319075345993042,9.659403562545776,12.305022239685059,False
-6.319075345993042,9.659403562545776,12.305022239685059,False
-6.319075345993042,9.659403562545776,12.305022239685059,False
-6.319075345993042,9.659403562545776,12.305022239685059,False
-6.319075345993042,9.659403562545776,12.305022239685059,False
-6.319075345993042,9.659403562545776,12.305022239685059,False
-6.319075345993042,9.659403562545776,12.305022239685059,False
-6.319075345993042,9.659403562545776,12.305022239685059,False
-6.319075345993042,9.659403562545776,12.305022239685059,False
-6.319075345993042,9.659403562545776,12.305022239685059,False
-6.319075345993042,9.659403562545776,12.305022239685059,False
-6.319075345993042,9.659403562545776,12.305022239685059,False
-6.319075345993042,9.659403562545776,12.305022239685059,False
-6.319075345993042,9.659403562545776,12.305022239685059,False
-6.319075345993042,9.659403562545776,12.305022239685059,False
-6.319075345993042,9.659403562545776,12.305022239685059,False
-6.319075345993042,9.659403562545776,12.305022239685059,False
-6.319075345993042,9.659403562545776,12.305022239685059,False
-6.319075345993042,9.659403562545776,12.305022239685059,False
-6.319075345993042,9.659403562545776,12.305022239685059,False
-6.319075345993042,9.659403562545776,12.305022239685059,False
-6.319075345993042,9.659403562545776,12.305022239685059,False
-6.319075345993042,9.659403562545776,12.305022239685059,False
-6.319075345993042,9.659403562545776,12.305022239685059,False
-6.319075345993042,9.659403562545776,12.305022239685059,False
-6.319075345993042,9.659403562545776,12.305022239685059,False
-6.319075345993042,9.659403562545776,12.305022239685059,False
-6.319075345993042,9.659403562545776,12.305022239685059,False
-6.319075345993042,9.659403562545776,12.305022239685059,False
-6.319075345993042,9.659403562545776,12.305022239685059,False
-6.319075345993042,9.659403562545776,12.305022239685059,False
-6.319075345993042,9.659403562545776,12.305022239685059,False
-6.319075345993042,9.659403562545776,12.305022239685059,False
-6.319075345993042,9.659403562545776,12.305022239685059,False
-6.319075345993042,9.659403562545776,12.305022239685059,False
-6.319075345993042,9.659403562545776,12.305022239685059,False
-6.319075345993042,9.659403562545776,12.305022239685059,False
-6.319075345993042,9.659403562545776,12.305022239685059,False
-6.319075345993042,9.659403562545776,12.305022239685059,False
-6.319075345993042,9.659403562545776,12.305022239685059,False
-6.319075345993042,9.659403562545776,12.305022239685059,False
-6.319075345993042,9.659403562545776,12.305022239685059,False
-6.319075345993042,9.659403562545776,12.305022239685059,False
-6.319075345993042,9.659403562545776,12.305022239685059,False
-6.319075345993042,9.659403562545776,12.305022239685059,False
-6.319075345993042,9.659403562545776,12.305022239685059,False
-6.319075345993042,9.659403562545776,12.305022239685059,False
-6.319075345993042,9.659403562545776,12.305022239685059,False
-6.319075345993042,9.659403562545776,12.305022239685059,False
-6.319075345993042,9.659403562545776,12.305022239685059,False
-6.319075345993042,9.659403562545776,12.305022239685059,False
-6.319075345993042,9.659403562545776,12.305022239685059,False
-6.319075345993042,9.659403562545776,12.305022239685059,False
-6.319075345993042,9.659403562545776,12.305022239685059,False
-6.319075345993042,9.659403562545776,12.305022239685059,False
-6.319075345993042,9.659403562545776,12.305022239685059,False
-6.319075345993042,9.659403562545776,12.305022239685059,False
-6.319075345993042,9.659403562545776,12.305022239685059,False
-6.319075345993042,9.659403562545776,12.305022239685059,False
-6.319075345993042,9.659403562545776,12.305022239685059,False
-6.319075345993042,9.659403562545776,12.305022239685059,False
-6.319075345993042,9.659403562545776,12.305022239685059,False
-6.319075345993042,9.659403562545776,12.305022239685059,False
-6.319075345993042,9.659403562545776,12.305022239685059,False
-6.319075345993042,9.659403562545776,12.305022239685059,False
-6.319075345993042,9.659403562545776,12.305022239685059,False
-6.319075345993042,9.659403562545776,12.305022239685059,False
-6.319075345993042,9.659403562545776,12.305022239685059,False
-6.319075345993042,9.659403562545776,12.305022239685059,False
-6.319075345993042,9.659403562545776,12.305022239685059,False
-6.319075345993042,9.659403562545776,12.305022239685059,False
-6.319075345993042,9.659403562545776,12.305022239685059,False
-6.319075345993042,9.659403562545776,12.305022239685059,False
-6.319075345993042,9.659403562545776,12.305022239685059,False
-6.319075345993042,9.659403562545776,12.305022239685059,False
-6.319075345993042,9.659403562545776,12.305022239685059,False
-6.319075345993042,9.659403562545776,12.305022239685059,False
-6.319075345993042,9.659403562545776,12.305022239685059,False
-6.319075345993042,9.659403562545776,12.305022239685059,False
-6.319075345993042,9.659403562545776,12.305022239685059,False
-6.319075345993042,9.659403562545776,12.305022239685059,False
-6.319075345993042,9.659403562545776,12.305022239685059,False
-6.319075345993042,9.659403562545776,12.305022239685059,False
-6.319075345993042,9.659403562545776,12.305022239685059,False
-6.319075345993042,9.659403562545776,12.305022239685059,False
-6.319075345993042,9.659403562545776,12.305022239685059,False
-6.319075345993042,9.659403562545776,12.305022239685059,False
-6.319075345993042,9.659403562545776,12.305022239685059,False
-6.319075345993042,9.659403562545776,12.305022239685059,False
-6.319075345993042,9.659403562545776,12.305022239685059,False
-6.319075345993042,9.659403562545776,12.305022239685059,False
-6.319075345993042,9.659403562545776,12.305022239685059,False
-6.319075345993042,9.659403562545776,12.305022239685059,False
-6.319075345993042,9.659403562545776,12.305022239685059,False
-6.319075345993042,9.659403562545776,12.305022239685059,False
-6.319075345993042,9.659403562545776,12.305022239685059,False
-6.319075345993042,9.659403562545776,12.305022239685059,False
-6.319075345993042,9.659403562545776,12.305022239685059,False
-6.319075345993042,9.659403562545776,12.305022239685059,False
-6.319075345993042,9.659403562545776,12.305022239685059,False
-6.319075345993042,9.659403562545776,12.305022239685059,False
-6.319075345993042,9.659403562545776,12.305022239685059,False
-6.319075345993042,9.659403562545776,12.305022239685059,False
-6.319075345993042,9.659403562545776,12.305022239685059,False
-6.319075345993042,9.659403562545776,12.305022239685059,False
-6.319075345993042,9.659403562545776,12.305022239685059,False
-6.319075345993042,9.659403562545776,12.305022239685059,False
-6.319075345993042,9.659403562545776,12.305022239685059,False
-6.319075345993042,9.659403562545776,12.305022239685059,False
-6.319075345993042,9.659403562545776,12.305022239685059,False
-6.319075345993042,9.659403562545776,12.305022239685059,False
-6.319075345993042,9.659403562545776,12.305022239685059,False
-6.319075345993042,9.659403562545776,12.305022239685059,False
-6.319075345993042,9.659403562545776,12.305022239685059,False
-6.319075345993042,9.659403562545776,12.305022239685059,False
-6.319075345993042,9.659403562545776,12.305022239685059,False
-6.319075345993042,9.659403562545776,12.305022239685059,False
-6.319075345993042,9.659403562545776,12.305022239685059,False
-6.319075345993042,9.659403562545776,12.305022239685059,False
-6.319075345993042,9.659403562545776,12.305022239685059,False
-6.319075345993042,9.659403562545776,12.305022239685059,False
-6.319075345993042,9.659403562545776,12.305022239685059,False
-6.319075345993042,9.659403562545776,12.305022239685059,False
-6.319075345993042,9.659403562545776,12.305022239685059,False
-6.319075345993042,9.659403562545776,12.305022239685059,False
-6.319075345993042,9.659403562545776,12.305022239685059,False
-6.319075345993042,9.659403562545776,12.305022239685059,False
-6.319075345993042,9.659403562545776,12.305022239685059,False
-6.319075345993042,9.659403562545776,12.305022239685059,False
-6.319075345993042,9.659403562545776,12.305022239685059,False
-6.319075345993042,9.659403562545776,12.305022239685059,False
-6.319075345993042,9.659403562545776,12.305022239685059,False
-6.319075345993042,9.659403562545776,12.305022239685059,False
-6.319075345993042,9.659403562545776,12.305022239685059,False
-6.319075345993042,9.659403562545776,12.305022239685059,False
-6.319075345993042,9.659403562545776,12.305022239685059,False
-6.319075345993042,9.659403562545776,12.305022239685059,False
-6.319075345993042,9.659403562545776,12.305022239685059,False
-6.319075345993042,9.659403562545776,12.305022239685059,False
-6.319075345993042,9.659403562545776,12.305022239685059,False
-6.319075345993042,9.659403562545776,12.305022239685059,False
-6.319075345993042,9.659403562545776,12.305022239685059,False
-6.319075345993042,9.659403562545776,12.305022239685059,False
-6.319075345993042,9.659403562545776,12.305022239685059,False
-6.319075345993042,9.659403562545776,12.305022239685059,False
-6.319075345993042,9.659403562545776,12.305022239685059,False
-6.319075345993042,9.659403562545776,12.305022239685059,False
-6.319075345993042,9.659403562545776,12.305022239685059,False
-6.319075345993042,9.659403562545776,12.305022239685059,False
-6.319075345993042,9.659403562545776,12.305022239685059,False
-6.319075345993042,9.659403562545776,12.305022239685059,False
-6.319075345993042,9.659403562545776,12.305022239685059,False
-6.319075345993042,9.659403562545776,12.305022239685059,False
-6.319075345993042,9.659403562545776,12.305022239685059,False
-6.319075345993042,9.659403562545776,12.305022239685059,False
-6.319075345993042,9.659403562545776,12.305022239685059,False
-6.319075345993042,9.659403562545776,12.305022239685059,False
-6.319075345993042,9.659403562545776,12.305022239685059,False
-6.319075345993042,9.659403562545776,12.305022239685059,False
-6.319075345993042,9.659403562545776,12.305022239685059,False
-6.319075345993042,9.659403562545776,12.305022239685059,False
-6.319075345993042,9.659403562545776,12.305022239685059,False
-6.319075345993042,9.659403562545776,12.305022239685059,False
-6.319075345993042,9.659403562545776,12.305022239685059,False
-6.319075345993042,9.659403562545776,12.305022239685059,False
-6.319075345993042,9.659403562545776,12.305022239685059,False
-6.319075345993042,9.659403562545776,12.305022239685059,False
-6.319075345993042,9.659403562545776,12.305022239685059,False
-6.319075345993042,9.659403562545776,12.305022239685059,False
-6.319075345993042,9.659403562545776,12.305022239685059,False
-6.319075345993042,9.659403562545776,12.305022239685059,False
-6.319075345993042,9.659403562545776,12.305022239685059,False
-6.319075345993042,9.659403562545776,12.305022239685059,False
-6.319075345993042,9.659403562545776,12.305022239685059,False
-6.319075345993042,9.659403562545776,12.305022239685059,False
-6.319075345993042,9.659403562545776,12.305022239685059,False
-6.319075345993042,9.659403562545776,12.305022239685059,False
-6.319075345993042,9.659403562545776,12.305022239685059,False
-6.319075345993042,9.659403562545776,12.305022239685059,False
-6.319075345993042,9.659403562545776,12.305022239685059,False
-6.319075345993042,9.659403562545776,12.305022239685059,False
-6.319075345993042,9.659403562545776,12.305022239685059,False
-6.319075345993042,9.659403562545776,12.305022239685059,False
-6.319075345993042,9.659403562545776,12.305022239685059,False
-6.319075345993042,9.659403562545776,12.305022239685059,False
-6.319075345993042,9.659403562545776,12.305022239685059,False
-6.319075345993042,9.659403562545776,12.305022239685059,False
-6.319075345993042,9.659403562545776,12.305022239685059,False
-6.319075345993042,9.659403562545776,12.305022239685059,False
-6.319075345993042,9.659403562545776,12.305022239685059,False
-6.319075345993042,9.659403562545776,12.305022239685059,False
-6.319075345993042,9.659403562545776,12.305022239685059,False
-6.319075345993042,9.659403562545776,12.305022239685059,False
-6.319075345993042,9.659403562545776,12.305022239685059,False
-6.319075345993042,9.659403562545776,12.305022239685059,False
-6.319075345993042,9.659403562545776,12.305022239685059,False
-6.319075345993042,9.659403562545776,12.305022239685059,False
-6.319075345993042,9.659403562545776,12.305022239685059,False
-6.319075345993042,9.659403562545776,12.305022239685059,False
-6.319075345993042,9.659403562545776,12.305022239685059,False
-6.319075345993042,9.659403562545776,12.305022239685059,False
-6.319075345993042,9.659403562545776,12.305022239685059,False
-6.319075345993042,9.659403562545776,12.305022239685059,False
-6.319075345993042,9.659403562545776,12.305022239685059,False
-6.319075345993042,9.659403562545776,12.305022239685059,False
-6.319075345993042,9.659403562545776,12.305022239685059,False
-6.319075345993042,9.659403562545776,12.305022239685059,False
-6.319075345993042,9.659403562545776,12.305022239685059,False
-6.319075345993042,9.659403562545776,12.305022239685059,False
-6.319075345993042,9.659403562545776,12.305022239685059,False
-6.319075345993042,9.659403562545776,12.305022239685059,False
-6.319075345993042,9.659403562545776,12.305022239685059,False
-6.319075345993042,9.659403562545776,12.305022239685059,False
-6.319075345993042,9.659403562545776,12.305022239685059,False
-6.319075345993042,9.659403562545776,12.305022239685059,False
-6.319075345993042,9.659403562545776,12.305022239685059,False
-6.319075345993042,9.659403562545776,12.305022239685059,False
-6.319075345993042,9.659403562545776,12.305022239685059,False
-6.319075345993042,9.659403562545776,12.305022239685059,False
-6.319075345993042,9.659403562545776,12.305022239685059,False
-6.319075345993042,9.659403562545776,12.305022239685059,False
-6.319075345993042,9.659403562545776,12.305022239685059,False
-6.319075345993042,9.659403562545776,12.305022239685059,False
-6.319075345993042,9.659403562545776,12.305022239685059,False
-6.319075345993042,9.659403562545776,12.305022239685059,False
-6.319075345993042,9.659403562545776,12.305022239685059,False
-6.319075345993042,9.659403562545776,12.305022239685059,False
-6.319075345993042,9.659403562545776,12.305022239685059,False
-6.319075345993042,9.659403562545776,12.305022239685059,False
-6.319075345993042,9.659403562545776,12.305022239685059,False
-6.319075345993042,9.659403562545776,12.305022239685059,False
-6.319075345993042,9.659403562545776,12.305022239685059,False
-6.319075345993042,9.659403562545776,12.305022239685059,False
-6.319075345993042,9.659403562545776,12.305022239685059,False
-6.319075345993042,9.659403562545776,12.305022239685059,False
-6.319075345993042,9.659403562545776,12.305022239685059,False
-6.319075345993042,9.659403562545776,12.305022239685059,False
-6.319075345993042,9.659403562545776,12.305022239685059,False
-6.319075345993042,9.659403562545776,12.305022239685059,False
-6.319075345993042,9.659403562545776,12.305022239685059,False
-6.319075345993042,9.659403562545776,12.305022239685059,False
-6.319075345993042,9.659403562545776,12.305022239685059,False
-6.319075345993042,9.659403562545776,12.305022239685059,False
-6.319075345993042,9.659403562545776,12.305022239685059,False
-6.319075345993042,9.659403562545776,12.305022239685059,False
-6.319075345993042,9.659403562545776,12.305022239685059,False
-6.319075345993042,9.659403562545776,12.305022239685059,False
-6.319075345993042,9.659403562545776,12.305022239685059,False
-6.319075345993042,9.659403562545776,12.305022239685059,False
-6.319075345993042,9.659403562545776,12.305022239685059,False
-6.319075345993042,9.659403562545776,12.305022239685059,False
-6.319075345993042,9.659403562545776,12.305022239685059,False
-6.319075345993042,9.659403562545776,12.305022239685059,False
-6.319075345993042,9.659403562545776,12.305022239685059,False
-6.319075345993042,9.659403562545776,12.305022239685059,False
-6.319075345993042,9.659403562545776,12.305022239685059,False
-6.319075345993042,9.659403562545776,12.305022239685059,False
-6.319075345993042,9.659403562545776,12.305022239685059,False
-6.319075345993042,9.659403562545776,12.305022239685059,False
-6.319075345993042,9.659403562545776,12.305022239685059,False
-6.319075345993042,9.659403562545776,12.305022239685059,False
-6.319075345993042,9.659403562545776,12.305022239685059,False
-6.319075345993042,9.659403562545776,12.305022239685059,False
-6.319075345993042,9.659403562545776,12.305022239685059,False
-6.319075345993042,9.659403562545776,12.305022239685059,False
-6.319075345993042,9.659403562545776,12.305022239685059,False
-6.319075345993042,9.659403562545776,12.305022239685059,False
-6.319075345993042,9.659403562545776,12.305022239685059,False
-6.319075345993042,9.659403562545776,12.305022239685059,False
-6.319075345993042,9.659403562545776,12.305022239685059,False
-6.319075345993042,9.659403562545776,12.305022239685059,False
-6.319075345993042,9.659403562545776,12.305022239685059,False
-6.319075345993042,9.659403562545776,12.305022239685059,False
-6.319075345993042,9.659403562545776,12.305022239685059,False
-6.319075345993042,9.659403562545776,12.305022239685059,False
-6.319075345993042,9.659403562545776,12.305022239685059,False
-6.319075345993042,9.659403562545776,12.305022239685059,False
-6.319075345993042,9.659403562545776,12.305022239685059,False
-6.319075345993042,9.659403562545776,12.305022239685059,False
-6.319075345993042,9.659403562545776,12.305022239685059,False
-6.319075345993042,9.659403562545776,12.305022239685059,False
-6.319075345993042,9.659403562545776,12.305022239685059,False
-6.319075345993042,9.659403562545776,12.305022239685059,False
-6.319075345993042,9.659403562545776,12.305022239685059,False
-6.319075345993042,9.659403562545776,12.305022239685059,False
-6.319075345993042,9.659403562545776,12.305022239685059,False
-6.319075345993042,9.659403562545776,12.305022239685059,False
-6.319075345993042,9.659403562545776,12.305022239685059,False
-6.319075345993042,9.659403562545776,12.305022239685059,False
-6.319075345993042,9.659403562545776,12.305022239685059,False
-6.319075345993042,9.659403562545776,12.305022239685059,False
-6.319075345993042,9.659403562545776,12.305022239685059,False
-6.319075345993042,9.659403562545776,12.305022239685059,False
-6.319075345993042,9.659403562545776,12.305022239685059,False
-6.319075345993042,9.659403562545776,12.305022239685059,False
-6.319075345993042,9.659403562545776,12.305022239685059,False
-6.319075345993042,9.659403562545776,12.305022239685059,False
-6.319075345993042,9.659403562545776,12.305022239685059,False
-6.319075345993042,9.659403562545776,12.305022239685059,False
-6.319075345993042,9.659403562545776,12.305022239685059,False
-6.319075345993042,9.659403562545776,12.305022239685059,False
-6.319075345993042,9.659403562545776,12.305022239685059,False
-6.319075345993042,9.659403562545776,12.305022239685059,False
-6.319075345993042,9.659403562545776,12.305022239685059,False
-6.319075345993042,9.659403562545776,12.305022239685059,False
-6.319075345993042,9.659403562545776,12.305022239685059,False
-6.319075345993042,9.659403562545776,12.305022239685059,False
-6.319075345993042,9.659403562545776,12.305022239685059,False
-6.319075345993042,9.659403562545776,12.305022239685059,False
-6.319075345993042,9.659403562545776,12.305022239685059,False
-6.319075345993042,9.659403562545776,12.305022239685059,False
-6.319075345993042,9.659403562545776,12.305022239685059,False
-6.319075345993042,9.659403562545776,12.305022239685059,False
-6.319075345993042,9.659403562545776,12.305022239685059,False
-6.319075345993042,9.659403562545776,12.305022239685059,False
-6.319075345993042,9.659403562545776,12.305022239685059,False
-6.319075345993042,9.659403562545776,12.305022239685059,False
-6.319075345993042,9.659403562545776,12.305022239685059,False
-6.319075345993042,9.659403562545776,12.305022239685059,False
-6.319075345993042,9.659403562545776,12.305022239685059,False
-6.319075345993042,9.659403562545776,12.305022239685059,False
-6.319075345993042,9.659403562545776,12.305022239685059,False
-6.319075345993042,9.659403562545776,12.305022239685059,False
-6.319075345993042,9.659403562545776,12.305022239685059,False
-6.319075345993042,9.659403562545776,12.305022239685059,False
-6.319075345993042,9.659403562545776,12.305022239685059,False
-6.319075345993042,9.659403562545776,12.305022239685059,False
-6.319075345993042,9.659403562545776,12.305022239685059,False
-6.319075345993042,9.659403562545776,12.305022239685059,False
-6.319075345993042,9.659403562545776,12.305022239685059,False
-6.319075345993042,9.659403562545776,12.305022239685059,False
-6.319075345993042,9.659403562545776,12.305022239685059,False
-6.319075345993042,9.659403562545776,12.305022239685059,False
-6.319075345993042,9.659403562545776,12.305022239685059,False
-6.319075345993042,9.659403562545776,12.305022239685059,False
-6.319075345993042,9.659403562545776,12.305022239685059,False
-6.319075345993042,9.659403562545776,12.305022239685059,False
-6.319075345993042,9.659403562545776,12.305022239685059,False
-6.319075345993042,9.659403562545776,12.305022239685059,False
-6.319075345993042,9.659403562545776,12.305022239685059,False
-6.319075345993042,9.659403562545776,12.305022239685059,False
-6.319075345993042,9.659403562545776,12.305022239685059,False
-6.319075345993042,9.659403562545776,12.305022239685059,False
-6.319075345993042,9.659403562545776,12.305022239685059,False
-6.319075345993042,9.659403562545776,12.305022239685059,False
-6.319075345993042,9.659403562545776,12.305022239685059,False
-6.319075345993042,9.659403562545776,12.305022239685059,False
-6.319075345993042,9.659403562545776,12.305022239685059,False
-6.319075345993042,9.659403562545776,12.305022239685059,False
-6.319075345993042,9.659403562545776,12.305022239685059,False
-6.319075345993042,9.659403562545776,12.305022239685059,False
-6.319075345993042,9.659403562545776,12.305022239685059,False
-6.319075345993042,9.659403562545776,12.305022239685059,False
-6.319075345993042,9.659403562545776,12.305022239685059,False
-6.319075345993042,9.659403562545776,12.305022239685059,False
-6.319075345993042,9.659403562545776,12.305022239685059,False
-6.319075345993042,9.659403562545776,12.305022239685059,False
-6.319075345993042,9.659403562545776,12.305022239685059,False
-6.319075345993042,9.659403562545776,12.305022239685059,False
-6.319075345993042,9.659403562545776,12.305022239685059,False
-6.319075345993042,9.659403562545776,12.305022239685059,False
-6.319075345993042,9.659403562545776,12.305022239685059,False
-6.319075345993042,9.659403562545776,12.305022239685059,False
-6.319075345993042,9.659403562545776,12.305022239685059,False
-6.319075345993042,9.659403562545776,12.305022239685059,False
-6.319075345993042,9.659403562545776,12.305022239685059,False
-6.319075345993042,9.659403562545776,12.305022239685059,False
-6.319075345993042,9.659403562545776,12.305022239685059,False
-6.319075345993042,9.659403562545776,12.305022239685059,False
-6.319075345993042,9.659403562545776,12.305022239685059,False
-6.319075345993042,9.659403562545776,12.305022239685059,False
-6.319075345993042,9.659403562545776,12.305022239685059,False
-6.319075345993042,9.659403562545776,12.305022239685059,False
-6.319075345993042,9.659403562545776,12.305022239685059,False
-6.319075345993042,9.659403562545776,12.305022239685059,False
-6.319075345993042,9.659403562545776,12.305022239685059,False
-6.319075345993042,9.659403562545776,12.305022239685059,False
-6.319075345993042,9.659403562545776,12.305022239685059,False
-6.319075345993042,9.659403562545776,12.305022239685059,False
-6.319075345993042,9.659403562545776,12.305022239685059,False
-6.319075345993042,9.659403562545776,12.305022239685059,False
-6.319075345993042,9.659403562545776,12.305022239685059,False
-6.319075345993042,9.659403562545776,12.305022239685059,False
-6.319075345993042,9.659403562545776,12.305022239685059,False
-6.319075345993042,9.659403562545776,12.305022239685059,False
-6.319075345993042,9.659403562545776,12.305022239685059,False
-6.319075345993042,9.659403562545776,12.305022239685059,False
-6.319075345993042,9.659403562545776,12.305022239685059,False
-6.319075345993042,9.659403562545776,12.305022239685059,False
-6.319075345993042,9.659403562545776,12.305022239685059,False
-6.319075345993042,9.659403562545776,12.305022239685059,False
-6.319075345993042,9.659403562545776,12.305022239685059,False
-6.319075345993042,9.659403562545776,12.305022239685059,False
-6.319075345993042,9.659403562545776,12.305022239685059,False
-6.319075345993042,9.659403562545776,12.305022239685059,False
-6.319075345993042,9.659403562545776,12.305022239685059,False
-6.319075345993042,9.659403562545776,12.305022239685059,False
-6.319075345993042,9.659403562545776,12.305022239685059,False
-6.319075345993042,9.659403562545776,12.305022239685059,False
-6.319075345993042,9.659403562545776,12.305022239685059,False
-6.319075345993042,9.659403562545776,12.305022239685059,False
-6.319075345993042,9.659403562545776,12.305022239685059,False
-6.319075345993042,9.659403562545776,12.305022239685059,False
-6.319075345993042,9.659403562545776,12.305022239685059,False
-6.319075345993042,9.659403562545776,12.305022239685059,False
-6.319075345993042,9.659403562545776,12.305022239685059,False
-6.319075345993042,9.659403562545776,12.305022239685059,False
-6.319075345993042,9.659403562545776,12.305022239685059,False
-6.319075345993042,9.659403562545776,12.305022239685059,False
-6.319075345993042,9.659403562545776,12.305022239685059,False
-6.319075345993042,9.659403562545776,12.305022239685059,False
-6.319075345993042,9.659403562545776,12.305022239685059,False
-6.319075345993042,9.659403562545776,12.305022239685059,False
-6.319075345993042,9.659403562545776,12.305022239685059,False
-6.319075345993042,9.659403562545776,12.305022239685059,False
-6.319075345993042,9.659403562545776,12.305022239685059,False
-6.319075345993042,9.659403562545776,12.305022239685059,False
-6.319075345993042,9.659403562545776,12.305022239685059,False
-6.319075345993042,9.659403562545776,12.305022239685059,False
-6.319075345993042,9.659403562545776,12.305022239685059,False
-6.319075345993042,9.659403562545776,12.305022239685059,False
-6.319075345993042,9.659403562545776,12.305022239685059,False
-6.319075345993042,9.659403562545776,12.305022239685059,False
-6.319075345993042,9.659403562545776,12.305022239685059,False
-6.319075345993042,9.659403562545776,12.305022239685059,False
-6.319075345993042,9.659403562545776,12.305022239685059,False
-6.319075345993042,9.659403562545776,12.305022239685059,False
-6.319075345993042,9.659403562545776,12.305022239685059,False
-6.319075345993042,9.659403562545776,12.305022239685059,False
-6.319075345993042,9.659403562545776,12.305022239685059,False
-6.319075345993042,9.659403562545776,12.305022239685059,False
-6.319075345993042,9.659403562545776,12.305022239685059,False
-6.319075345993042,9.659403562545776,12.305022239685059,False
-6.319075345993042,9.659403562545776,12.305022239685059,False
-6.319075345993042,9.659403562545776,12.305022239685059,False
-6.319075345993042,9.659403562545776,12.305022239685059,False
-6.319075345993042,9.659403562545776,12.305022239685059,False
-6.319075345993042,9.659403562545776,12.305022239685059,False
-6.319075345993042,9.659403562545776,12.305022239685059,False
-6.319075345993042,9.659403562545776,12.305022239685059,False
-6.319075345993042,9.659403562545776,12.305022239685059,False
-6.319075345993042,9.659403562545776,12.305022239685059,False
-6.319075345993042,9.659403562545776,12.305022239685059,False
-6.319075345993042,9.659403562545776,12.305022239685059,False
-6.319075345993042,9.659403562545776,12.305022239685059,False
-6.319075345993042,9.659403562545776,12.305022239685059,False
-6.319075345993042,9.659403562545776,12.305022239685059,False
-6.319075345993042,9.659403562545776,12.305022239685059,False
-6.319075345993042,9.659403562545776,12.305022239685059,False
-6.319075345993042,9.659403562545776,12.305022239685059,False
-6.319075345993042,9.659403562545776,12.305022239685059,False
-6.319075345993042,9.659403562545776,12.305022239685059,False
-6.319075345993042,9.659403562545776,12.305022239685059,False
-6.319075345993042,9.659403562545776,12.305022239685059,False
-6.319075345993042,9.659403562545776,12.305022239685059,False
-6.319075345993042,9.659403562545776,12.305022239685059,False
-6.319075345993042,9.659403562545776,12.305022239685059,False
-6.319075345993042,9.659403562545776,12.305022239685059,False
-6.319075345993042,9.659403562545776,12.305022239685059,False
-6.319075345993042,9.659403562545776,12.305022239685059,False
-6.319075345993042,9.659403562545776,12.305022239685059,False
-6.319075345993042,9.659403562545776,12.305022239685059,False
-6.319075345993042,9.659403562545776,12.305022239685059,False
-6.319075345993042,9.659403562545776,12.305022239685059,False
-6.319075345993042,9.659403562545776,12.305022239685059,False
-6.319075345993042,9.659403562545776,12.305022239685059,False
-6.319075345993042,9.659403562545776,12.305022239685059,False
-6.319075345993042,9.659403562545776,12.305022239685059,False
-6.319075345993042,9.659403562545776,12.305022239685059,False
-6.319075345993042,9.659403562545776,12.305022239685059,False
-6.319075345993042,9.659403562545776,12.305022239685059,False
-6.319075345993042,9.659403562545776,12.305022239685059,False
-6.319075345993042,9.659403562545776,12.305022239685059,False
-6.319075345993042,9.659403562545776,12.305022239685059,False
-6.319075345993042,9.659403562545776,12.305022239685059,False
-6.319075345993042,9.659403562545776,12.305022239685059,False
-6.319075345993042,9.659403562545776,12.305022239685059,False
-6.319075345993042,9.659403562545776,12.305022239685059,False
-6.319075345993042,9.659403562545776,12.305022239685059,False
-6.319075345993042,9.659403562545776,12.305022239685059,False
-6.319075345993042,9.659403562545776,12.305022239685059,False
-6.319075345993042,9.659403562545776,12.305022239685059,False
-6.319075345993042,9.659403562545776,12.305022239685059,False
-6.319075345993042,9.659403562545776,12.305022239685059,False
-6.319075345993042,9.659403562545776,12.305022239685059,False
-6.319075345993042,9.659403562545776,12.305022239685059,False
-6.319075345993042,9.659403562545776,12.305022239685059,False
-6.319075345993042,9.659403562545776,12.305022239685059,False
-6.319075345993042,9.659403562545776,12.305022239685059,False
-6.319075345993042,9.659403562545776,12.305022239685059,False
-6.319075345993042,9.659403562545776,12.305022239685059,False
-6.319075345993042,9.659403562545776,12.305022239685059,False
-6.319075345993042,9.659403562545776,12.305022239685059,False
-6.319075345993042,9.659403562545776,12.305022239685059,False
-6.319075345993042,9.659403562545776,12.305022239685059,False
-6.319075345993042,9.659403562545776,12.305022239685059,False
-6.319075345993042,9.659403562545776,12.305022239685059,False
-6.319075345993042,9.659403562545776,12.305022239685059,False
-6.319075345993042,9.659403562545776,12.305022239685059,False
-6.319075345993042,9.659403562545776,12.305022239685059,False
-6.319075345993042,9.659403562545776,12.305022239685059,False
-6.319075345993042,9.659403562545776,12.305022239685059,False
-6.319075345993042,9.659403562545776,12.305022239685059,False
-6.319075345993042,9.659403562545776,12.305022239685059,False
-6.319075345993042,9.659403562545776,12.305022239685059,False
-6.319075345993042,9.659403562545776,12.305022239685059,False
-6.319075345993042,9.659403562545776,12.305022239685059,False
-6.319075345993042,9.659403562545776,12.305022239685059,False
-6.319075345993042,9.659403562545776,12.305022239685059,False
-6.319075345993042,9.659403562545776,12.305022239685059,False
-6.319075345993042,9.659403562545776,12.305022239685059,False
-6.319075345993042,9.659403562545776,12.305022239685059,False
-6.319075345993042,9.659403562545776,12.305022239685059,False
-6.319075345993042,9.659403562545776,12.305022239685059,False
-6.319075345993042,9.659403562545776,12.305022239685059,False
-6.319075345993042,9.659403562545776,12.305022239685059,False
-6.319075345993042,9.659403562545776,12.305022239685059,False
-6.319075345993042,9.659403562545776,12.305022239685059,False
-6.319075345993042,9.659403562545776,12.305022239685059,False
-6.319075345993042,9.659403562545776,12.305022239685059,False
-6.319075345993042,9.659403562545776,12.305022239685059,False
-6.319075345993042,9.659403562545776,12.305022239685059,False
-6.319075345993042,9.659403562545776,12.305022239685059,False
-6.319075345993042,9.659403562545776,12.305022239685059,False
-6.319075345993042,9.659403562545776,12.305022239685059,False
-6.319075345993042,9.659403562545776,12.305022239685059,False
-6.319075345993042,9.659403562545776,12.305022239685059,False
-6.319075345993042,9.659403562545776,12.305022239685059,False
-6.319075345993042,9.659403562545776,12.305022239685059,False
-6.319075345993042,9.659403562545776,12.305022239685059,False
-6.319075345993042,9.659403562545776,12.305022239685059,False
-6.319075345993042,9.659403562545776,12.305022239685059,False
-6.319075345993042,9.659403562545776,12.305022239685059,False
-6.319075345993042,9.659403562545776,12.305022239685059,False
-6.319075345993042,9.659403562545776,12.305022239685059,False
-6.319075345993042,9.659403562545776,12.305022239685059,False
-6.319075345993042,9.659403562545776,12.305022239685059,False
-6.319075345993042,9.659403562545776,12.305022239685059,False
-6.319075345993042,9.659403562545776,12.305022239685059,False
-6.319075345993042,9.659403562545776,12.305022239685059,False
-6.319075345993042,9.659403562545776,12.305022239685059,False
-6.319075345993042,9.659403562545776,12.305022239685059,False
-6.319075345993042,9.659403562545776,12.305022239685059,False
-6.319075345993042,9.659403562545776,12.305022239685059,False
-6.319075345993042,9.659403562545776,12.305022239685059,False
-6.319075345993042,9.659403562545776,12.305022239685059,False
-6.319075345993042,9.659403562545776,12.305022239685059,False
-6.319075345993042,9.659403562545776,12.305022239685059,False
-6.319075345993042,9.659403562545776,12.305022239685059,False
-6.319075345993042,9.659403562545776,12.305022239685059,False
-6.319075345993042,9.659403562545776,12.305022239685059,False
-6.319075345993042,9.659403562545776,12.305022239685059,False
-6.319075345993042,9.659403562545776,12.305022239685059,False
-6.319075345993042,9.659403562545776,12.305022239685059,False
-6.319075345993042,9.659403562545776,12.305022239685059,False
-6.319075345993042,9.659403562545776,12.305022239685059,False
-6.319075345993042,9.659403562545776,12.305022239685059,False
-6.319075345993042,9.659403562545776,12.305022239685059,False
-6.319075345993042,9.659403562545776,12.305022239685059,False
-6.319075345993042,9.659403562545776,12.305022239685059,False
-6.319075345993042,9.659403562545776,12.305022239685059,False
-6.319075345993042,9.659403562545776,12.305022239685059,False
-6.319075345993042,9.659403562545776,12.305022239685059,False
-6.319075345993042,9.659403562545776,12.305022239685059,False
-6.319075345993042,9.659403562545776,12.305022239685059,False
-6.319075345993042,9.659403562545776,12.305022239685059,False
-6.319075345993042,9.659403562545776,12.305022239685059,False
-6.319075345993042,9.659403562545776,12.305022239685059,False
-6.319075345993042,9.659403562545776,12.305022239685059,False
-6.319075345993042,9.659403562545776,12.305022239685059,False
-6.319075345993042,9.659403562545776,12.305022239685059,False
-6.319075345993042,9.659403562545776,12.305022239685059,False
-6.319075345993042,9.659403562545776,12.305022239685059,False
-6.319075345993042,9.659403562545776,12.305022239685059,False
-6.319075345993042,9.659403562545776,12.305022239685059,False
-6.319075345993042,9.659403562545776,12.305022239685059,False
-6.319075345993042,9.659403562545776,12.305022239685059,False
-6.319075345993042,9.659403562545776,12.305022239685059,False
-6.319075345993042,9.659403562545776,12.305022239685059,False
-6.319075345993042,9.659403562545776,12.305022239685059,False
-6.319075345993042,9.659403562545776,12.305022239685059,False
-6.319075345993042,9.659403562545776,12.305022239685059,False
-6.319075345993042,9.659403562545776,12.305022239685059,False
-6.319075345993042,9.659403562545776,12.305022239685059,False
-6.319075345993042,9.659403562545776,12.305022239685059,False
-6.319075345993042,9.659403562545776,12.305022239685059,False
-6.319075345993042,9.659403562545776,12.305022239685059,False
-6.319075345993042,9.659403562545776,12.305022239685059,False
-6.319075345993042,9.659403562545776,12.305022239685059,False
-6.319075345993042,9.659403562545776,12.305022239685059,False
-6.319075345993042,9.659403562545776,12.305022239685059,False
-6.319075345993042,9.659403562545776,12.305022239685059,False
-6.319075345993042,9.659403562545776,12.305022239685059,False
-6.319075345993042,9.659403562545776,12.305022239685059,False
-6.319075345993042,9.659403562545776,12.305022239685059,False
-6.319075345993042,9.659403562545776,12.305022239685059,False
-6.319075345993042,9.659403562545776,12.305022239685059,False
-6.319075345993042,9.659403562545776,12.305022239685059,False
-6.319075345993042,9.659403562545776,12.305022239685059,False
-6.319075345993042,9.659403562545776,12.305022239685059,False
-6.319075345993042,9.659403562545776,12.305022239685059,False
-6.319075345993042,9.659403562545776,12.305022239685059,False
-6.319075345993042,9.659403562545776,12.305022239685059,False
-6.319075345993042,9.659403562545776,12.305022239685059,False
-6.319075345993042,9.659403562545776,12.305022239685059,False
-6.319075345993042,9.659403562545776,12.305022239685059,False
-6.319075345993042,9.659403562545776,12.305022239685059,False
-6.319075345993042,9.659403562545776,12.305022239685059,False
-6.319075345993042,9.659403562545776,12.305022239685059,False
-6.319075345993042,9.659403562545776,12.305022239685059,False
-6.319075345993042,9.659403562545776,12.305022239685059,False
-6.319075345993042,9.659403562545776,12.305022239685059,False
-6.319075345993042,9.659403562545776,12.305022239685059,False
-6.319075345993042,9.659403562545776,12.305022239685059,False
-6.319075345993042,9.659403562545776,12.305022239685059,False
-6.319075345993042,9.659403562545776,12.305022239685059,False
-6.319075345993042,9.659403562545776,12.305022239685059,False
-6.319075345993042,9.659403562545776,12.305022239685059,False
-6.319075345993042,9.659403562545776,12.305022239685059,False
-6.319075345993042,9.659403562545776,12.305022239685059,False
-6.319075345993042,9.659403562545776,12.305022239685059,False
-6.319075345993042,9.659403562545776,12.305022239685059,False
-6.319075345993042,9.659403562545776,12.305022239685059,False
-6.319075345993042,9.659403562545776,12.305022239685059,False
-6.319075345993042,9.659403562545776,12.305022239685059,False
-6.319075345993042,9.659403562545776,12.305022239685059,False
-6.319075345993042,9.659403562545776,12.305022239685059,False
-6.319075345993042,9.659403562545776,12.305022239685059,False
-6.319075345993042,9.659403562545776,12.305022239685059,False
-6.319075345993042,9.659403562545776,12.305022239685059,False
-6.319075345993042,9.659403562545776,12.305022239685059,False
-6.319075345993042,9.659403562545776,12.305022239685059,False
-6.319075345993042,9.659403562545776,12.305022239685059,False
-6.319075345993042,9.659403562545776,12.305022239685059,False
-6.319075345993042,9.659403562545776,12.305022239685059,False
-6.319075345993042,9.659403562545776,12.305022239685059,False
-6.319075345993042,9.659403562545776,12.305022239685059,False
-6.319075345993042,9.659403562545776,12.305022239685059,False
-6.319075345993042,9.659403562545776,12.305022239685059,False
-6.319075345993042,9.659403562545776,12.305022239685059,False
-6.319075345993042,9.659403562545776,12.305022239685059,False
-6.319075345993042,9.659403562545776,12.305022239685059,False
-6.319075345993042,9.659403562545776,12.305022239685059,False
-6.319075345993042,9.659403562545776,12.305022239685059,False
-6.319075345993042,9.659403562545776,12.305022239685059,False
-6.319075345993042,9.659403562545776,12.305022239685059,False
-6.319075345993042,9.659403562545776,12.305022239685059,False
-6.319075345993042,9.659403562545776,12.305022239685059,False
-6.319075345993042,9.659403562545776,12.305022239685059,False
-6.319075345993042,9.659403562545776,12.305022239685059,False
-6.319075345993042,9.659403562545776,12.305022239685059,False
-6.319075345993042,9.659403562545776,12.305022239685059,False
-6.319075345993042,9.659403562545776,12.305022239685059,False
-6.319075345993042,9.659403562545776,12.305022239685059,False
-6.319075345993042,9.659403562545776,12.305022239685059,False
-6.319075345993042,9.659403562545776,12.305022239685059,False
-6.319075345993042,9.659403562545776,12.305022239685059,False
-6.319075345993042,9.659403562545776,12.305022239685059,False
-6.319075345993042,9.659403562545776,12.305022239685059,False
-6.319075345993042,9.659403562545776,12.305022239685059,False
-6.319075345993042,9.659403562545776,12.305022239685059,False
-6.319075345993042,9.659403562545776,12.305022239685059,False
-6.319075345993042,9.659403562545776,12.305022239685059,False
-6.319075345993042,9.659403562545776,12.305022239685059,False
-6.319075345993042,9.659403562545776,12.305022239685059,False
-6.319075345993042,9.659403562545776,12.305022239685059,False
-6.319075345993042,9.659403562545776,12.305022239685059,False
-6.319075345993042,9.659403562545776,12.305022239685059,False
-6.319075345993042,9.659403562545776,12.305022239685059,False
-6.319075345993042,9.659403562545776,12.305022239685059,False
-6.319075345993042,9.659403562545776,12.305022239685059,False
-6.319075345993042,9.659403562545776,12.305022239685059,False
-6.319075345993042,9.659403562545776,12.305022239685059,False
-6.319075345993042,9.659403562545776,12.305022239685059,False
-6.319075345993042,9.659403562545776,12.305022239685059,False
-6.319075345993042,9.659403562545776,12.305022239685059,False
-6.319075345993042,9.659403562545776,12.305022239685059,False
-6.319075345993042,9.659403562545776,12.305022239685059,False
-6.319075345993042,9.659403562545776,12.305022239685059,False
-6.319075345993042,9.659403562545776,12.305022239685059,False
-6.319075345993042,9.659403562545776,12.305022239685059,False
-6.319075345993042,9.659403562545776,12.305022239685059,False
-6.319075345993042,9.659403562545776,12.305022239685059,False
-6.319075345993042,9.659403562545776,12.305022239685059,False
-6.319075345993042,9.659403562545776,12.305022239685059,False
-6.319075345993042,9.659403562545776,12.305022239685059,False
-6.319075345993042,9.659403562545776,12.305022239685059,False
-6.319075345993042,9.659403562545776,12.305022239685059,False
-6.319075345993042,9.659403562545776,12.305022239685059,False
-6.319075345993042,9.659403562545776,12.305022239685059,False
-6.319075345993042,9.659403562545776,12.305022239685059,False
-6.319075345993042,9.659403562545776,12.305022239685059,False
-6.319075345993042,9.659403562545776,12.305022239685059,False
-6.319075345993042,9.659403562545776,12.305022239685059,False
-6.319075345993042,9.659403562545776,12.305022239685059,False
-6.319075345993042,9.659403562545776,12.305022239685059,False
-6.319075345993042,9.659403562545776,12.305022239685059,False
-6.319075345993042,9.659403562545776,12.305022239685059,False
-6.319075345993042,9.659403562545776,12.305022239685059,False
-6.319075345993042,9.659403562545776,12.305022239685059,False
-6.319075345993042,9.659403562545776,12.305022239685059,False
-6.319075345993042,9.659403562545776,12.305022239685059,False
-6.319075345993042,9.659403562545776,12.305022239685059,False
-6.319075345993042,9.659403562545776,12.305022239685059,False
-6.319075345993042,9.659403562545776,12.305022239685059,False
-6.319075345993042,9.659403562545776,12.305022239685059,False
-6.319075345993042,9.659403562545776,12.305022239685059,False
-6.319075345993042,9.659403562545776,12.305022239685059,False
-6.319075345993042,9.659403562545776,12.305022239685059,False
-6.319075345993042,9.659403562545776,12.305022239685059,False
-6.319075345993042,9.659403562545776,12.305022239685059,False
-6.319075345993042,9.659403562545776,12.305022239685059,False
-6.319075345993042,9.659403562545776,12.305022239685059,False
-6.319075345993042,9.659403562545776,12.305022239685059,False
-6.319075345993042,9.659403562545776,12.305022239685059,False
-6.319075345993042,9.659403562545776,12.305022239685059,False
-6.319075345993042,9.659403562545776,12.305022239685059,False
-6.319075345993042,9.659403562545776,12.305022239685059,False
-6.319075345993042,9.659403562545776,12.305022239685059,False
-6.319075345993042,9.659403562545776,12.305022239685059,False
-6.319075345993042,9.659403562545776,12.305022239685059,False
-6.319075345993042,9.659403562545776,12.305022239685059,False
-6.319075345993042,9.659403562545776,12.305022239685059,False
-6.319075345993042,9.659403562545776,12.305022239685059,False
-6.319075345993042,9.659403562545776,12.305022239685059,False
-6.319075345993042,9.659403562545776,12.305022239685059,False
-6.319075345993042,9.659403562545776,12.305022239685059,False
-6.319075345993042,9.659403562545776,12.305022239685059,False
-6.319075345993042,9.659403562545776,12.305022239685059,False
-6.319075345993042,9.659403562545776,12.305022239685059,False
-6.319075345993042,9.659403562545776,12.305022239685059,False
-6.319075345993042,9.659403562545776,12.305022239685059,False
-6.319075345993042,9.659403562545776,12.305022239685059,False
-6.319075345993042,9.659403562545776,12.305022239685059,False
-6.319075345993042,9.659403562545776,12.305022239685059,False
-6.319075345993042,9.659403562545776,12.305022239685059,False
-6.319075345993042,9.659403562545776,12.305022239685059,False
-6.319075345993042,9.659403562545776,12.305022239685059,False
-6.319075345993042,9.659403562545776,12.305022239685059,False
-6.319075345993042,9.659403562545776,12.305022239685059,False
-6.319075345993042,9.659403562545776,12.305022239685059,False
-6.319075345993042,9.659403562545776,12.305022239685059,False
-6.319075345993042,9.659403562545776,12.305022239685059,False
-6.319075345993042,9.659403562545776,12.305022239685059,False
-6.319075345993042,9.659403562545776,12.305022239685059,False
-6.319075345993042,9.659403562545776,12.305022239685059,False
-6.319075345993042,9.659403562545776,12.305022239685059,False
-6.319075345993042,9.659403562545776,12.305022239685059,False
-6.319075345993042,9.659403562545776,12.305022239685059,False
-6.319075345993042,9.659403562545776,12.305022239685059,False
-6.319075345993042,9.659403562545776,12.305022239685059,False
-6.319075345993042,9.659403562545776,12.305022239685059,False
-6.319075345993042,9.659403562545776,12.305022239685059,False
-6.319075345993042,9.659403562545776,12.305022239685059,False
-6.319075345993042,9.659403562545776,12.305022239685059,False
-6.319075345993042,9.659403562545776,12.305022239685059,False
-6.319075345993042,9.659403562545776,12.305022239685059,False
-6.319075345993042,9.659403562545776,12.305022239685059,False
-6.319075345993042,9.659403562545776,12.305022239685059,False
-6.319075345993042,9.659403562545776,12.305022239685059,False
-6.319075345993042,9.659403562545776,12.305022239685059,False
-6.319075345993042,9.659403562545776,12.305022239685059,False
-6.319075345993042,9.659403562545776,12.305022239685059,False
-6.319075345993042,9.659403562545776,12.305022239685059,False
-6.319075345993042,9.659403562545776,12.305022239685059,False
-6.319075345993042,9.659403562545776,12.305022239685059,False
-6.319075345993042,9.659403562545776,12.305022239685059,False
-6.319075345993042,9.659403562545776,12.305022239685059,False
-6.319075345993042,9.659403562545776,12.305022239685059,False
-6.319075345993042,9.659403562545776,12.305022239685059,False
-6.319075345993042,9.659403562545776,12.305022239685059,False
-6.319075345993042,9.659403562545776,12.305022239685059,False
-6.319075345993042,9.659403562545776,12.305022239685059,False
-6.319075345993042,9.659403562545776,12.305022239685059,False
-6.319075345993042,9.659403562545776,12.305022239685059,False
-6.319075345993042,9.659403562545776,12.305022239685059,False
-6.319075345993042,9.659403562545776,12.305022239685059,False
-6.319075345993042,9.659403562545776,12.305022239685059,False
-6.319075345993042,9.659403562545776,12.305022239685059,False
-6.319075345993042,9.659403562545776,12.305022239685059,False
-6.319075345993042,9.659403562545776,12.305022239685059,False
-6.319075345993042,9.659403562545776,12.305022239685059,False
-6.319075345993042,9.659403562545776,12.305022239685059,False
-6.319075345993042,9.659403562545776,12.305022239685059,False
-6.319075345993042,9.659403562545776,12.305022239685059,False
-6.319075345993042,9.659403562545776,12.305022239685059,False
-6.319075345993042,9.659403562545776,12.305022239685059,False
-6.319075345993042,9.659403562545776,12.305022239685059,False
-6.319075345993042,9.659403562545776,12.305022239685059,False
-6.319075345993042,9.659403562545776,12.305022239685059,False
-6.319075345993042,9.659403562545776,12.305022239685059,False
-6.319075345993042,9.659403562545776,12.305022239685059,False
-6.319075345993042,9.659403562545776,12.305022239685059,False
-6.319075345993042,9.659403562545776,12.305022239685059,False
-6.319075345993042,9.659403562545776,12.305022239685059,False
-6.319075345993042,9.659403562545776,12.305022239685059,False
-6.319075345993042,9.659403562545776,12.305022239685059,False
-6.319075345993042,9.659403562545776,12.305022239685059,False
-6.319075345993042,9.659403562545776,12.305022239685059,False
-6.319075345993042,9.659403562545776,12.305022239685059,False
-6.319075345993042,9.659403562545776,12.305022239685059,False
-6.319075345993042,9.659403562545776,12.305022239685059,False
-6.319075345993042,9.659403562545776,12.305022239685059,False
-6.319075345993042,9.659403562545776,12.305022239685059,False
-6.319075345993042,9.659403562545776,12.305022239685059,False
-6.319075345993042,9.659403562545776,12.305022239685059,False
-6.319075345993042,9.659403562545776,12.305022239685059,False
-6.319075345993042,9.659403562545776,12.305022239685059,False
-6.319075345993042,9.659403562545776,12.305022239685059,False
-6.319075345993042,9.659403562545776,12.305022239685059,False
-6.319075345993042,9.659403562545776,12.305022239685059,False
-6.319075345993042,9.659403562545776,12.305022239685059,False
-6.319075345993042,9.659403562545776,12.305022239685059,False
-6.319075345993042,9.659403562545776,12.305022239685059,False
-6.319075345993042,9.659403562545776,12.305022239685059,False
-6.319075345993042,9.659403562545776,12.305022239685059,False
-6.319075345993042,9.659403562545776,12.305022239685059,False
-6.319075345993042,9.659403562545776,12.305022239685059,False
-6.319075345993042,9.659403562545776,12.305022239685059,False
-6.319075345993042,9.659403562545776,12.305022239685059,False
-6.319075345993042,9.659403562545776,12.305022239685059,False
-6.319075345993042,9.659403562545776,12.305022239685059,False
-6.319075345993042,9.659403562545776,12.305022239685059,False
-6.319075345993042,9.659403562545776,12.305022239685059,False
-6.319075345993042,9.659403562545776,12.305022239685059,False
-6.319075345993042,9.659403562545776,12.305022239685059,False
-6.319075345993042,9.659403562545776,12.305022239685059,False
-6.319075345993042,9.659403562545776,12.305022239685059,False
-6.319075345993042,9.659403562545776,12.305022239685059,False
-6.319075345993042,9.659403562545776,12.305022239685059,False
-6.319075345993042,9.659403562545776,12.305022239685059,False
-6.319075345993042,9.659403562545776,12.305022239685059,False
-6.319075345993042,9.659403562545776,12.305022239685059,False
-6.319075345993042,9.659403562545776,12.305022239685059,False
-6.319075345993042,9.659403562545776,12.305022239685059,False
-6.319075345993042,9.659403562545776,12.305022239685059,False
-6.319075345993042,9.659403562545776,12.305022239685059,False
-6.319075345993042,9.659403562545776,12.305022239685059,False
-6.319075345993042,9.659403562545776,12.305022239685059,False
-6.319075345993042,9.659403562545776,12.305022239685059,False
-6.319075345993042,9.659403562545776,12.305022239685059,False
-6.319075345993042,9.659403562545776,12.305022239685059,False
-6.319075345993042,9.659403562545776,12.305022239685059,False
-6.319075345993042,9.659403562545776,12.305022239685059,False
-6.319075345993042,9.659403562545776,12.305022239685059,False
-6.319075345993042,9.659403562545776,12.305022239685059,False
-6.319075345993042,9.659403562545776,12.305022239685059,False
-6.319075345993042,9.659403562545776,12.305022239685059,False
-6.319075345993042,9.659403562545776,12.305022239685059,False
-6.319075345993042,9.659403562545776,12.305022239685059,False
-6.319075345993042,9.659403562545776,12.305022239685059,False
-6.319075345993042,9.659403562545776,12.305022239685059,False
-6.319075345993042,9.659403562545776,12.305022239685059,False
-6.319075345993042,9.659403562545776,12.305022239685059,False
-6.319075345993042,9.659403562545776,12.305022239685059,False
-6.319075345993042,9.659403562545776,12.305022239685059,False
-6.319075345993042,9.659403562545776,12.305022239685059,False
-6.319075345993042,9.659403562545776,12.305022239685059,False
-6.319075345993042,9.659403562545776,12.305022239685059,False
-6.319075345993042,9.659403562545776,12.305022239685059,False
-6.319075345993042,9.659403562545776,12.305022239685059,False
-6.319075345993042,9.659403562545776,12.305022239685059,False
-6.319075345993042,9.659403562545776,12.305022239685059,False
-6.319075345993042,9.659403562545776,12.305022239685059,False
-6.319075345993042,9.659403562545776,12.305022239685059,False
-6.319075345993042,9.659403562545776,12.305022239685059,False
-6.319075345993042,9.659403562545776,12.305022239685059,False
-6.319075345993042,9.659403562545776,12.305022239685059,False
-6.319075345993042,9.659403562545776,12.305022239685059,False
-6.319075345993042,9.659403562545776,12.305022239685059,False
-6.319075345993042,9.659403562545776,12.305022239685059,False
-6.319075345993042,9.659403562545776,12.305022239685059,False
-6.319075345993042,9.659403562545776,12.305022239685059,False
-6.319075345993042,9.659403562545776,12.305022239685059,False
-6.319075345993042,9.659403562545776,12.305022239685059,False
-6.319075345993042,9.659403562545776,12.305022239685059,False
-6.319075345993042,9.659403562545776,12.305022239685059,False
-6.319075345993042,9.659403562545776,12.305022239685059,False
-6.319075345993042,9.659403562545776,12.305022239685059,False
-6.319075345993042,9.659403562545776,12.305022239685059,False
-6.319075345993042,9.659403562545776,12.305022239685059,False
-6.319075345993042,9.659403562545776,12.305022239685059,False
-6.319075345993042,9.659403562545776,12.305022239685059,False
-6.319075345993042,9.659403562545776,12.305022239685059,False
-6.319075345993042,9.659403562545776,12.305022239685059,False
-6.319075345993042,9.659403562545776,12.305022239685059,False
-6.319075345993042,9.659403562545776,12.305022239685059,False
-6.319075345993042,9.659403562545776,12.305022239685059,False
-6.319075345993042,9.659403562545776,12.305022239685059,False
-6.319075345993042,9.659403562545776,12.305022239685059,False
-6.319075345993042,9.659403562545776,12.305022239685059,False
-6.319075345993042,9.659403562545776,12.305022239685059,False
-6.319075345993042,9.659403562545776,12.305022239685059,False
-6.319075345993042,9.659403562545776,12.305022239685059,False
-6.319075345993042,9.659403562545776,12.305022239685059,False
-6.319075345993042,9.659403562545776,12.305022239685059,False
-6.319075345993042,9.659403562545776,12.305022239685059,False
-6.319075345993042,9.659403562545776,12.305022239685059,False
-6.319075345993042,9.659403562545776,12.305022239685059,False
-6.319075345993042,9.659403562545776,12.305022239685059,False
-6.319075345993042,9.659403562545776,12.305022239685059,False
-6.319075345993042,9.659403562545776,12.305022239685059,False
-6.319075345993042,9.659403562545776,12.305022239685059,False
-6.319075345993042,9.659403562545776,12.305022239685059,False
-6.319075345993042,9.659403562545776,12.305022239685059,False
-6.319075345993042,9.659403562545776,12.305022239685059,False
-6.319075345993042,9.659403562545776,12.305022239685059,False
-6.319075345993042,9.659403562545776,12.305022239685059,False
-6.319075345993042,9.659403562545776,12.305022239685059,False
-6.319075345993042,9.659403562545776,12.305022239685059,False
-6.319075345993042,9.659403562545776,12.305022239685059,False
-6.319075345993042,9.659403562545776,12.305022239685059,False
-6.319075345993042,9.659403562545776,12.305022239685059,False
-6.319075345993042,9.659403562545776,12.305022239685059,False
-6.319075345993042,9.659403562545776,12.305022239685059,False
-6.319075345993042,9.659403562545776,12.305022239685059,False
-6.319075345993042,9.659403562545776,12.305022239685059,False
-6.319075345993042,9.659403562545776,12.305022239685059,False
-6.319075345993042,9.659403562545776,12.305022239685059,False
-6.319075345993042,9.659403562545776,12.305022239685059,False
-6.319075345993042,9.659403562545776,12.305022239685059,False
-6.319075345993042,9.659403562545776,12.305022239685059,False
-6.319075345993042,9.659403562545776,12.305022239685059,False
-6.319075345993042,9.659403562545776,12.305022239685059,False
-6.319075345993042,9.659403562545776,12.305022239685059,False
-6.319075345993042,9.659403562545776,12.305022239685059,False
-6.319075345993042,9.659403562545776,12.305022239685059,False
-6.319075345993042,9.659403562545776,12.305022239685059,False
-6.319075345993042,9.659403562545776,12.305022239685059,False
-6.319075345993042,9.659403562545776,12.305022239685059,False
-6.319075345993042,9.659403562545776,12.305022239685059,False
-6.319075345993042,9.659403562545776,12.305022239685059,False
-6.319075345993042,9.659403562545776,12.305022239685059,False
-6.319075345993042,9.659403562545776,12.305022239685059,False
-6.319075345993042,9.659403562545776,12.305022239685059,False
-6.319075345993042,9.659403562545776,12.305022239685059,False
-6.319075345993042,9.659403562545776,12.305022239685059,False
-6.319075345993042,9.659403562545776,12.305022239685059,False
-6.319075345993042,9.659403562545776,12.305022239685059,False
-6.319075345993042,9.659403562545776,12.305022239685059,False
-6.319075345993042,9.659403562545776,12.305022239685059,False
-6.319075345993042,9.659403562545776,12.305022239685059,False
-6.319075345993042,9.659403562545776,12.305022239685059,False
-6.319075345993042,9.659403562545776,12.305022239685059,False
-6.319075345993042,9.659403562545776,12.305022239685059,False
-6.319075345993042,9.659403562545776,12.305022239685059,False
-6.319075345993042,9.659403562545776,12.305022239685059,False
-6.319075345993042,9.659403562545776,12.305022239685059,False
-6.319075345993042,9.659403562545776,12.305022239685059,False
-6.319075345993042,9.659403562545776,12.305022239685059,False
-6.319075345993042,9.659403562545776,12.305022239685059,False
-6.319075345993042,9.659403562545776,12.305022239685059,False
-6.319075345993042,9.659403562545776,12.305022239685059,False
-6.319075345993042,9.659403562545776,12.305022239685059,False
-6.319075345993042,9.659403562545776,12.305022239685059,False
-6.319075345993042,9.659403562545776,12.305022239685059,False
-6.319075345993042,9.659403562545776,12.305022239685059,False
-6.319075345993042,9.659403562545776,12.305022239685059,False
-6.319075345993042,9.659403562545776,12.305022239685059,False
-6.319075345993042,9.659403562545776,12.305022239685059,False
-6.319075345993042,9.659403562545776,12.305022239685059,False
-6.319075345993042,9.659403562545776,12.305022239685059,False
-6.319075345993042,9.659403562545776,12.305022239685059,False
-6.319075345993042,9.659403562545776,12.305022239685059,False
-6.319075345993042,9.659403562545776,12.305022239685059,False
-6.319075345993042,9.659403562545776,12.305022239685059,False
-6.319075345993042,9.659403562545776,12.305022239685059,False
-6.319075345993042,9.659403562545776,12.305022239685059,False
-6.319075345993042,9.659403562545776,12.305022239685059,False
-6.319075345993042,9.659403562545776,12.305022239685059,False
-6.319075345993042,9.659403562545776,12.305022239685059,False
-6.319075345993042,9.659403562545776,12.305022239685059,False
-6.319075345993042,9.659403562545776,12.305022239685059,False
-6.319075345993042,9.659403562545776,12.305022239685059,False
-6.319075345993042,9.659403562545776,12.305022239685059,False
-6.319075345993042,9.659403562545776,12.305022239685059,False
-6.319075345993042,9.659403562545776,12.305022239685059,False
-6.319075345993042,9.659403562545776,12.305022239685059,False
-6.319075345993042,9.659403562545776,12.305022239685059,False
-6.319075345993042,9.659403562545776,12.305022239685059,False
-6.319075345993042,9.659403562545776,12.305022239685059,False
-6.319075345993042,9.659403562545776,12.305022239685059,False
-6.319075345993042,9.659403562545776,12.305022239685059,False
-6.319075345993042,9.659403562545776,12.305022239685059,False
-6.319075345993042,9.659403562545776,12.305022239685059,False
-6.319075345993042,9.659403562545776,12.305022239685059,False
-6.319075345993042,9.659403562545776,12.305022239685059,False
-6.319075345993042,9.659403562545776,12.305022239685059,False
-6.319075345993042,9.659403562545776,12.305022239685059,False
-6.319075345993042,9.659403562545776,12.305022239685059,False
-6.319075345993042,9.659403562545776,12.305022239685059,False
-6.319075345993042,9.659403562545776,12.305022239685059,False
-6.319075345993042,9.659403562545776,12.305022239685059,False
-6.319075345993042,9.659403562545776,12.305022239685059,False
-6.319075345993042,9.659403562545776,12.305022239685059,False
-6.319075345993042,9.659403562545776,12.305022239685059,False
-6.319075345993042,9.659403562545776,12.305022239685059,False
-6.319075345993042,9.659403562545776,12.305022239685059,False
-6.319075345993042,9.659403562545776,12.305022239685059,False
-6.319075345993042,9.659403562545776,12.305022239685059,False
-6.319075345993042,9.659403562545776,12.305022239685059,False
-6.319075345993042,9.659403562545776,12.305022239685059,False
-6.319075345993042,9.659403562545776,12.305022239685059,False
-6.319075345993042,9.659403562545776,12.305022239685059,False
-6.319075345993042,9.659403562545776,12.305022239685059,False
-6.319075345993042,9.659403562545776,12.305022239685059,False
-6.319075345993042,9.659403562545776,12.305022239685059,False
-6.319075345993042,9.659403562545776,12.305022239685059,False
-6.319075345993042,9.659403562545776,12.305022239685059,False
-6.319075345993042,9.659403562545776,12.305022239685059,False
-6.319075345993042,9.659403562545776,12.305022239685059,False
-6.319075345993042,9.659403562545776,12.305022239685059,False
-6.319075345993042,9.659403562545776,12.305022239685059,False
-6.319075345993042,9.659403562545776,12.305022239685059,False
-6.319075345993042,9.659403562545776,12.305022239685059,False
-6.319075345993042,9.659403562545776,12.305022239685059,False
-6.319075345993042,9.659403562545776,12.305022239685059,False
-6.319075345993042,9.659403562545776,12.305022239685059,False
-6.319075345993042,9.659403562545776,12.305022239685059,False
-6.319075345993042,9.659403562545776,12.305022239685059,False
-6.319075345993042,9.659403562545776,12.305022239685059,False
-6.319075345993042,9.659403562545776,12.305022239685059,False
-6.319075345993042,9.659403562545776,12.305022239685059,False
-6.319075345993042,9.659403562545776,12.305022239685059,False
-6.319075345993042,9.659403562545776,12.305022239685059,False
-6.319075345993042,9.659403562545776,12.305022239685059,False
-6.319075345993042,9.659403562545776,12.305022239685059,False
-6.319075345993042,9.659403562545776,12.305022239685059,False
-6.319075345993042,9.659403562545776,12.305022239685059,False
-6.319075345993042,9.659403562545776,12.305022239685059,False
-6.319075345993042,9.659403562545776,12.305022239685059,False
-6.319075345993042,9.659403562545776,12.305022239685059,False
-6.319075345993042,9.659403562545776,12.305022239685059,False
-6.319075345993042,9.659403562545776,12.305022239685059,False
-6.319075345993042,9.659403562545776,12.305022239685059,False
-6.319075345993042,9.659403562545776,12.305022239685059,False
-6.319075345993042,9.659403562545776,12.305022239685059,False
-6.319075345993042,9.659403562545776,12.305022239685059,False
-6.319075345993042,9.659403562545776,12.305022239685059,False
-6.319075345993042,9.659403562545776,12.305022239685059,False
-6.319075345993042,9.659403562545776,12.305022239685059,False
-6.319075345993042,9.659403562545776,12.305022239685059,False
-6.319075345993042,9.659403562545776,12.305022239685059,False
-6.319075345993042,9.659403562545776,12.305022239685059,False
-6.319075345993042,9.659403562545776,12.305022239685059,False
-6.319075345993042,9.659403562545776,12.305022239685059,False
-6.319075345993042,9.659403562545776,12.305022239685059,False
-6.319075345993042,9.659403562545776,12.305022239685059,False
-6.319075345993042,9.659403562545776,12.305022239685059,False
-6.319075345993042,9.659403562545776,12.305022239685059,False
-6.319075345993042,9.659403562545776,12.305022239685059,False
-6.319075345993042,9.659403562545776,12.305022239685059,False
-6.319075345993042,9.659403562545776,12.305022239685059,False
-6.319075345993042,9.659403562545776,12.305022239685059,False
-6.319075345993042,9.659403562545776,12.305022239685059,False
-6.319075345993042,9.659403562545776,12.305022239685059,False
-6.319075345993042,9.659403562545776,12.305022239685059,False
-6.319075345993042,9.659403562545776,12.305022239685059,False
-6.319075345993042,9.659403562545776,12.305022239685059,False
-6.319075345993042,9.659403562545776,12.305022239685059,False
-6.319075345993042,9.659403562545776,12.305022239685059,False
-6.319075345993042,9.659403562545776,12.305022239685059,False
-6.319075345993042,9.659403562545776,12.305022239685059,False
-6.319075345993042,9.659403562545776,12.305022239685059,False
-6.319075345993042,9.659403562545776,12.305022239685059,False
-6.319075345993042,9.659403562545776,12.305022239685059,False
-6.319075345993042,9.659403562545776,12.305022239685059,False
-6.319075345993042,9.659403562545776,12.305022239685059,False
-6.319075345993042,9.659403562545776,12.305022239685059,False
-6.319075345993042,9.659403562545776,12.305022239685059,False
-6.319075345993042,9.659403562545776,12.305022239685059,False
-6.319075345993042,9.659403562545776,12.305022239685059,False
-6.319075345993042,9.659403562545776,12.305022239685059,False
-6.319075345993042,9.659403562545776,12.305022239685059,False
-6.319075345993042,9.659403562545776,12.305022239685059,False
-6.319075345993042,9.659403562545776,12.305022239685059,False
-6.319075345993042,9.659403562545776,12.305022239685059,False
-6.319075345993042,9.659403562545776,12.305022239685059,False
-6.319075345993042,9.659403562545776,12.305022239685059,False
-6.319075345993042,9.659403562545776,12.305022239685059,False
-6.319075345993042,9.659403562545776,12.305022239685059,False
-6.319075345993042,9.659403562545776,12.305022239685059,False
-6.319075345993042,9.659403562545776,12.305022239685059,False
-6.319075345993042,9.659403562545776,12.305022239685059,False
-6.319075345993042,9.659403562545776,12.305022239685059,False
-6.319075345993042,9.659403562545776,12.305022239685059,False
-6.319075345993042,9.659403562545776,12.305022239685059,False
-6.319075345993042,9.659403562545776,12.305022239685059,False
-6.319075345993042,9.659403562545776,12.305022239685059,False
-6.319075345993042,9.659403562545776,12.305022239685059,False
-6.319075345993042,9.659403562545776,12.305022239685059,False
-6.319075345993042,9.659403562545776,12.305022239685059,False
-6.319075345993042,9.659403562545776,12.305022239685059,False
-6.319075345993042,9.659403562545776,12.305022239685059,False
-6.319075345993042,9.659403562545776,12.305022239685059,False
-6.319075345993042,9.659403562545776,12.305022239685059,False
-6.319075345993042,9.659403562545776,12.305022239685059,False
-6.319075345993042,9.659403562545776,12.305022239685059,False
-6.319075345993042,9.659403562545776,12.305022239685059,False
-6.319075345993042,9.659403562545776,12.305022239685059,False
-6.319075345993042,9.659403562545776,12.305022239685059,False
-6.319075345993042,9.659403562545776,12.305022239685059,False
-6.319075345993042,9.659403562545776,12.305022239685059,False
-6.319075345993042,9.659403562545776,12.305022239685059,False
-6.319075345993042,9.659403562545776,12.305022239685059,False
-6.319075345993042,9.659403562545776,12.305022239685059,False
-6.319075345993042,9.659403562545776,12.305022239685059,False
-6.319075345993042,9.659403562545776,12.305022239685059,False
-6.319075345993042,9.659403562545776,12.305022239685059,False
-6.319075345993042,9.659403562545776,12.305022239685059,False
-6.319075345993042,9.659403562545776,12.305022239685059,False
-6.319075345993042,9.659403562545776,12.305022239685059,False
-6.319075345993042,9.659403562545776,12.305022239685059,False
-6.319075345993042,9.659403562545776,12.305022239685059,False
-6.319075345993042,9.659403562545776,12.305022239685059,False
-6.319075345993042,9.659403562545776,12.305022239685059,False
-6.319075345993042,9.659403562545776,12.305022239685059,False
-6.319075345993042,9.659403562545776,12.305022239685059,False
-6.319075345993042,9.659403562545776,12.305022239685059,False
-6.319075345993042,9.659403562545776,12.305022239685059,False
-6.319075345993042,9.659403562545776,12.305022239685059,False
-6.319075345993042,9.659403562545776,12.305022239685059,False
-6.319075345993042,9.659403562545776,12.305022239685059,False
-6.319075345993042,9.659403562545776,12.305022239685059,False
-6.319075345993042,9.659403562545776,12.305022239685059,False
-6.319075345993042,9.659403562545776,12.305022239685059,False
-6.319075345993042,9.659403562545776,12.305022239685059,False
-6.319075345993042,9.659403562545776,12.305022239685059,False
-6.319075345993042,9.659403562545776,12.305022239685059,False
-6.319075345993042,9.659403562545776,12.305022239685059,False
-6.319075345993042,9.659403562545776,12.305022239685059,False
-6.319075345993042,9.659403562545776,12.305022239685059,False
-6.319075345993042,9.659403562545776,12.305022239685059,False
-6.319075345993042,9.659403562545776,12.305022239685059,False
-6.319075345993042,9.659403562545776,12.305022239685059,False
-6.319075345993042,9.659403562545776,12.305022239685059,False
-6.319075345993042,9.659403562545776,12.305022239685059,False
-6.319075345993042,9.659403562545776,12.305022239685059,False
-6.319075345993042,9.659403562545776,12.305022239685059,False
-6.319075345993042,9.659403562545776,12.305022239685059,False
-6.319075345993042,9.659403562545776,12.305022239685059,False
-6.319075345993042,9.659403562545776,12.305022239685059,False
-6.319075345993042,9.659403562545776,12.305022239685059,False
-6.319075345993042,9.659403562545776,12.305022239685059,False
-6.319075345993042,9.659403562545776,12.305022239685059,False
-6.319075345993042,9.659403562545776,12.305022239685059,False
-6.319075345993042,9.659403562545776,12.305022239685059,False
-6.319075345993042,9.659403562545776,12.305022239685059,False
-6.319075345993042,9.659403562545776,12.305022239685059,False
-6.319075345993042,9.659403562545776,12.305022239685059,False
-6.319075345993042,9.659403562545776,12.305022239685059,False
-6.319075345993042,9.659403562545776,12.305022239685059,False
-6.319075345993042,9.659403562545776,12.305022239685059,False
-6.319075345993042,9.659403562545776,12.305022239685059,False
-6.319075345993042,9.659403562545776,12.305022239685059,False
-6.319075345993042,9.659403562545776,12.305022239685059,False
-6.319075345993042,9.659403562545776,12.305022239685059,False
-6.319075345993042,9.659403562545776,12.305022239685059,False
-6.319075345993042,9.659403562545776,12.305022239685059,False
-6.319075345993042,9.659403562545776,12.305022239685059,False
-6.319075345993042,9.659403562545776,12.305022239685059,False
-6.319075345993042,9.659403562545776,12.305022239685059,False
-6.319075345993042,9.659403562545776,12.305022239685059,False
-6.319075345993042,9.659403562545776,12.305022239685059,False
-6.319075345993042,9.659403562545776,12.305022239685059,False
-6.319075345993042,9.659403562545776,12.305022239685059,False
-6.319075345993042,9.659403562545776,12.305022239685059,False
-6.319075345993042,9.659403562545776,12.305022239685059,False
-6.319075345993042,9.659403562545776,12.305022239685059,False
-6.319075345993042,9.659403562545776,12.305022239685059,False
-6.319075345993042,9.659403562545776,12.305022239685059,False
-6.319075345993042,9.659403562545776,12.305022239685059,False
-6.319075345993042,9.659403562545776,12.305022239685059,False
-6.319075345993042,9.659403562545776,12.305022239685059,False
-6.319075345993042,9.659403562545776,12.305022239685059,False
-6.319075345993042,9.659403562545776,12.305022239685059,False
-6.319075345993042,9.659403562545776,12.305022239685059,False
-6.319075345993042,9.659403562545776,12.305022239685059,False
-6.319075345993042,9.659403562545776,12.305022239685059,False
-6.319075345993042,9.659403562545776,12.305022239685059,False
-6.319075345993042,9.659403562545776,12.305022239685059,False
-6.319075345993042,9.659403562545776,12.305022239685059,False
-6.319075345993042,9.659403562545776,12.305022239685059,False
-6.319075345993042,9.659403562545776,12.305022239685059,False
-6.319075345993042,9.659403562545776,12.305022239685059,False
-6.319075345993042,9.659403562545776,12.305022239685059,False
-6.319075345993042,9.659403562545776,12.305022239685059,False
-6.319075345993042,9.659403562545776,12.305022239685059,False
-6.319075345993042,9.659403562545776,12.305022239685059,False
-6.319075345993042,9.659403562545776,12.305022239685059,False
-6.319075345993042,9.659403562545776,12.305022239685059,False
-6.319075345993042,9.659403562545776,12.305022239685059,False
-6.319075345993042,9.659403562545776,12.305022239685059,False
-6.319075345993042,9.659403562545776,12.305022239685059,False
-6.319075345993042,9.659403562545776,12.305022239685059,False
-6.319075345993042,9.659403562545776,12.305022239685059,False
-6.319075345993042,9.659403562545776,12.305022239685059,False
-6.319075345993042,9.659403562545776,12.305022239685059,False
-6.319075345993042,9.659403562545776,12.305022239685059,False
-6.319075345993042,9.659403562545776,12.305022239685059,False
-6.319075345993042,9.659403562545776,12.305022239685059,False
-6.319075345993042,9.659403562545776,12.305022239685059,False
-6.319075345993042,9.659403562545776,12.305022239685059,False
-6.319075345993042,9.659403562545776,12.305022239685059,False
-6.319075345993042,9.659403562545776,12.305022239685059,False
-6.319075345993042,9.659403562545776,12.305022239685059,False
-6.319075345993042,9.659403562545776,12.305022239685059,False
-6.319075345993042,9.659403562545776,12.305022239685059,False
-6.319075345993042,9.659403562545776,12.305022239685059,False
-6.319075345993042,9.659403562545776,12.305022239685059,False
-6.319075345993042,9.659403562545776,12.305022239685059,False
-6.319075345993042,9.659403562545776,12.305022239685059,False
-6.319075345993042,9.659403562545776,12.305022239685059,False
-6.319075345993042,9.659403562545776,12.305022239685059,False
-6.319075345993042,9.659403562545776,12.305022239685059,False
-6.319075345993042,9.659403562545776,12.305022239685059,False
-6.319075345993042,9.659403562545776,12.305022239685059,False
-6.319075345993042,9.659403562545776,12.305022239685059,False
-6.319075345993042,9.659403562545776,12.305022239685059,False
-6.319075345993042,9.659403562545776,12.305022239685059,False
-6.319075345993042,9.659403562545776,12.305022239685059,False
-6.319075345993042,9.659403562545776,12.305022239685059,False
-6.319075345993042,9.659403562545776,12.305022239685059,False
-6.319075345993042,9.659403562545776,12.305022239685059,False
-6.319075345993042,9.659403562545776,12.305022239685059,False
-6.319075345993042,9.659403562545776,12.305022239685059,False
-6.319075345993042,9.659403562545776,12.305022239685059,False
-6.319075345993042,9.659403562545776,12.305022239685059,False
-6.319075345993042,9.659403562545776,12.305022239685059,False
-6.319075345993042,9.659403562545776,12.305022239685059,False
-6.319075345993042,9.659403562545776,12.305022239685059,False
-6.319075345993042,9.659403562545776,12.305022239685059,False
-6.319075345993042,9.659403562545776,12.305022239685059,False
-6.319075345993042,9.659403562545776,12.305022239685059,False
-6.319075345993042,9.659403562545776,12.305022239685059,False
-6.319075345993042,9.659403562545776,12.305022239685059,False
-6.319075345993042,9.659403562545776,12.305022239685059,False
-6.319075345993042,9.659403562545776,12.305022239685059,False
-6.319075345993042,9.659403562545776,12.305022239685059,False
-6.319075345993042,9.659403562545776,12.305022239685059,False
-6.319075345993042,9.659403562545776,12.305022239685059,False
-6.319075345993042,9.659403562545776,12.305022239685059,False
-6.319075345993042,9.659403562545776,12.305022239685059,False
-6.319075345993042,9.659403562545776,12.305022239685059,False
-6.319075345993042,9.659403562545776,12.305022239685059,False
-6.319075345993042,9.659403562545776,12.305022239685059,False
-6.319075345993042,9.659403562545776,12.305022239685059,False
-6.319075345993042,9.659403562545776,12.305022239685059,False
-6.319075345993042,9.659403562545776,12.305022239685059,False
-6.319075345993042,9.659403562545776,12.305022239685059,False
-6.319075345993042,9.659403562545776,12.305022239685059,False
-6.319075345993042,9.659403562545776,12.305022239685059,False
-6.319075345993042,9.659403562545776,12.305022239685059,False
-6.319075345993042,9.659403562545776,12.305022239685059,False
-6.319075345993042,9.659403562545776,12.305022239685059,False
-6.319075345993042,9.659403562545776,12.305022239685059,False
-6.319075345993042,9.659403562545776,12.305022239685059,False
-6.319075345993042,9.659403562545776,12.305022239685059,False
-6.319075345993042,9.659403562545776,12.305022239685059,False
-6.319075345993042,9.659403562545776,12.305022239685059,False
-6.319075345993042,9.659403562545776,12.305022239685059,False
-6.319075345993042,9.659403562545776,12.305022239685059,False
-6.319075345993042,9.659403562545776,12.305022239685059,False
-6.319075345993042,9.659403562545776,12.305022239685059,False
-6.319075345993042,9.659403562545776,12.305022239685059,False
-6.319075345993042,9.659403562545776,12.305022239685059,False
-6.319075345993042,9.659403562545776,12.305022239685059,False
-6.319075345993042,9.659403562545776,12.305022239685059,False
-6.319075345993042,9.659403562545776,12.305022239685059,False
-6.319075345993042,9.659403562545776,12.305022239685059,False
-6.319075345993042,9.659403562545776,12.305022239685059,False
-6.319075345993042,9.659403562545776,12.305022239685059,False
-6.319075345993042,9.659403562545776,12.305022239685059,False
-6.319075345993042,9.659403562545776,12.305022239685059,False
-6.319075345993042,9.659403562545776,12.305022239685059,False
-6.319075345993042,9.659403562545776,12.305022239685059,False
-6.319075345993042,9.659403562545776,12.305022239685059,False
-6.319075345993042,9.659403562545776,12.305022239685059,False
-6.319075345993042,9.659403562545776,12.305022239685059,False
-6.319075345993042,9.659403562545776,12.305022239685059,False
